CustomerID,Country,JoinDate,Recency,Frequency,Monetary,AvgOrderValue,ChurnLabel,TotalItems,UniqueProducts,TotalOrders,FirstOrderDate,LastOrderDate,CustomerLifespanDays,Region,AvgQuantityPerOrder,AvgPricePerItem
12346,United Kingdom,2009-12-14,326,12,77556.46,6463.04,1,74285.0,27,12,2009-12-14,2011-01-18,400,Europe,6190.42,1.04
12347,Iceland,2010-10-31,3,8,4921.53,615.19,0,2967.0,126,8,2010-10-31,2011-12-07,402,Europe,370.88,1.66
12348,Finland,2010-09-27,76,5,2019.4,403.88,0,2714.0,25,5,2010-09-27,2011-09-25,363,Europe,542.8,0.74
12349,Italy,2010-04-29,19,4,4428.69,1107.17,0,1624.0,138,4,2010-04-29,2011-11-21,571,Europe,406.0,2.73
12350,Norway,2011-02-02,311,1,334.4,334.4,1,197.0,17,1,2011-02-02,2011-02-02,0,Europe,197.0,1.7
12351,Unspecified,2010-11-29,376,1,300.93,300.93,1,261.0,21,1,2010-11-29,2010-11-29,0,Other,261.0,1.15
12352,Norway,2010-11-12,37,10,2849.84,284.98,0,724.0,70,10,2010-11-12,2011-11-03,356,Europe,72.4,3.94
12353,Bahrain,2010-10-27,205,2,406.76,203.38,1,212.0,23,2,2010-10-27,2011-05-19,204,Middle East,106.0,1.92
12354,Spain,2011-04-21,233,1,1079.4,1079.4,1,530.0,58,1,2011-04-21,2011-04-21,0,Europe,530.0,2.04
12355,Bahrain,2010-05-21,215,2,947.61,473.81,1,543.0,35,2,2010-05-21,2011-05-09,353,Middle East,271.5,1.75
12356,Portugal,2010-10-11,23,6,6371.73,1061.96,0,3416.0,104,6,2010-10-11,2011-11-17,402,Europe,569.33,1.87
12357,Switzerland,2010-11-16,34,3,18287.66,6095.89,0,6587.0,261,3,2010-11-16,2011-11-06,355,Europe,2195.67,2.78
12358,Austria,2009-12-08,2,5,3887.07,777.41,0,1079.0,56,5,2009-12-08,2011-12-08,730,Europe,215.8,3.6
12359,Cyprus,2009-12-05,58,10,8873.39,887.34,0,2739.0,305,10,2009-12-05,2011-10-13,677,Europe,273.9,3.24
12360,Austria,2010-02-22,53,8,4252.89,531.61,0,2459.0,160,8,2010-02-22,2011-10-18,603,Europe,307.38,1.73
12361,Belgium,2010-01-26,288,4,511.25,127.81,1,235.0,18,4,2010-01-26,2011-02-25,395,Europe,58.75,2.18
12362,Belgium,2009-12-01,4,11,5356.23,486.93,0,2230.0,201,11,2009-12-01,2011-12-06,735,Europe,202.73,2.4
12363,Unspecified,2011-04-11,110,2,552.0,276.0,1,408.0,23,2,2011-04-11,2011-08-22,133,Other,204.0,1.35
12364,Belgium,2011-08-19,8,4,1313.1,328.28,0,1506.0,70,4,2011-08-19,2011-12-02,105,Europe,376.5,0.87
12365,Cyprus,2011-02-21,292,2,641.38,320.69,1,174.0,22,2,2011-02-21,2011-02-21,0,Europe,87.0,3.69
12366,Cyprus,2010-03-16,634,1,500.24,500.24,1,296.0,3,1,2010-03-16,2010-03-16,0,Europe,296.0,1.69
12367,Denmark,2011-12-05,5,1,168.9,168.9,0,173.0,11,1,2011-12-05,2011-12-05,0,Europe,173.0,0.98
12368,Cyprus,2010-03-21,629,1,917.7,917.7,1,330.0,18,1,2010-03-21,2010-03-21,0,Europe,330.0,2.78
12369,Austria,2010-03-08,414,3,1791.15,597.05,1,1241.0,90,3,2010-03-08,2010-10-22,228,Europe,413.67,1.44
12370,Cyprus,2010-02-09,52,7,4316.56,616.65,0,2604.0,168,7,2010-02-09,2011-10-19,617,Europe,372.0,1.66
12371,Switzerland,2010-03-04,45,5,4067.38,813.48,0,1436.0,134,5,2010-03-04,2011-10-26,601,Europe,287.2,2.83
12372,Denmark,2011-02-16,72,3,1298.04,432.68,0,794.0,34,3,2011-02-16,2011-09-29,225,Europe,264.67,1.63
12373,Austria,2010-02-04,312,3,1127.65,375.88,1,516.0,36,3,2010-02-04,2011-02-01,362,Europe,172.0,2.19
12374,Austria,2010-04-30,26,4,2989.22,747.31,0,1362.0,79,4,2010-04-30,2011-11-14,563,Europe,340.5,2.19
12375,Finland,2011-09-02,11,2,457.5,228.75,0,178.0,14,2,2011-09-02,2011-11-29,88,Europe,89.0,2.57
12376,Switzerland,2010-10-18,390,2,503.15,251.58,1,240.0,11,2,2010-10-18,2010-11-15,28,Europe,120.0,2.1
12377,Switzerland,2010-04-29,316,4,3426.32,856.58,1,2105.0,129,4,2010-04-29,2011-01-28,274,Europe,526.25,1.63
12378,Switzerland,2010-05-26,130,2,5416.32,2708.16,1,3316.0,281,2,2010-05-26,2011-08-02,433,Europe,1658.0,1.63
12379,Belgium,2010-06-23,82,4,1620.22,405.06,0,815.0,58,4,2010-06-23,2011-09-19,453,Europe,203.75,1.99
12380,Belgium,2010-02-15,22,11,9676.3,879.66,0,3355.0,156,11,2010-02-15,2011-11-18,641,Europe,305.0,2.88
12381,Norway,2011-08-12,5,5,1845.31,369.06,0,808.0,70,5,2011-08-12,2011-12-05,115,Europe,161.6,2.28
12383,Belgium,2010-12-22,185,5,1850.56,370.11,1,1532.0,84,5,2010-12-22,2011-06-08,168,Europe,306.4,1.21
12384,Switzerland,2011-08-10,29,2,585.27,292.64,0,126.0,26,2,2011-08-10,2011-11-11,93,Europe,63.0,4.65
12385,Belgium,2010-11-25,380,1,1938.4,1938.4,1,612.0,65,1,2010-11-25,2010-11-25,0,Europe,612.0,3.17
12386,Australia,2010-12-08,338,2,401.9,200.95,1,354.0,10,2,2010-12-08,2011-01-06,29,Oceania,177.0,1.14
12387,Australia,2010-10-20,416,1,143.94,143.94,1,134.0,9,1,2010-10-20,2010-10-20,0,Oceania,134.0,1.07
12388,Australia,2010-05-06,16,8,3901.11,487.64,0,2001.0,83,8,2010-05-06,2011-11-24,567,Oceania,250.13,1.95
12389,Australia,2010-02-22,403,3,1433.33,477.78,1,614.0,41,3,2010-02-22,2010-11-02,253,Oceania,204.67,2.33
12390,Belgium,2011-09-21,80,1,549.84,549.84,0,353.0,32,1,2011-09-21,2011-09-21,0,Europe,353.0,1.56
12391,Cyprus,2010-02-15,22,6,2724.84,454.14,0,1204.0,241,6,2010-02-15,2011-11-18,641,Europe,200.67,2.26
12392,Australia,2010-04-27,592,1,234.75,234.75,1,73.0,7,1,2010-04-27,2010-04-27,0,Oceania,73.0,3.22
12393,Australia,2010-10-07,73,6,2399.45,399.91,0,1311.0,63,6,2010-10-07,2011-09-28,356,Oceania,218.5,1.83
12394,Belgium,2011-05-06,64,2,1272.48,636.24,0,819.0,26,2,2011-05-06,2011-10-07,154,Europe,409.5,1.55
12395,Belgium,2010-04-16,20,15,4721.17,314.74,0,3205.0,145,15,2010-04-16,2011-11-20,583,Europe,213.67,1.47
12396,RSA,2010-02-03,675,1,931.43,931.43,1,591.0,65,1,2010-02-03,2010-02-03,0,Africa,591.0,1.58
12397,Belgium,2011-07-27,36,2,2409.9,1204.95,0,1263.0,110,2,2011-07-27,2011-11-04,100,Europe,631.5,1.91
12398,Switzerland,2011-10-25,46,1,1635.66,1635.66,0,1394.0,85,1,2011-10-25,2011-10-25,0,Europe,1394.0,1.17
12399,Belgium,2010-03-05,120,7,1962.3,280.33,0,2198.0,67,7,2010-03-05,2011-08-12,525,Europe,314.0,0.89
12400,Australia,2010-10-21,415,1,205.25,205.25,1,91.0,11,1,2010-10-21,2010-10-21,0,Oceania,91.0,2.26
12401,Belgium,2011-02-09,304,1,84.3,84.3,1,11.0,5,1,2011-02-09,2011-02-09,0,Europe,11.0,7.66
12402,Belgium,2010-02-07,324,6,1256.9,209.48,1,584.0,43,6,2010-02-07,2011-01-20,347,Europe,97.33,2.15
12403,Denmark,2010-07-06,50,2,1019.36,509.68,0,260.0,5,2,2010-07-06,2011-10-21,472,Europe,130.0,3.92
12404,Finland,2010-01-26,683,1,63.24,63.24,1,1.0,1,1,2010-01-26,2010-01-26,0,Europe,1.0,63.24
12405,Finland,2011-07-14,149,1,1710.39,1710.39,1,857.0,54,1,2011-07-14,2011-07-14,0,Europe,857.0,2.0
12406,Denmark,2010-01-11,23,5,6390.36,1278.07,0,3416.0,114,5,2010-01-11,2011-11-17,675,Europe,683.2,1.87
12407,Belgium,2011-03-20,50,5,1708.12,341.62,0,1416.0,57,5,2011-03-20,2011-10-21,215,Europe,283.2,1.21
12408,Belgium,2010-07-29,33,8,4340.77,542.6,0,2229.0,104,8,2010-07-29,2011-11-07,466,Europe,278.63,1.95
12409,Switzerland,2010-05-23,79,7,23419.29,3345.61,0,13143.0,177,7,2010-05-23,2011-09-22,487,Europe,1877.57,1.78
12410,Switzerland,2010-07-25,309,3,1013.71,337.9,1,341.0,36,3,2010-07-25,2011-02-04,194,Europe,113.67,2.97
12411,Australia,2010-10-26,410,1,346.9,346.9,1,138.0,22,1,2010-10-26,2010-10-26,0,Oceania,138.0,2.51
12412,Denmark,2010-06-18,75,6,2596.93,432.82,0,1997.0,82,6,2010-06-18,2011-09-26,465,Europe,332.83,1.3
12413,France,2010-11-02,67,4,999.45,249.86,0,319.0,41,4,2010-11-02,2011-10-04,336,Europe,79.75,3.13
12414,Austria,2010-09-02,218,6,952.41,158.74,1,495.0,21,6,2010-09-02,2011-05-06,246,Europe,82.5,1.92
12415,Australia,2010-06-30,25,28,144458.37,5159.23,0,91447.0,498,28,2010-06-30,2011-11-15,503,Oceania,3265.96,1.58
12416,Australia,2010-02-21,657,1,202.56,202.56,1,132.0,11,1,2010-02-21,2010-02-21,0,Oceania,132.0,1.53
12417,Belgium,2009-12-06,4,20,6797.41,339.87,0,2884.0,270,20,2009-12-06,2011-12-06,730,Europe,144.2,2.36
12418,Switzerland,2010-03-19,113,4,2021.2,505.3,0,1088.0,90,4,2010-03-19,2011-08-19,518,Europe,272.0,1.86
12419,Spain,2010-10-22,386,2,503.01,251.51,1,231.0,23,2,2010-10-22,2010-11-19,28,Europe,115.5,2.18
12420,Cyprus,2011-10-07,64,1,600.39,600.39,0,345.0,29,1,2011-10-07,2011-10-07,0,Europe,345.0,1.74
12421,Spain,2010-07-22,16,6,1098.6,183.1,0,652.0,44,6,2010-07-22,2011-11-24,490,Europe,108.67,1.68
12422,Switzerland,2009-12-18,96,17,5231.8,307.75,0,2596.0,137,17,2009-12-18,2011-09-05,626,Europe,152.71,2.02
12423,Belgium,2010-08-31,1,10,2622.39,262.24,0,1793.0,128,10,2010-08-31,2011-12-09,465,Europe,179.3,1.46
12424,Australia,2010-06-09,163,4,3340.03,835.01,0,2025.0,78,4,2010-06-09,2011-06-30,386,Oceania,506.25,1.65
12425,Portugal,2010-09-17,79,2,1741.41,870.71,0,1147.0,87,2,2010-09-17,2011-09-22,370,Europe,573.5,1.52
12426,Germany,2010-02-15,195,2,1345.21,672.61,1,584.0,73,2,2010-02-15,2011-05-29,468,Europe,292.0,2.3
12427,Germany,2010-12-03,22,3,825.8,275.27,0,533.0,26,3,2010-12-03,2011-11-18,350,Europe,177.67,1.55
12428,Finland,2011-03-01,26,9,7956.46,884.05,0,3536.0,258,9,2011-03-01,2011-11-14,258,Europe,392.89,2.25
12429,Denmark,2010-06-11,10,8,6204.41,775.55,0,2890.0,124,8,2010-06-11,2011-11-30,537,Europe,361.25,2.15
12430,Norway,2011-10-27,44,1,256.4,256.4,0,117.0,11,1,2011-10-27,2011-10-27,0,Europe,117.0,2.19
12431,Australia,2010-01-15,36,27,10432.22,386.38,0,4600.0,244,27,2010-01-15,2011-11-04,658,Oceania,170.37,2.27
12432,Norway,2011-06-20,43,5,5059.32,1011.86,0,1801.0,107,5,2011-06-20,2011-10-28,130,Europe,360.2,2.81
12433,Norway,2010-08-20,1,10,16794.14,1679.41,0,13534.0,285,10,2010-08-20,2011-12-09,476,Europe,1353.4,1.24
12434,Australia,2010-11-23,85,3,1103.43,367.81,0,532.0,62,3,2010-11-23,2011-09-16,297,Oceania,177.33,2.07
12435,Denmark,2009-12-02,80,6,13925.93,2320.99,0,4958.0,88,6,2009-12-02,2011-09-21,658,Europe,826.33,2.81
12436,Norway,2011-09-01,100,1,509.01,509.01,1,211.0,16,1,2011-09-01,2011-09-01,0,Europe,211.0,2.41
12437,France,2009-12-02,2,39,12683.4,325.22,0,8000.0,273,39,2009-12-02,2011-12-08,736,Europe,205.13,1.59
12438,Norway,2011-07-22,15,2,2906.85,1453.43,0,1180.0,84,2,2011-07-22,2011-11-25,126,Europe,590.0,2.46
12439,Cyprus,2009-12-14,683,2,1142.88,571.44,1,478.0,69,2,2009-12-14,2010-01-26,43,Europe,239.0,2.39
12440,Austria,2009-12-22,463,2,859.2,429.6,1,331.0,21,2,2009-12-22,2010-09-03,255,Europe,165.5,2.6
12441,France,2010-12-08,367,1,173.55,173.55,1,121.0,11,1,2010-12-08,2010-12-08,0,Europe,121.0,1.43
12442,Spain,2011-12-06,4,1,172.06,172.06,0,182.0,12,1,2011-12-06,2011-12-06,0,Europe,182.0,0.95
12443,Norway,2009-12-07,733,1,485.31,485.31,1,182.0,21,1,2009-12-07,2009-12-07,0,Europe,182.0,2.67
12444,Norway,2011-06-21,22,5,5005.46,1001.09,0,1153.0,138,5,2011-06-21,2011-11-18,150,Europe,230.6,4.34
12445,Spain,2010-10-15,23,2,434.98,217.49,0,206.0,24,2,2010-10-15,2011-11-17,398,Europe,103.0,2.11
12446,RSA,2011-10-13,58,1,1002.31,1002.31,0,351.0,57,1,2011-10-13,2011-10-13,0,Africa,351.0,2.86
12447,Belgium,2011-04-10,244,1,476.49,476.49,1,190.0,26,1,2011-04-10,2011-04-10,0,Europe,190.0,2.51
12448,Spain,2011-10-26,45,1,449.45,449.45,0,243.0,22,1,2011-10-26,2011-10-26,0,Europe,243.0,1.85
12449,Belgium,2010-09-27,23,6,4835.89,805.98,0,2282.0,125,6,2010-09-27,2011-11-17,416,Europe,380.33,2.12
12450,Spain,2010-08-22,157,5,688.2,137.64,0,442.0,31,5,2010-08-22,2011-07-06,318,Europe,88.4,1.56
12451,Switzerland,2010-06-28,11,8,12669.88,1583.74,0,9359.0,352,8,2010-06-28,2011-11-29,519,Europe,1169.88,1.35
12452,Switzerland,2011-11-23,17,2,430.57,215.29,0,185.0,21,2,2011-11-23,2011-11-23,0,Europe,92.5,2.33
12453,Austria,2011-07-28,135,1,707.09,707.09,1,473.0,43,1,2011-07-28,2011-07-28,0,Europe,473.0,1.49
12454,Spain,2010-10-14,57,5,16679.78,3335.96,0,7703.0,24,5,2010-10-14,2011-10-14,365,Europe,1540.6,2.17
12455,Cyprus,2009-12-18,74,10,5879.95,588.0,0,3302.0,199,10,2009-12-18,2011-09-27,648,Europe,330.2,1.78
12456,Switzerland,2011-03-30,45,3,3181.04,1060.35,0,1633.0,105,3,2011-03-30,2011-10-26,210,Europe,544.33,1.95
12457,Switzerland,2010-09-30,67,8,2995.91,374.49,0,1094.0,63,8,2010-09-30,2011-10-04,369,Europe,136.75,2.74
12458,Switzerland,2010-08-09,72,4,1777.49,444.37,0,986.0,71,4,2010-08-09,2011-09-29,416,Europe,246.5,1.8
12459,Spain,2010-04-13,606,1,454.36,454.36,1,258.0,23,1,2010-04-13,2010-04-13,0,Europe,258.0,1.76
12460,Belgium,2010-09-09,457,1,326.65,326.65,1,170.0,18,1,2010-09-09,2010-09-09,0,Europe,170.0,1.92
12461,Switzerland,2011-07-08,95,2,826.88,413.44,1,287.0,35,2,2011-07-08,2011-09-06,60,Europe,143.5,2.88
12462,Spain,2011-02-09,19,2,1189.59,594.8,0,536.0,51,2,2011-02-09,2011-11-21,285,Europe,268.0,2.22
12463,Belgium,2011-04-12,54,4,1344.78,336.2,0,776.0,65,4,2011-04-12,2011-10-17,188,Europe,194.0,1.73
12464,Belgium,2011-02-03,11,8,1212.05,151.51,0,112.0,6,8,2011-02-03,2011-11-29,299,Europe,14.0,10.82
12465,Belgium,2011-06-23,18,2,742.19,371.1,0,479.0,46,2,2011-06-23,2011-11-22,152,Europe,239.5,1.55
12466,France,2010-01-26,683,1,56.73,56.73,1,1.0,1,1,2010-01-26,2010-01-26,0,Europe,1.0,56.73
12467,USA,2010-10-12,424,1,132.8,132.8,1,129.0,9,1,2010-10-12,2010-10-12,0,North America,129.0,1.03
12468,Germany,2010-01-26,188,5,3670.74,734.15,1,2201.0,127,5,2010-01-26,2011-06-05,495,Europe,440.2,1.67
12469,Thailand,2010-06-21,523,2,3070.54,1535.27,1,2552.0,76,2,2010-06-21,2010-07-05,14,Other,1276.0,1.2
12470,Unspecified,2010-01-19,690,1,211.95,211.95,1,95.0,23,1,2010-01-19,2010-01-19,0,Other,95.0,2.23
12471,Germany,2009-12-07,3,79,39918.19,505.29,0,16858.0,255,79,2009-12-07,2011-12-07,730,Europe,213.39,2.37
12472,Germany,2009-12-14,33,19,16249.29,855.23,0,10378.0,397,19,2009-12-14,2011-11-07,693,Europe,546.21,1.57
12473,Germany,2011-06-01,30,5,3928.05,785.61,0,2414.0,140,5,2011-06-01,2011-11-10,162,Europe,482.8,1.63
12474,Germany,2010-02-11,18,31,12372.75,399.12,0,7940.0,369,31,2010-02-11,2011-11-22,649,Europe,256.13,1.56
12475,Germany,2010-10-26,54,2,1149.64,574.82,0,771.0,54,2,2010-10-26,2011-10-17,356,Europe,385.5,1.49
12476,Germany,2010-07-26,16,23,14083.91,612.34,0,5631.0,358,23,2010-07-26,2011-11-24,486,Europe,244.83,2.5
12477,Germany,2010-03-26,23,9,20276.37,2252.93,0,6119.0,295,9,2010-03-26,2011-11-17,601,Europe,679.89,3.31
12478,Greece,2011-12-06,4,1,680.99,680.99,0,236.0,36,1,2011-12-06,2011-12-06,0,Europe,236.0,2.89
12479,Germany,2011-11-28,12,1,527.2,527.2,0,385.0,31,1,2011-11-28,2011-11-28,0,Europe,385.0,1.37
12480,Germany,2010-07-20,29,7,5464.85,780.69,0,2952.0,177,7,2010-07-20,2011-11-11,479,Europe,421.71,1.85
12481,Germany,2010-04-11,23,15,12185.51,812.37,0,7158.0,248,15,2010-04-11,2011-11-17,585,Europe,477.2,1.7
12482,Sweden,2010-02-24,577,29,23691.4,816.94,1,27042.0,42,29,2010-02-24,2010-05-12,77,Europe,932.48,0.88
12483,Sweden,2010-01-31,18,19,5097.18,268.27,0,2160.0,68,19,2010-01-31,2011-11-22,660,Europe,113.68,2.36
12484,Spain,2010-01-27,33,12,6354.1,529.51,0,3266.0,329,12,2010-01-27,2011-11-07,649,Europe,272.17,1.95
12485,Sweden,2010-06-28,530,1,708.1,708.1,1,414.0,34,1,2010-06-28,2010-06-28,0,Europe,414.0,1.71
12486,Sweden,2010-10-04,432,1,1037.28,1037.28,1,523.0,49,1,2010-10-04,2010-10-04,0,Europe,523.0,1.98
12487,Sweden,2009-12-09,731,1,285.3,285.3,1,174.0,2,1,2009-12-09,2009-12-09,0,Europe,174.0,1.64
12488,France,2011-09-25,10,3,1298.66,432.89,0,529.0,46,3,2011-09-25,2011-11-30,66,Europe,176.33,2.45
12489,France,2011-01-07,337,1,334.93,334.93,1,105.0,15,1,2011-01-07,2011-01-07,0,Europe,105.0,3.19
12490,France,2009-12-01,6,21,9823.64,467.79,0,5906.0,195,21,2009-12-01,2011-12-04,733,Europe,281.24,1.66
12491,France,2011-11-01,39,1,460.4,460.4,0,260.0,25,1,2011-11-01,2011-11-01,0,Europe,260.0,1.77
12492,Germany,2010-11-01,64,3,715.21,238.4,0,444.0,38,3,2010-11-01,2011-10-07,340,Europe,148.0,1.61
12493,France,2011-05-26,166,2,433.74,216.87,1,207.0,20,2,2011-05-26,2011-06-27,32,Europe,103.5,2.1
12494,France,2010-05-12,16,9,1815.27,201.7,0,979.0,83,9,2010-05-12,2011-11-24,561,Europe,108.78,1.85
12495,Sweden,2010-03-09,641,1,357.4,357.4,1,130.0,17,1,2010-03-09,2010-03-09,0,Europe,130.0,2.75
12496,Spain,2010-03-29,621,2,45.34,22.67,1,30.0,10,2,2010-03-29,2010-03-29,0,Europe,15.0,1.51
12497,Germany,2010-03-05,82,3,6248.5,2082.83,0,5685.0,41,3,2010-03-05,2011-09-19,563,Europe,1895.0,1.1
12498,Germany,2011-10-13,22,3,403.7,134.57,0,159.0,21,3,2011-10-13,2011-11-18,36,Europe,53.0,2.54
12499,Germany,2010-05-28,561,1,393.72,393.72,1,302.0,27,1,2010-05-28,2010-05-28,0,Europe,302.0,1.3
12500,Germany,2010-02-04,24,19,5955.21,313.43,0,3377.0,88,19,2010-02-04,2011-11-16,650,Europe,177.74,1.76
12501,Germany,2011-01-07,337,1,2169.39,2169.39,1,1783.0,149,1,2011-01-07,2011-01-07,0,Europe,1783.0,1.22
12502,Spain,2011-02-03,96,5,3723.87,744.77,0,820.0,102,5,2011-02-03,2011-09-05,214,Europe,164.0,4.54
12503,Spain,2010-05-04,585,1,1126.0,1126.0,1,561.0,2,1,2010-05-04,2010-05-04,0,Europe,561.0,2.01
12504,Germany,2010-04-22,19,4,779.05,194.76,0,458.0,11,4,2010-04-22,2011-11-21,578,Europe,114.5,1.7
12505,Italy,2010-10-27,409,1,955.2,955.2,1,324.0,42,1,2010-10-27,2010-10-27,0,Europe,324.0,2.95
12506,France,2011-04-21,233,1,73.5,73.5,1,23.0,23,1,2011-04-21,2011-04-21,0,Europe,23.0,3.2
12507,Spain,2010-05-04,135,4,1844.06,461.02,0,1256.0,46,4,2010-05-04,2011-07-28,450,Europe,314.0,1.47
12508,France,2011-11-10,27,2,397.88,198.94,0,271.0,57,2,2011-11-10,2011-11-13,3,Europe,135.5,1.47
12509,France,2011-02-28,285,1,176.5,176.5,1,55.0,7,1,2011-02-28,2011-02-28,0,Europe,55.0,3.21
12510,Spain,2009-12-04,143,9,5178.02,575.34,0,2049.0,94,9,2009-12-04,2011-07-20,593,Europe,227.67,2.53
12511,Greece,2010-10-07,429,1,3084.02,3084.02,1,1753.0,190,1,2010-10-07,2010-10-07,0,Europe,1753.0,1.76
12512,Israel,2011-10-04,67,2,132.18,66.09,0,96.0,31,2,2011-10-04,2011-10-04,0,Middle East,48.0,1.38
12513,France,2011-08-19,113,1,612.29,612.29,1,462.0,35,1,2011-08-19,2011-08-19,0,Europe,462.0,1.33
12514,Italy,2010-03-08,268,2,1597.76,798.88,1,840.0,76,2,2010-03-08,2011-03-17,374,Europe,420.0,1.9
12515,Italy,2010-12-21,354,1,383.7,383.7,1,131.0,16,1,2010-12-21,2010-12-21,0,Europe,131.0,2.93
12516,Germany,2010-04-19,78,4,2648.62,662.16,0,1952.0,49,4,2010-04-19,2011-09-23,522,Europe,488.0,1.36
12517,Germany,2011-06-02,29,5,2481.6,496.32,0,1361.0,232,5,2011-06-02,2011-11-11,162,Europe,272.2,1.82
12518,Germany,2011-08-21,1,5,2056.89,411.38,0,1318.0,84,5,2011-08-21,2011-12-09,110,Europe,263.6,1.56
12519,Germany,2010-08-20,64,2,716.54,358.27,0,387.0,34,2,2010-08-20,2011-10-07,413,Europe,193.5,1.85
12520,Germany,2011-03-11,80,5,2634.26,526.85,0,1439.0,121,5,2011-03-11,2011-09-21,194,Europe,287.8,1.83
12521,Germany,2011-07-20,143,1,599.68,599.68,1,309.0,38,1,2011-07-20,2011-07-20,0,Europe,309.0,1.94
12522,Germany,2011-10-19,40,2,192.72,96.36,0,194.0,11,2,2011-10-19,2011-10-31,12,Europe,97.0,0.99
12523,France,2009-12-07,20,23,4352.35,189.23,0,2263.0,176,23,2009-12-07,2011-11-20,713,Europe,98.39,1.92
12524,Germany,2010-02-08,10,17,11126.11,654.48,0,7178.0,157,17,2010-02-08,2011-11-30,660,Europe,422.24,1.55
12525,France,2010-03-02,499,3,973.73,324.58,1,509.0,56,3,2010-03-02,2010-07-29,149,Europe,169.67,1.91
12526,Germany,2011-09-06,1,3,1316.66,438.89,0,632.0,64,3,2011-09-06,2011-12-09,94,Europe,210.67,2.08
12527,Germany,2010-06-28,82,5,735.51,147.1,0,526.0,26,5,2010-06-28,2011-09-19,448,Europe,105.2,1.4
12528,Germany,2011-01-31,10,6,1933.48,322.25,0,756.0,50,6,2011-01-31,2011-11-30,303,Europe,126.0,2.56
12529,France,2010-06-29,529,1,316.48,316.48,1,192.0,21,1,2010-06-29,2010-06-29,0,Europe,192.0,1.65
12530,Germany,2010-03-07,60,9,3759.26,417.7,0,2713.0,94,9,2010-03-07,2011-10-11,583,Europe,301.44,1.39
12531,Germany,2010-01-22,15,2,1933.2,966.6,0,1119.0,126,2,2010-01-22,2011-11-25,672,Europe,559.5,1.73
12532,France,2011-11-09,31,1,349.83,349.83,0,153.0,16,1,2011-11-09,2011-11-09,0,Europe,153.0,2.29
12533,Germany,2009-12-01,628,2,1367.89,683.95,1,704.0,63,2,2009-12-01,2010-03-22,111,Europe,352.0,1.94
12534,Germany,2011-08-01,131,1,1089.18,1089.18,1,651.0,63,1,2011-08-01,2011-08-01,0,Europe,651.0,1.67
12535,France,2011-06-06,92,2,716.35,358.18,1,219.0,28,2,2011-06-06,2011-09-09,95,Europe,109.5,3.27
12536,France,2011-10-11,44,3,12601.83,4200.61,0,2803.0,260,3,2011-10-11,2011-10-27,16,Europe,934.33,4.5
12537,Sweden,2010-10-27,409,1,732.94,732.94,1,449.0,43,1,2010-10-27,2010-10-27,0,Europe,449.0,1.63
12538,Spain,2010-11-26,30,2,640.45,320.23,0,336.0,33,2,2010-11-26,2011-11-10,349,Europe,168.0,1.91
12539,Spain,2009-12-23,23,7,11214.75,1602.11,0,4535.0,276,7,2009-12-23,2011-11-17,694,Europe,647.86,2.47
12540,Spain,2009-12-07,20,33,22254.49,674.38,0,11019.0,354,33,2009-12-07,2011-11-20,713,Europe,333.91,2.02
12541,Spain,2011-03-04,30,3,981.18,327.06,0,680.0,46,3,2011-03-04,2011-11-10,251,Europe,226.67,1.44
12542,Spain,2010-03-09,485,2,481.88,240.94,1,522.0,39,2,2010-03-09,2010-08-12,156,Europe,261.0,0.92
12543,Spain,2010-09-17,449,1,980.25,980.25,1,688.0,43,1,2010-09-17,2010-09-17,0,Europe,688.0,1.42
12544,Spain,2011-11-03,37,1,372.7,372.7,0,136.0,19,1,2011-11-03,2011-11-03,0,Europe,136.0,2.74
12545,Spain,2011-03-25,76,2,1000.39,500.2,0,523.0,42,2,2011-03-25,2011-09-25,184,Europe,261.5,1.91
12546,Spain,2011-09-23,47,2,1161.5,580.75,0,633.0,59,2,2011-09-23,2011-10-24,31,Europe,316.5,1.83
12547,Spain,2010-07-27,198,3,383.58,127.86,1,309.0,13,3,2010-07-27,2011-05-26,303,Europe,103.0,1.24
12548,Spain,2011-06-26,167,1,95.2,95.2,1,49.0,5,1,2011-06-26,2011-06-26,0,Europe,49.0,1.94
12549,USA,2010-01-11,576,6,1575.68,262.61,1,1366.0,38,6,2010-01-11,2010-05-13,122,North America,227.67,1.15
12550,Spain,2011-09-21,80,1,964.83,964.83,0,569.0,57,1,2011-09-21,2011-09-21,0,Europe,569.0,1.7
12551,Spain,2010-12-17,358,1,168.0,168.0,1,100.0,10,1,2010-12-17,2010-12-17,0,Europe,100.0,1.68
12552,Italy,2011-10-31,39,2,437.82,218.91,0,88.0,20,2,2011-10-31,2011-11-01,1,Europe,44.0,4.98
12553,France,2010-10-12,9,12,4608.75,384.06,0,2325.0,109,12,2010-10-12,2011-12-01,415,Europe,193.75,1.98
12554,Spain,2010-09-17,449,1,468.5,468.5,1,240.0,26,1,2010-09-17,2010-09-17,0,Europe,240.0,1.95
12555,Spain,2010-01-26,683,1,129.23,129.23,1,1.0,1,1,2010-01-26,2010-01-26,0,Europe,1.0,129.23
12556,Spain,2011-07-11,51,2,599.56,299.78,0,355.0,100,2,2011-07-11,2011-10-20,101,Europe,177.5,1.69
12557,Spain,2009-12-17,17,8,18096.14,2262.02,0,6382.0,15,8,2009-12-17,2011-11-23,706,Europe,797.75,2.84
12558,USA,2011-12-02,8,1,269.96,269.96,0,196.0,11,1,2011-12-02,2011-12-02,0,North America,196.0,1.38
12559,Germany,2011-01-24,311,2,561.71,280.86,1,283.0,21,2,2011-01-24,2011-02-02,9,Europe,141.5,1.98
12560,Germany,2011-07-19,6,3,2134.01,711.34,0,1110.0,91,3,2011-07-19,2011-12-04,138,Europe,370.0,1.92
12561,Germany,2011-02-10,303,1,238.85,238.85,1,177.0,16,1,2011-02-10,2011-02-10,0,Europe,177.0,1.35
12562,France,2010-09-30,9,9,4966.92,551.88,0,2327.0,113,9,2010-09-30,2011-12-01,427,Europe,258.56,2.13
12563,Italy,2010-10-27,409,1,249.24,249.24,1,113.0,13,1,2010-10-27,2010-10-27,0,Europe,113.0,2.21
12564,France,2011-03-23,262,1,456.9,456.9,1,133.0,21,1,2011-03-23,2011-03-23,0,Europe,133.0,3.44
12565,Saudi Arabia,2011-02-24,289,1,145.92,145.92,1,80.0,9,1,2011-02-24,2011-02-24,0,Middle East,80.0,1.82
12566,Germany,2011-09-14,87,1,351.65,351.65,0,265.0,19,1,2011-09-14,2011-09-14,0,Europe,265.0,1.33
12567,France,2010-02-11,23,15,11767.48,784.5,0,5308.0,365,15,2010-02-11,2011-11-17,644,Europe,353.87,2.22
12568,Germany,2010-03-05,645,1,70.0,70.0,1,48.0,5,1,2010-03-05,2010-03-05,0,Europe,48.0,1.46
12569,Germany,2011-04-01,3,32,4124.69,128.9,0,1801.0,92,32,2011-04-01,2011-12-07,250,Europe,56.28,2.29
12570,Spain,2010-01-26,683,1,77.52,77.52,1,1.0,1,1,2010-01-26,2010-01-26,0,Europe,1.0,77.52
12571,France,2011-08-10,40,2,519.61,259.81,0,523.0,31,2,2011-08-10,2011-10-31,82,Europe,261.5,0.99
12572,Germany,2011-10-19,9,2,1020.42,510.21,0,452.0,53,2,2011-10-19,2011-12-01,43,Europe,226.0,2.26
12573,France,2010-08-31,228,5,717.41,143.48,1,479.0,107,5,2010-08-31,2011-04-26,238,Europe,95.8,1.5
12574,France,2011-01-28,316,1,218.45,218.45,1,61.0,11,1,2011-01-28,2011-01-28,0,Europe,61.0,3.58
12575,France,2010-07-01,458,2,622.82,311.41,1,315.0,34,2,2010-07-01,2010-09-08,69,Europe,157.5,1.98
12576,Poland,2010-07-01,36,8,2142.72,267.84,0,1494.0,114,8,2010-07-01,2011-11-04,491,Europe,186.75,1.43
12577,France,2009-12-03,36,8,1617.1,202.14,0,1191.0,259,8,2009-12-03,2011-11-04,701,Europe,148.88,1.36
12578,Italy,2010-09-22,22,4,4642.45,1160.61,0,2380.0,149,4,2010-09-22,2011-11-18,422,Europe,595.0,1.95
12579,France,2011-09-22,79,1,440.42,440.42,0,285.0,29,1,2011-09-22,2011-09-22,0,Europe,285.0,1.55
12580,Germany,2010-05-12,247,2,1052.9,526.45,1,569.0,52,2,2010-05-12,2011-04-07,330,Europe,284.5,1.85
12581,Germany,2011-10-31,40,1,197.71,197.71,0,161.0,15,1,2011-10-31,2011-10-31,0,Europe,161.0,1.23
12582,Finland,2010-05-11,239,4,1980.4,495.1,1,985.0,88,4,2010-05-11,2011-04-15,339,Europe,246.25,2.01
12583,France,2009-12-06,3,27,13591.58,503.39,0,8535.0,141,27,2009-12-06,2011-12-07,731,Europe,316.11,1.59
12584,Italy,2011-03-04,4,9,2338.15,259.79,0,416.0,44,9,2011-03-04,2011-12-06,277,Europe,46.22,5.62
12585,Germany,2010-12-23,235,2,2040.1,1020.05,1,1279.0,77,2,2010-12-23,2011-04-19,117,Europe,639.5,1.6
12586,Italy,2009-12-16,18,4,2062.67,515.67,0,687.0,82,4,2009-12-16,2011-11-22,706,Europe,171.75,3.0
12587,Finland,2011-12-02,8,1,144.0,144.0,0,51.0,4,1,2011-12-02,2011-12-02,0,Europe,51.0,2.82
12588,Finland,2010-04-21,40,4,958.78,239.7,0,438.0,31,4,2010-04-21,2011-10-31,558,Europe,109.5,2.19
12589,France,2010-01-19,29,8,4695.66,586.96,0,1764.0,121,8,2010-01-19,2011-11-11,661,Europe,220.5,2.66
12590,Germany,2011-05-12,212,2,9864.26,4932.13,1,4283.0,68,2,2011-05-12,2011-05-12,0,Europe,2141.5,2.3
12591,Italy,2010-10-27,318,3,1338.95,446.32,1,653.0,63,3,2010-10-27,2011-01-26,91,Europe,217.67,2.05
12592,Germany,2010-07-08,93,5,2582.66,516.53,0,1875.0,42,5,2010-07-08,2011-09-08,427,Europe,375.0,1.38
12593,France,2011-05-05,109,3,418.1,139.37,0,206.0,14,3,2011-05-05,2011-08-23,110,Europe,68.67,2.03
12594,Italy,2010-03-03,38,15,5090.11,339.34,0,2768.0,78,15,2010-03-03,2011-11-02,609,Europe,184.53,1.84
12595,Germany,2010-07-23,505,1,299.02,299.02,1,271.0,19,1,2010-07-23,2010-07-23,0,Europe,271.0,1.1
12596,Spain,2011-04-11,52,2,618.27,309.14,0,474.0,25,2,2011-04-11,2011-10-19,191,Europe,237.0,1.3
12597,Spain,2011-03-16,20,4,3811.22,952.81,0,2236.0,184,4,2011-03-16,2011-11-20,249,Europe,559.0,1.7
12598,France,2010-03-01,10,11,4534.09,412.19,0,2906.0,130,11,2010-03-01,2011-11-30,639,Europe,264.18,1.56
12599,France,2010-05-11,30,13,2296.72,176.67,0,2189.0,47,13,2010-05-11,2011-11-10,548,Europe,168.38,1.05
12600,Germany,2009-12-07,29,21,4967.42,236.54,0,1383.0,53,21,2009-12-07,2011-11-11,704,Europe,65.86,3.59
12601,Germany,2010-10-31,190,6,681.26,113.54,1,290.0,24,6,2010-10-31,2011-06-03,215,Europe,48.33,2.35
12602,France,2011-10-12,59,1,153.12,153.12,0,162.0,12,1,2011-10-12,2011-10-12,0,Europe,162.0,0.95
12603,Germany,2011-11-18,22,1,739.2,739.2,0,63.0,2,1,2011-11-18,2011-11-18,0,Europe,63.0,11.73
12604,France,2011-03-23,80,2,254.18,127.09,0,201.0,15,2,2011-03-23,2011-09-21,182,Europe,100.5,1.26
12605,Germany,2010-09-07,377,4,1232.95,308.24,1,929.0,63,4,2010-09-07,2010-11-28,82,Europe,232.25,1.33
12606,Spain,2010-01-26,683,1,21.0,21.0,1,1.0,1,1,2010-01-26,2010-01-26,0,Europe,1.0,21.0
12607,USA,2011-10-10,61,1,1579.51,1579.51,0,1228.0,101,1,2011-10-10,2011-10-10,0,North America,1228.0,1.29
12608,United Kingdom,2010-10-31,405,1,415.79,415.79,1,323.0,16,1,2010-10-31,2010-10-31,0,Europe,323.0,1.29
12609,Germany,2009-12-20,79,9,3435.86,381.76,0,1553.0,129,9,2009-12-20,2011-09-22,641,Europe,172.56,2.21
12610,Italy,2011-08-05,23,5,2099.54,419.91,0,1049.0,85,5,2011-08-05,2011-11-17,104,Europe,209.8,2.0
12611,Italy,2011-10-18,53,1,1193.32,1193.32,0,846.0,65,1,2011-10-18,2011-10-18,0,Europe,846.0,1.41
12612,Germany,2011-09-26,75,1,704.04,704.04,0,262.0,19,1,2011-09-26,2011-09-26,0,Europe,262.0,2.69
12613,Germany,2009-12-14,58,10,6817.37,681.74,0,4157.0,218,10,2009-12-14,2011-10-13,668,Europe,415.7,1.64
12614,Germany,2011-03-07,278,1,315.6,315.6,1,76.0,20,1,2011-03-07,2011-03-07,0,Europe,76.0,4.15
12615,France,2010-03-18,3,8,5740.98,717.62,0,3317.0,198,8,2010-03-18,2011-12-07,629,Europe,414.63,1.73
12616,France,2010-11-16,96,3,1131.1,377.03,0,498.0,32,3,2010-11-16,2011-09-05,293,Europe,166.0,2.27
12617,France,2011-11-10,30,1,352.98,352.98,0,210.0,39,1,2011-11-10,2011-11-10,0,Europe,210.0,1.68
12618,Italy,2011-11-18,22,1,177.31,177.31,0,96.0,11,1,2011-11-18,2011-11-18,0,Europe,96.0,1.85
12619,Germany,2010-05-28,17,10,3781.38,378.14,0,3518.0,55,10,2010-05-28,2011-11-23,544,Europe,351.8,1.07
12620,France,2011-05-19,15,3,1339.41,446.47,0,1181.0,89,3,2011-05-19,2011-11-25,190,Europe,393.67,1.13
12621,Germany,2010-02-09,2,35,24311.2,694.61,0,13706.0,344,35,2010-02-09,2011-12-08,667,Europe,391.6,1.77
12622,Germany,2011-04-21,233,1,180.1,180.1,1,69.0,11,1,2011-04-21,2011-04-21,0,Europe,69.0,2.61
12623,Germany,2010-01-12,277,7,3747.84,535.41,1,1971.0,112,7,2010-01-12,2011-03-08,420,Europe,281.57,1.9
12624,France,2011-06-15,107,2,641.13,320.57,1,355.0,36,2,2011-06-15,2011-08-25,71,Europe,177.5,1.81
12625,Germany,2010-04-22,212,4,5164.88,1291.22,1,3309.0,144,4,2010-04-22,2011-05-12,385,Europe,827.25,1.56
12626,Germany,2011-01-17,24,9,6620.48,735.61,0,3453.0,232,9,2011-01-17,2011-11-16,303,Europe,383.67,1.92
12627,Germany,2011-07-22,11,7,4478.53,639.79,0,2752.0,162,7,2011-07-22,2011-11-29,130,Europe,393.14,1.63
12628,Germany,2011-10-06,5,3,786.46,262.15,0,448.0,34,3,2011-10-06,2011-12-05,60,Europe,149.33,1.76
12629,Sweden,2010-10-12,386,2,1558.22,779.11,1,722.0,40,2,2010-10-12,2010-11-19,38,Europe,361.0,2.16
12630,Finland,2011-10-27,10,2,1270.88,635.44,0,548.0,60,2,2011-10-27,2011-11-30,34,Europe,274.0,2.32
12631,Finland,2010-01-15,58,6,3481.57,580.26,0,1607.0,131,6,2010-01-15,2011-10-13,636,Europe,267.83,2.17
12632,Germany,2010-05-24,521,2,804.88,402.44,1,694.0,32,2,2010-05-24,2010-07-07,44,Europe,347.0,1.16
12633,Germany,2010-07-02,59,7,5678.16,811.17,0,3238.0,220,7,2010-07-02,2011-10-12,467,Europe,462.57,1.75
12634,USA,2010-06-09,536,2,490.0,245.0,1,337.0,20,2,2010-06-09,2010-06-22,13,North America,168.5,1.45
12635,Germany,2010-09-09,90,4,2930.41,732.6,0,1949.0,159,4,2010-09-09,2011-09-11,367,Europe,487.25,1.5
12636,USA,2009-12-01,739,1,141.0,141.0,1,1.0,1,1,2009-12-01,2009-12-01,0,North America,1.0,141.0
12637,France,2010-06-14,68,12,8283.81,690.32,0,4257.0,295,12,2010-06-14,2011-10-03,476,Europe,354.75,1.95
12638,Sweden,2010-03-10,34,2,921.49,460.75,0,663.0,47,2,2010-03-10,2011-11-06,606,Europe,331.5,1.39
12639,Sweden,2010-03-22,239,3,1312.37,437.46,1,631.0,58,3,2010-03-22,2011-04-15,389,Europe,210.33,2.08
12640,France,2011-09-19,24,3,1174.58,391.53,0,311.0,47,3,2011-09-19,2011-11-16,58,Europe,103.67,3.78
12641,Sweden,2011-08-16,116,1,185.9,185.9,1,72.0,10,1,2011-08-16,2011-08-16,0,Europe,72.0,2.58
12642,Germany,2011-08-24,26,3,1013.26,337.75,0,552.0,39,3,2011-08-24,2011-11-14,82,Europe,184.0,1.84
12643,France,2010-04-07,129,12,8304.82,692.07,0,4665.0,14,12,2010-04-07,2011-08-03,483,Europe,388.75,1.78
12644,Germany,2010-01-14,130,4,1918.49,479.62,0,1032.0,106,4,2010-01-14,2011-08-02,565,Europe,258.0,1.86
12645,Germany,2010-02-09,34,8,3539.3,442.41,0,2125.0,111,8,2010-02-09,2011-11-06,635,Europe,265.63,1.67
12646,USA,2011-10-21,5,2,1346.97,673.49,0,897.0,43,2,2011-10-21,2011-12-05,45,North America,448.5,1.5
12647,Germany,2010-01-13,23,36,16955.55,470.99,0,6633.0,240,36,2010-01-13,2011-11-17,673,Europe,184.25,2.56
12648,Germany,2010-01-07,155,4,1112.0,278.0,0,518.0,38,4,2010-01-07,2011-07-08,547,Europe,129.5,2.15
12649,Germany,2010-01-12,108,8,2294.65,286.83,0,1959.0,94,8,2010-01-12,2011-08-24,589,Europe,244.88,1.17
12650,France,2011-12-06,4,1,314.44,314.44,0,254.0,20,1,2011-12-06,2011-12-06,0,Europe,254.0,1.24
12651,France,2010-08-31,335,4,377.75,94.44,1,265.0,30,4,2010-08-31,2011-01-09,131,Europe,66.25,1.43
12652,France,2010-10-01,332,2,1017.03,508.52,1,536.0,51,2,2010-10-01,2011-01-12,103,Europe,268.0,1.9
12653,Israel,2010-07-01,149,3,4160.83,1386.94,0,1681.0,76,3,2010-07-01,2011-07-14,378,Middle East,560.33,2.48
12654,Germany,2011-02-17,11,5,601.98,120.4,0,264.0,31,5,2011-02-17,2011-11-29,285,Europe,52.8,2.28
12655,France,2010-10-12,424,1,261.35,261.35,1,80.0,16,1,2010-10-12,2010-10-12,0,Europe,80.0,3.27
12656,France,2010-05-26,18,8,6407.83,800.98,0,2860.0,174,8,2010-05-26,2011-11-22,545,Europe,357.5,2.24
12657,France,2011-09-22,12,4,1643.18,410.8,0,1044.0,35,4,2011-09-22,2011-11-28,67,Europe,261.0,1.57
12658,Germany,2011-11-21,19,1,686.05,686.05,0,320.0,36,1,2011-11-21,2011-11-21,0,Europe,320.0,2.14
12659,France,2011-11-10,30,1,91.68,91.68,0,105.0,5,1,2011-11-10,2011-11-10,0,Europe,105.0,0.87
12660,France,2011-11-28,12,1,245.1,245.1,0,127.0,13,1,2011-11-28,2011-11-28,0,Europe,127.0,1.93
12661,Sweden,2010-09-29,437,1,162.0,162.0,1,216.0,11,1,2010-09-29,2010-09-29,0,Europe,216.0,0.75
12662,Germany,2010-04-01,1,20,6726.54,336.33,0,3424.0,163,20,2010-04-01,2011-12-09,617,Europe,171.2,1.96
12663,Germany,2010-02-09,625,2,239.4,119.7,1,181.0,9,2,2010-02-09,2010-03-25,44,Europe,90.5,1.32
12664,Finland,2009-12-13,9,11,6070.04,551.82,0,1495.0,10,11,2009-12-13,2011-12-01,718,Europe,135.91,4.06
12665,Germany,2010-02-08,325,3,313.6,104.53,1,165.0,13,3,2010-02-08,2011-01-19,345,Europe,55.0,1.9
12666,Israel,2010-11-10,395,1,1248.42,1248.42,1,370.0,31,1,2010-11-10,2010-11-10,0,Middle East,370.0,3.37
12667,Finland,2011-10-12,59,1,620.13,620.13,0,395.0,33,1,2011-10-12,2011-10-12,0,Europe,395.0,1.57
12668,Germany,2010-01-31,12,10,11383.03,1138.3,0,5049.0,263,10,2010-01-31,2011-11-28,666,Europe,504.9,2.25
12669,France,2011-03-28,151,3,2744.03,914.68,0,1115.0,98,3,2011-03-28,2011-07-12,106,Europe,371.67,2.46
12670,France,2010-02-11,11,7,3760.29,537.18,0,1627.0,71,7,2010-02-11,2011-11-29,656,Europe,232.43,2.31
12671,Germany,2010-04-12,607,1,2622.48,2622.48,1,1459.0,44,1,2010-04-12,2010-04-12,0,Europe,1459.0,1.8
12672,France,2010-04-23,330,2,437.05,218.53,1,138.0,22,2,2010-04-23,2011-01-14,266,Europe,69.0,3.17
12673,Germany,2010-11-03,6,3,1230.02,410.01,0,700.0,68,3,2010-11-03,2011-12-04,396,Europe,233.33,1.76
12674,France,2011-05-16,39,4,1970.6,492.65,0,1133.0,52,4,2011-05-16,2011-11-01,169,Europe,283.25,1.74
12675,Italy,2010-05-10,554,2,957.25,478.63,1,336.0,111,2,2010-05-10,2010-06-04,25,Europe,168.0,2.85
12676,Sweden,2010-08-13,25,11,2843.09,258.46,0,1867.0,67,11,2010-08-13,2011-11-15,459,Europe,169.73,1.52
12677,France,2010-02-11,556,2,395.1,197.55,1,176.0,13,2,2010-02-11,2010-06-02,111,Europe,88.0,2.24
12678,France,2010-01-07,43,21,34281.18,1632.44,0,22372.0,199,21,2010-01-07,2011-10-28,659,Europe,1065.33,1.53
12679,France,2011-03-01,59,4,1113.02,278.26,0,554.0,43,4,2011-03-01,2011-10-12,225,Europe,138.5,2.01
12680,France,2011-08-18,1,4,880.81,220.2,0,444.0,33,4,2011-08-18,2011-12-09,113,Europe,111.0,1.98
12681,France,2009-12-13,15,45,29834.76,662.99,0,17011.0,459,45,2009-12-13,2011-11-25,712,Europe,378.02,1.75
12682,France,2009-12-01,4,52,22950.22,441.35,0,10522.0,327,52,2009-12-01,2011-12-06,735,Europe,202.35,2.18
12683,France,2009-12-13,5,21,11633.7,553.99,0,7019.0,236,21,2009-12-13,2011-12-05,722,Europe,334.24,1.66
12684,France,2011-05-10,8,7,2283.63,326.23,0,1985.0,61,7,2011-05-10,2011-12-02,206,Europe,283.57,1.15
12685,France,2011-09-07,29,6,2863.08,477.18,0,1523.0,117,6,2011-09-07,2011-11-11,65,Europe,253.83,1.88
12686,France,2010-12-03,372,1,89.14,89.14,1,107.0,7,1,2010-12-03,2010-12-03,0,Europe,107.0,0.83
12687,Sweden,2010-08-16,481,2,2138.91,1069.46,1,1403.0,126,2,2010-08-16,2010-08-16,0,Europe,701.5,1.52
12688,Israel,2011-08-18,114,1,4873.81,4873.81,1,3028.0,171,1,2011-08-18,2011-08-18,0,Middle East,3028.0,1.61
12689,France,2011-08-04,26,2,1247.61,623.81,0,628.0,57,2,2011-08-04,2011-11-14,102,Europe,314.0,1.99
12690,France,2011-05-18,206,1,389.01,389.01,1,106.0,16,1,2011-05-18,2011-05-18,0,Europe,106.0,3.67
12691,France,2010-10-15,29,7,1170.4,167.2,0,445.0,24,7,2010-10-15,2011-11-11,392,Europe,63.57,2.63
12692,France,2010-03-12,638,1,110.95,110.95,1,36.0,13,1,2010-03-12,2010-03-12,0,Europe,36.0,3.08
12693,Germany,2010-07-05,128,7,1703.02,243.29,0,536.0,63,7,2010-07-05,2011-08-04,395,Europe,76.57,3.18
12694,France,2010-10-14,71,3,1843.35,614.45,0,1355.0,69,3,2010-10-14,2011-09-30,351,Europe,451.67,1.36
12695,France,2010-02-12,8,7,1407.12,201.02,0,454.0,46,7,2010-02-12,2011-12-02,658,Europe,64.86,3.1
12696,Finland,2010-07-19,435,2,851.91,425.96,1,564.0,43,2,2010-07-19,2010-10-01,74,Europe,282.0,1.51
12697,Sweden,2011-06-23,29,3,957.59,319.2,0,508.0,37,3,2011-06-23,2011-11-11,141,Europe,169.33,1.89
12698,Germany,2010-04-28,591,1,339.75,339.75,1,111.0,16,1,2010-04-28,2010-04-28,0,Europe,111.0,3.06
12699,Germany,2010-10-18,418,1,638.11,638.11,1,373.0,41,1,2010-10-18,2010-10-18,0,Europe,373.0,1.71
12700,France,2011-05-08,8,4,4939.99,1235.0,0,2967.0,193,4,2011-05-08,2011-12-02,208,Europe,741.75,1.66
12701,Germany,2010-03-16,80,6,2446.41,407.74,0,1727.0,118,6,2010-03-16,2011-09-21,554,Europe,287.83,1.42
12702,Germany,2011-11-20,20,1,219.0,219.0,0,53.0,12,1,2011-11-20,2011-11-20,0,Europe,53.0,4.13
12703,Germany,2010-01-24,72,4,1006.53,251.63,0,595.0,56,4,2010-01-24,2011-09-29,613,Europe,148.75,1.69
12704,Finland,2011-06-23,8,8,2340.84,292.61,0,1006.0,64,8,2011-06-23,2011-12-02,162,Europe,125.75,2.33
12705,Germany,2010-06-24,16,14,11762.1,840.15,0,7188.0,320,14,2010-06-24,2011-11-24,518,Europe,513.43,1.64
12707,France,2011-02-21,292,1,603.42,603.42,1,256.0,33,1,2011-02-21,2011-02-21,0,Europe,256.0,2.36
12708,Germany,2009-12-18,30,18,5117.66,284.31,0,2432.0,130,18,2009-12-18,2011-11-10,692,Europe,135.11,2.1
12709,Germany,2009-12-09,16,34,30291.76,890.93,0,13772.0,189,34,2009-12-09,2011-11-24,715,Europe,405.06,2.2
12710,Germany,2011-05-22,97,3,1149.02,383.01,0,851.0,75,3,2011-05-22,2011-09-04,105,Europe,283.67,1.35
12711,Germany,2010-02-01,612,2,1339.05,669.53,1,770.0,56,2,2010-02-01,2010-04-07,65,Europe,385.0,1.74
12712,Germany,2009-12-09,29,21,6723.03,320.14,0,2205.0,126,21,2009-12-09,2011-11-11,702,Europe,105.0,3.05
12713,Germany,2011-12-09,1,1,848.55,848.55,0,508.0,38,1,2011-12-09,2011-12-09,0,Europe,508.0,1.67
12714,France,2009-12-04,10,12,14093.71,1174.48,0,8774.0,436,12,2009-12-04,2011-11-30,726,Europe,731.17,1.61
12715,Sweden,2011-08-25,107,1,343.36,343.36,1,192.0,20,1,2011-08-25,2011-08-25,0,Europe,192.0,1.79
12716,France,2011-07-29,4,2,1053.49,526.75,0,708.0,60,2,2011-07-29,2011-12-06,130,Europe,354.0,1.49
12717,Greece,2010-04-28,152,3,1308.91,436.3,0,600.0,60,3,2010-04-28,2011-07-11,439,Europe,200.0,2.18
12718,France,2011-09-29,72,1,238.25,238.25,0,203.0,19,1,2011-09-29,2011-09-29,0,Europe,203.0,1.17
12719,France,2011-10-05,6,2,644.95,322.48,0,374.0,34,2,2011-10-05,2011-12-04,60,Europe,187.0,1.72
12720,Germany,2010-07-21,3,30,7787.28,259.58,0,6018.0,262,30,2010-07-21,2011-12-07,504,Europe,200.6,1.29
12721,France,2010-08-25,32,8,4013.08,501.64,0,2655.0,183,8,2010-08-25,2011-11-08,440,Europe,331.88,1.51
12722,France,2011-07-12,86,4,997.63,249.41,0,566.0,50,4,2011-07-12,2011-09-15,65,Europe,141.5,1.76
12723,France,2011-10-05,4,5,725.07,145.01,0,434.0,53,5,2011-10-05,2011-12-06,62,Europe,86.8,1.67
12724,France,2010-06-22,6,7,2317.52,331.07,0,1379.0,94,7,2010-06-22,2011-12-04,530,Europe,197.0,1.68
12725,Italy,2010-05-04,372,4,2266.76,566.69,1,1142.0,92,4,2010-05-04,2010-12-03,213,Europe,285.5,1.98
12726,France,2010-03-25,29,11,4014.6,364.96,0,4618.0,63,11,2010-03-25,2011-11-11,596,Europe,419.82,0.87
12727,France,2010-02-23,11,10,5679.53,567.95,0,2832.0,132,10,2010-02-23,2011-11-29,644,Europe,283.2,2.01
12728,France,2010-11-21,72,5,1070.17,214.03,0,543.0,48,5,2010-11-21,2011-09-29,312,Europe,108.6,1.97
12729,France,2011-08-18,114,1,453.01,453.01,1,233.0,26,1,2011-08-18,2011-08-18,0,Europe,233.0,1.94
12730,Germany,2010-07-06,522,1,829.25,829.25,1,234.0,47,1,2010-07-06,2010-07-06,0,Europe,234.0,3.54
12731,France,2010-03-02,24,17,25775.71,1516.22,0,11641.0,137,17,2010-03-02,2011-11-16,624,Europe,684.76,2.21
12732,France,2011-06-13,180,1,236.26,236.26,1,111.0,12,1,2011-06-13,2011-06-13,0,Europe,111.0,2.13
12733,USA,2010-01-19,235,4,2424.87,606.22,1,896.0,117,4,2010-01-19,2011-04-19,455,North America,224.0,2.71
12734,France,2010-11-12,353,3,639.65,213.22,1,265.0,17,3,2010-11-12,2010-12-22,40,Europe,88.33,2.41
12735,France,2011-01-06,316,2,779.57,389.79,1,368.0,38,2,2011-01-06,2011-01-28,22,Europe,184.0,2.12
12736,France,2011-01-11,333,1,234.0,234.0,1,173.0,4,1,2011-01-11,2011-01-11,0,Europe,173.0,1.35
12737,France,2010-07-29,499,2,3710.5,1855.25,1,2.0,2,2,2010-07-29,2010-07-29,0,Europe,1.0,1855.25
12738,Germany,2010-12-02,373,1,155.35,155.35,1,148.0,11,1,2010-12-02,2010-12-02,0,Europe,148.0,1.05
12739,United Arab Emirates,2010-11-10,79,4,2726.73,681.68,0,951.0,85,4,2010-11-10,2011-09-22,316,Middle East,237.75,2.87
12740,France,2011-10-07,64,1,427.6,427.6,0,342.0,27,1,2011-10-07,2011-10-07,0,Europe,342.0,1.25
12741,USA,2010-06-24,530,2,406.07,203.04,1,214.0,16,2,2010-06-24,2010-06-28,4,North America,107.0,1.9
12742,United Arab Emirates,2010-03-24,626,1,1201.52,1201.52,1,1359.0,67,1,2010-03-24,2010-03-24,0,Middle East,1359.0,0.88
12743,Unspecified,2011-07-28,135,2,540.13,270.07,1,315.0,114,2,2011-07-28,2011-07-28,0,Other,157.5,1.71
12744,Singapore,2010-04-27,52,11,25317.06,2301.55,0,6994.0,245,11,2010-04-27,2011-10-19,540,Asia,635.82,3.62
12745,United Kingdom,2010-01-26,487,3,925.41,308.47,1,468.0,21,3,2010-01-26,2010-08-10,196,Europe,156.0,1.98
12746,United Kingdom,2010-06-17,541,1,254.55,254.55,1,97.0,17,1,2010-06-17,2010-06-17,0,Europe,97.0,2.62
12747,United Kingdom,2009-12-07,3,26,8898.48,342.25,0,2640.0,85,26,2009-12-07,2011-12-07,730,Europe,101.54,3.37
12748,United Kingdom,2009-12-04,1,336,53539.64,159.34,0,37109.0,2286,336,2009-12-04,2011-12-09,735,Europe,110.44,1.44
12749,United Kingdom,2010-07-06,4,9,6897.36,766.37,0,2360.0,260,9,2010-07-06,2011-12-06,518,Europe,262.22,2.92
12750,Poland,2011-08-03,129,1,275.88,275.88,1,137.0,15,1,2011-08-03,2011-08-03,0,Europe,137.0,2.01
12751,Brazil,2010-09-21,445,1,268.27,268.27,1,189.0,61,1,2010-09-21,2010-09-21,0,South America,189.0,1.42
12752,Norway,2011-09-19,82,1,4366.78,4366.78,0,2262.0,53,1,2011-09-19,2011-09-19,0,Europe,2262.0,1.93
12753,Japan,2010-12-12,23,6,21429.39,3571.57,0,11421.0,132,6,2010-12-12,2011-11-17,340,Asia,1903.5,1.88
12754,Japan,2011-02-04,236,3,3010.74,1003.58,1,6481.0,49,3,2011-02-04,2011-04-18,73,Asia,2160.33,0.46
12755,Japan,2010-01-15,281,11,5236.26,476.02,1,2293.0,34,11,2010-01-15,2011-03-04,413,Asia,208.45,2.28
12756,Japan,2011-09-14,87,1,112.08,112.08,0,144.0,4,1,2011-09-14,2011-09-14,0,Asia,144.0,0.78
12757,Portugal,2011-05-12,16,13,7834.65,602.67,0,2395.0,237,13,2011-05-12,2011-11-24,196,Europe,184.23,3.27
12758,Portugal,2009-12-01,117,7,9903.24,1414.75,0,6155.0,187,7,2009-12-01,2011-08-15,622,Europe,879.29,1.61
12759,Netherlands,2009-12-04,53,8,5020.74,627.59,0,3202.0,206,8,2009-12-04,2011-10-18,683,Europe,400.25,1.57
12760,Netherlands,2010-09-10,456,1,347.8,347.8,1,198.0,21,1,2010-09-10,2010-09-10,0,Europe,198.0,1.76
12761,Netherlands,2010-09-01,458,2,782.95,391.48,1,281.0,27,2,2010-09-01,2010-09-08,7,Europe,140.5,2.79
12762,Portugal,2011-11-14,8,2,1898.52,949.26,0,1227.0,62,2,2011-11-14,2011-12-02,18,Europe,613.5,1.55
12763,Japan,2010-12-05,139,2,494.08,247.04,1,316.0,16,2,2010-12-05,2011-07-24,231,Asia,158.0,1.56
12764,Lebanon,2011-01-27,317,1,1693.88,1693.88,1,386.0,45,1,2011-01-27,2011-01-27,0,Middle East,386.0,4.39
12765,Netherlands,2010-03-08,473,6,1404.58,234.1,1,1009.0,49,6,2010-03-08,2010-08-24,169,Europe,168.17,1.39
12766,Portugal,2010-10-28,4,9,8918.99,991.0,0,5022.0,253,9,2010-10-28,2011-12-06,404,Europe,558.0,1.78
12767,Korea,2010-11-29,376,1,949.82,949.82,1,598.0,43,1,2010-11-29,2010-11-29,0,Other,598.0,1.59
12768,Korea,2010-09-15,451,1,168.69,168.69,1,102.0,10,1,2010-09-15,2010-09-15,0,Other,102.0,1.65
12769,Brazil,2011-04-15,239,1,1143.6,1143.6,1,356.0,32,1,2011-04-15,2011-04-15,0,South America,356.0,3.21
12770,Japan,2010-09-09,211,2,3246.45,1623.23,1,1843.0,19,2,2010-09-09,2011-05-13,246,Asia,921.5,1.76
12771,Portugal,2010-08-11,486,1,282.3,282.3,1,104.0,15,1,2010-08-11,2010-08-11,0,Europe,104.0,2.71
12772,Portugal,2011-10-11,60,1,892.47,892.47,0,556.0,55,1,2011-10-11,2011-10-11,0,Europe,556.0,1.61
12773,Portugal,2010-05-24,565,1,124.25,124.25,1,109.0,6,1,2010-05-24,2010-05-24,0,Europe,109.0,1.14
12774,Netherlands,2010-06-22,536,1,98.7,98.7,1,53.0,6,1,2010-06-22,2010-06-22,0,Europe,53.0,1.86
12775,Netherlands,2010-10-26,18,7,1686.12,240.87,0,1083.0,55,7,2010-10-26,2011-11-22,392,Europe,154.71,1.56
12776,Portugal,2010-02-10,668,1,55.5,55.5,1,46.0,4,1,2010-02-10,2010-02-10,0,Europe,46.0,1.21
12777,United Kingdom,2010-09-08,458,1,519.45,519.45,1,458.0,26,1,2010-09-08,2010-09-08,0,Europe,458.0,1.13
12778,Netherlands,2010-04-16,20,9,1775.68,197.3,0,1735.0,77,9,2010-04-16,2011-11-20,583,Europe,192.78,1.02
12779,Poland,2009-12-03,38,14,6474.11,462.44,0,3501.0,142,14,2009-12-03,2011-11-02,699,Europe,250.07,1.85
12780,Netherlands,2010-04-20,599,1,337.4,337.4,1,285.0,20,1,2010-04-20,2010-04-20,0,Europe,285.0,1.18
12781,Czech Republic,2011-02-28,64,2,826.74,413.37,0,671.0,25,2,2011-02-28,2011-10-07,221,Europe,335.5,1.23
12782,Portugal,2010-07-08,5,11,4618.24,419.84,0,2017.0,142,11,2010-07-08,2011-12-05,515,Europe,183.36,2.29
12783,Portugal,2011-09-25,3,6,2225.91,370.99,0,624.0,76,6,2011-09-25,2011-12-07,73,Europe,104.0,3.57
12784,Portugal,2010-06-28,10,3,1763.15,587.72,0,862.0,121,3,2010-06-28,2011-11-30,520,Europe,287.33,2.05
12785,Portugal,2009-12-08,365,3,1100.4,366.8,1,453.0,42,3,2009-12-08,2010-12-10,367,Europe,151.0,2.43
12786,Netherlands,2010-04-09,610,1,728.5,728.5,1,324.0,18,1,2010-04-09,2010-04-09,0,Europe,324.0,2.25
12787,Netherlands,2010-10-22,10,4,862.18,215.55,0,510.0,30,4,2010-10-22,2011-11-30,404,Europe,127.5,1.69
12788,Netherlands,2010-06-29,464,4,444.9,111.23,1,194.0,20,4,2010-06-29,2010-09-02,65,Europe,48.5,2.29
12789,Netherlands,2010-01-15,66,3,273.35,91.12,0,36.0,5,3,2010-01-15,2011-10-05,628,Europe,12.0,7.59
12790,Netherlands,2010-10-25,193,2,591.85,295.93,1,306.0,36,2,2010-10-25,2011-05-31,218,Europe,153.0,1.93
12791,Netherlands,2010-03-25,374,6,863.51,143.92,1,353.0,17,6,2010-03-25,2010-12-01,251,Europe,58.83,2.45
12792,Portugal,2010-06-23,257,2,827.01,413.51,1,394.0,39,2,2010-06-23,2011-03-28,278,Europe,197.0,2.1
12793,Portugal,2010-11-03,335,3,885.53,295.18,1,461.0,34,3,2010-11-03,2011-01-09,67,Europe,153.67,1.92
12794,Portugal,2011-09-02,54,2,860.41,430.21,0,592.0,43,2,2011-09-02,2011-10-17,45,Europe,296.0,1.45
12795,Portugal,2011-11-21,19,1,430.48,430.48,0,68.0,14,1,2011-11-21,2011-11-21,0,Europe,68.0,6.33
12796,Netherlands,2010-03-21,629,1,381.0,381.0,1,182.0,7,1,2010-03-21,2010-03-21,0,Europe,182.0,2.09
12797,Portugal,2010-10-11,366,2,552.08,276.04,1,215.0,27,2,2010-10-11,2010-12-09,59,Europe,107.5,2.57
12798,Japan,2010-10-14,11,4,8510.93,2127.73,0,8455.0,27,4,2010-10-14,2011-11-29,411,Asia,2113.75,1.01
12799,Japan,2010-06-28,530,1,219.35,219.35,1,137.0,15,1,2010-06-28,2010-06-28,0,Asia,137.0,1.6
12800,Portugal,2010-02-01,471,3,584.25,194.75,1,284.0,31,3,2010-02-01,2010-08-26,206,Europe,94.67,2.06
12801,Sweden,2010-07-27,501,1,1071.82,1071.82,1,505.0,50,1,2010-07-27,2010-07-27,0,Europe,505.0,2.12
12802,Netherlands,2010-05-25,187,7,2416.42,345.2,1,1972.0,108,7,2010-05-25,2011-06-06,377,Europe,281.71,1.23
12803,Netherlands,2010-11-11,394,1,1092.81,1092.81,1,872.0,55,1,2010-11-11,2010-11-11,0,Europe,872.0,1.25
12804,Netherlands,2010-07-27,466,2,325.37,162.69,1,270.0,60,2,2010-07-27,2010-08-31,35,Europe,135.0,1.21
12805,Netherlands,2010-02-03,382,4,1434.95,358.74,1,593.0,44,4,2010-02-03,2010-11-23,293,Europe,148.25,2.42
12806,Netherlands,2010-04-30,436,4,2878.96,719.74,1,2087.0,58,4,2010-04-30,2010-09-30,153,Europe,521.75,1.38
12807,Sweden,2010-11-21,384,1,330.35,330.35,1,145.0,16,1,2010-11-21,2010-11-21,0,Europe,145.0,2.28
12808,Portugal,2010-09-03,37,5,776.7,155.34,0,322.0,46,5,2010-09-03,2011-11-03,426,Europe,64.4,2.41
12809,Portugal,2010-03-02,178,3,1755.94,585.31,0,518.0,75,3,2010-03-02,2011-06-15,470,Europe,172.67,3.39
12810,Japan,2010-02-01,535,2,534.99,267.5,1,389.0,32,2,2010-02-01,2010-06-23,142,Asia,194.5,1.38
12811,Portugal,2010-10-08,261,5,1033.9,206.78,1,435.0,47,5,2010-10-08,2011-03-24,167,Europe,87.0,2.38
12812,Japan,2011-10-26,45,1,229.64,229.64,0,164.0,15,1,2011-10-26,2011-10-26,0,Asia,164.0,1.4
12813,Netherlands,2010-01-15,502,3,1687.8,562.6,1,1141.0,37,3,2010-01-15,2010-07-26,192,Europe,380.33,1.48
12814,Poland,2011-08-30,102,1,125.92,125.92,1,49.0,2,1,2011-08-30,2011-08-30,0,Europe,49.0,2.57
12815,Poland,2011-05-25,148,2,1063.46,531.73,1,379.0,38,2,2011-05-25,2011-07-15,51,Europe,189.5,2.81
12816,Poland,2011-06-16,96,2,572.2,286.1,1,128.0,27,2,2011-06-16,2011-09-05,81,Europe,64.0,4.47
12817,Austria,2010-10-01,282,3,690.98,230.33,1,219.0,16,3,2010-10-01,2011-03-03,153,Europe,73.0,3.16
12818,Austria,2011-03-23,262,1,1542.08,1542.08,1,929.0,14,1,2011-03-23,2011-03-23,0,Europe,929.0,1.66
12819,United Kingdom,2010-09-07,459,1,540.52,540.52,1,344.0,19,1,2010-09-07,2010-09-07,0,Europe,344.0,1.57
12820,United Kingdom,2009-12-05,4,11,2689.52,244.5,0,1964.0,131,11,2009-12-05,2011-12-06,731,Europe,178.55,1.37
12821,United Kingdom,2010-04-07,215,2,220.8,110.4,1,162.0,13,2,2010-04-07,2011-05-09,397,Europe,81.0,1.36
12822,United Kingdom,2011-09-13,71,2,948.88,474.44,0,550.0,41,2,2011-09-13,2011-09-30,17,Europe,275.0,1.73
12823,United Kingdom,2010-01-29,75,18,6501.5,361.19,0,930.0,1,18,2010-01-29,2011-09-26,605,Europe,51.67,6.99
12824,United Kingdom,2011-10-11,60,1,397.12,397.12,0,232.0,25,1,2011-10-11,2011-10-11,0,Europe,232.0,1.71
12825,United Kingdom,2010-03-08,522,2,518.63,259.32,1,139.0,20,2,2010-03-08,2010-07-06,120,Europe,69.5,3.73
12826,United Kingdom,2009-12-18,3,12,2800.75,233.4,0,1915.0,93,12,2009-12-18,2011-12-07,719,Europe,159.58,1.46
12827,United Kingdom,2011-10-26,6,3,430.15,143.38,0,197.0,19,3,2011-10-26,2011-12-04,39,Europe,65.67,2.18
12828,United Kingdom,2011-08-01,3,6,1018.71,169.79,0,494.0,46,6,2011-08-01,2011-12-07,128,Europe,82.33,2.06
12829,United Kingdom,2010-06-07,337,3,385.3,128.43,1,550.0,17,3,2010-06-07,2011-01-07,214,Europe,183.33,0.7
12830,United Kingdom,2011-06-21,38,6,6814.64,1135.77,0,9848.0,13,6,2011-06-21,2011-11-02,134,Europe,1641.33,0.69
12831,United Kingdom,2010-09-02,263,3,451.11,150.37,1,303.0,16,3,2010-09-02,2011-03-22,201,Europe,101.0,1.49
12832,United Kingdom,2011-09-02,33,2,383.03,191.52,0,195.0,27,2,2011-09-02,2011-11-07,66,Europe,97.5,1.96
12833,United Kingdom,2011-07-17,146,1,417.38,417.38,1,156.0,24,1,2011-07-17,2011-07-17,0,Europe,156.0,2.68
12834,United Kingdom,2011-03-02,283,1,312.38,312.38,1,110.0,18,1,2011-03-02,2011-03-02,0,Europe,110.0,2.84
12835,United Kingdom,2009-12-03,428,41,5996.83,146.26,1,2349.0,138,41,2009-12-03,2010-10-08,309,Europe,57.29,2.55
12836,United Kingdom,2009-12-01,60,15,6559.73,437.32,0,2231.0,280,15,2009-12-01,2011-10-11,679,Europe,148.73,2.94
12837,United Kingdom,2010-05-19,174,2,662.66,331.33,1,194.0,83,2,2010-05-19,2011-06-19,396,Europe,97.0,3.42
12838,United Kingdom,2010-04-26,34,10,2975.91,297.59,0,1606.0,230,10,2010-04-26,2011-11-06,559,Europe,160.6,1.85
12839,United Kingdom,2009-12-07,3,26,9669.12,371.89,0,6578.0,156,26,2009-12-07,2011-12-07,730,Europe,253.0,1.47
12840,United Kingdom,2010-02-03,144,7,4041.97,577.42,0,2258.0,109,7,2010-02-03,2011-07-19,531,Europe,322.57,1.79
12841,United Kingdom,2010-07-08,5,40,6958.2,173.96,0,5008.0,307,40,2010-07-08,2011-12-05,515,Europe,125.2,1.39
12842,United Kingdom,2009-12-02,71,4,1917.99,479.5,0,887.0,45,4,2009-12-02,2011-09-30,667,Europe,221.75,2.16
12843,United Kingdom,2009-12-13,66,30,6583.36,219.45,0,3028.0,130,30,2009-12-13,2011-10-05,661,Europe,100.93,2.17
12844,United Kingdom,2010-04-25,30,4,648.6,162.15,0,223.0,88,4,2010-04-25,2011-11-10,564,Europe,55.75,2.91
12845,United Kingdom,2011-02-22,268,4,354.09,88.52,1,204.0,26,4,2011-02-22,2011-03-17,23,Europe,51.0,1.74
12846,United Kingdom,2010-01-26,683,1,15.58,15.58,1,1.0,1,1,2010-01-26,2010-01-26,0,Europe,1.0,15.58
12847,United Kingdom,2010-11-17,23,2,1609.0,804.5,0,1497.0,100,2,2010-11-17,2011-11-17,365,Europe,748.5,1.07
12848,United Kingdom,2010-02-02,676,1,208.0,208.0,1,58.0,16,1,2010-02-02,2010-02-02,0,Europe,58.0,3.59
12849,United Kingdom,2010-04-27,32,6,3042.47,507.08,0,1855.0,123,6,2010-04-27,2011-11-08,560,Europe,309.17,1.64
12850,United Kingdom,2010-09-20,446,1,330.0,330.0,1,200.0,2,1,2010-09-20,2010-09-20,0,Europe,200.0,1.65
12851,United Kingdom,2010-08-19,97,2,280.76,140.38,1,157.0,71,2,2010-08-19,2011-09-04,381,Europe,78.5,1.79
12852,United Kingdom,2011-02-18,295,1,311.55,311.55,1,149.0,17,1,2011-02-18,2011-02-18,0,Europe,149.0,2.09
12853,United Kingdom,2010-02-05,135,11,3907.5,355.23,0,1668.0,111,11,2010-02-05,2011-07-28,538,Europe,151.64,2.34
12854,United Kingdom,2009-12-11,79,7,2970.97,424.42,0,1630.0,188,7,2009-12-11,2011-09-22,650,Europe,232.86,1.82
12855,United Kingdom,2010-11-02,373,4,612.84,153.21,1,240.0,65,4,2010-11-02,2010-12-02,30,Europe,60.0,2.55
12856,United Kingdom,2011-10-07,8,6,2170.78,361.8,0,1076.0,155,6,2011-10-07,2011-12-02,56,Europe,179.33,2.02
12857,United Kingdom,2010-01-25,211,6,3688.0,614.67,1,1420.0,71,6,2010-01-25,2011-05-13,473,Europe,236.67,2.6
12858,United Kingdom,2010-11-21,384,1,147.27,147.27,1,51.0,36,1,2010-11-21,2010-11-21,0,Europe,51.0,2.89
12859,United Kingdom,2010-09-07,459,1,575.1,575.1,1,292.0,21,1,2010-09-07,2010-09-07,0,Europe,292.0,1.97
12860,United Kingdom,2010-01-15,694,1,54.22,54.22,1,26.0,16,1,2010-01-15,2010-01-15,0,Europe,26.0,2.09
12861,United Kingdom,2010-03-30,620,1,68.25,68.25,1,27.0,4,1,2010-03-30,2010-03-30,0,Europe,27.0,2.53
12862,United Kingdom,2010-08-01,426,2,984.62,492.31,1,611.0,119,2,2010-08-01,2010-10-10,70,Europe,305.5,1.61
12863,United Kingdom,2010-04-29,53,6,2792.55,465.43,0,895.0,24,6,2010-04-29,2011-10-18,537,Europe,149.17,3.12
12864,United Kingdom,2010-07-19,139,2,299.57,149.79,1,447.0,5,2,2010-07-19,2011-07-24,370,Europe,223.5,0.67
12865,Austria,2010-08-20,27,4,3323.47,830.87,0,1973.0,156,4,2010-08-20,2011-11-13,450,Europe,493.25,1.68
12866,Belgium,2010-07-25,284,3,1227.35,409.12,1,553.0,58,3,2010-07-25,2011-03-01,219,Europe,184.33,2.22
12867,United Kingdom,2009-12-16,27,13,7829.26,602.25,0,7876.0,365,13,2009-12-16,2011-11-13,697,Europe,605.85,0.99
12868,United Kingdom,2010-11-12,186,8,2043.76,255.47,1,1170.0,86,8,2010-11-12,2011-06-07,207,Europe,146.25,1.75
12869,United Kingdom,2010-01-27,682,1,337.67,337.67,1,144.0,35,1,2010-01-27,2010-01-27,0,Europe,144.0,2.34
12870,United Kingdom,2010-03-25,376,3,1676.95,558.98,1,906.0,85,3,2010-03-25,2010-11-29,249,Europe,302.0,1.85
12871,United Kingdom,2010-09-26,85,3,744.02,248.01,0,484.0,13,3,2010-09-26,2011-09-16,355,Europe,161.33,1.54
12872,United Kingdom,2009-12-03,327,12,3283.96,273.66,1,1642.0,217,12,2009-12-03,2011-01-17,410,Europe,136.83,2.0
12873,United Kingdom,2010-01-27,283,3,2027.3,675.77,1,786.0,33,3,2010-01-27,2011-03-02,399,Europe,262.0,2.58
12874,Belgium,2010-06-03,386,2,948.42,474.21,1,623.0,44,2,2010-06-03,2010-11-19,169,Europe,311.5,1.52
12875,United Kingdom,2010-01-11,144,5,1356.99,271.4,0,5187.0,2,5,2010-01-11,2011-07-19,554,Europe,1037.4,0.26
12876,Belgium,2010-04-28,58,4,4081.79,1020.45,0,3047.0,117,4,2010-04-28,2011-10-13,533,Europe,761.75,1.34
12877,United Kingdom,2010-01-18,4,20,2942.14,147.11,0,2237.0,149,20,2010-01-18,2011-12-06,687,Europe,111.85,1.32
12878,United Kingdom,2011-03-18,237,2,854.99,427.5,1,547.0,38,2,2011-03-18,2011-04-17,30,Europe,273.5,1.56
12879,United Kingdom,2011-09-09,45,3,573.22,191.07,0,370.0,7,3,2011-09-09,2011-10-26,47,Europe,123.33,1.55
12880,United Kingdom,2010-05-14,382,2,640.13,320.07,1,279.0,32,2,2010-05-14,2010-11-23,193,Europe,139.5,2.29
12881,United Kingdom,2011-03-09,276,1,298.0,298.0,1,21.0,7,1,2011-03-09,2011-03-09,0,Europe,21.0,14.19
12882,United Kingdom,2011-11-06,10,2,1463.04,731.52,0,246.0,12,2,2011-11-06,2011-11-30,24,Europe,123.0,5.95
12883,United Kingdom,2011-09-11,25,4,703.47,175.87,0,196.0,39,4,2011-09-11,2011-11-15,65,Europe,49.0,3.59
12884,United Kingdom,2011-09-12,89,1,309.05,309.05,0,43.0,7,1,2011-09-12,2011-09-12,0,Europe,43.0,7.19
12885,United Kingdom,2011-08-08,64,3,1175.22,391.74,0,655.0,66,3,2011-08-08,2011-10-07,60,Europe,218.33,1.79
12886,United Kingdom,2011-05-04,68,2,1378.4,689.2,0,770.0,75,2,2011-05-04,2011-10-03,152,Europe,385.0,1.79
12887,United Kingdom,2010-11-21,384,1,222.4,222.4,1,100.0,13,1,2010-11-21,2010-11-21,0,Europe,100.0,2.22
12888,United Kingdom,2011-03-29,215,2,354.12,177.06,1,76.0,4,2,2011-03-29,2011-05-09,41,Europe,38.0,4.66
12889,United Kingdom,2010-07-25,382,4,385.46,96.37,1,124.0,25,4,2010-07-25,2010-11-23,121,Europe,31.0,3.11
12890,United Kingdom,2010-11-17,25,2,706.02,353.01,0,457.0,124,2,2010-11-17,2011-11-15,363,Europe,228.5,1.54
12891,United Kingdom,2010-02-18,186,11,840.5,76.41,1,2325.0,2,11,2010-02-18,2011-06-07,474,Europe,211.36,0.36
12892,United Kingdom,2010-11-08,397,1,263.38,263.38,1,140.0,18,1,2010-11-08,2010-11-08,0,Europe,140.0,1.88
12893,United Kingdom,2011-11-09,31,1,176.55,176.55,0,90.0,27,1,2011-11-09,2011-11-09,0,Europe,90.0,1.96
12894,United Kingdom,2010-05-13,576,1,157.35,157.35,1,33.0,21,1,2010-05-13,2010-05-13,0,Europe,33.0,4.77
12895,United Kingdom,2011-09-14,43,2,372.8,186.4,0,210.0,22,2,2011-09-14,2011-10-28,44,Europe,105.0,1.78
12897,United Kingdom,2010-06-14,205,4,514.25,128.56,1,249.0,10,4,2010-06-14,2011-05-19,339,Europe,62.25,2.07
12898,United Kingdom,2010-02-18,464,2,296.21,148.11,1,235.0,27,2,2010-02-18,2010-09-02,196,Europe,117.5,1.26
12899,United Kingdom,2010-10-22,414,1,366.4,366.4,1,108.0,17,1,2010-10-22,2010-10-22,0,Europe,108.0,3.39
12900,United Kingdom,2010-10-13,423,1,340.33,340.33,1,139.0,13,1,2010-10-13,2010-10-13,0,Europe,139.0,2.45
12901,United Kingdom,2011-03-14,9,28,17654.54,630.52,0,23075.0,30,28,2011-03-14,2011-12-01,262,Europe,824.11,0.77
12902,United Kingdom,2011-03-20,265,1,138.68,138.68,1,66.0,10,1,2011-03-20,2011-03-20,0,Europe,66.0,2.1
12903,United Kingdom,2010-10-07,429,1,833.53,833.53,1,493.0,41,1,2010-10-07,2010-10-07,0,Europe,493.0,1.69
12904,United Kingdom,2011-06-20,19,2,496.06,248.03,0,294.0,59,2,2011-06-20,2011-11-21,154,Europe,147.0,1.69
12905,United Kingdom,2010-01-26,577,2,1018.42,509.21,1,532.0,52,2,2010-01-26,2010-05-12,106,Europe,266.0,1.91
12906,United Kingdom,2011-09-22,12,5,2919.81,583.96,0,1749.0,55,5,2011-09-22,2011-11-28,67,Europe,349.8,1.67
12907,United Kingdom,2010-08-02,396,2,508.91,254.46,1,177.0,23,2,2010-08-02,2010-11-09,99,Europe,88.5,2.88
12908,United Kingdom,2010-03-19,177,5,1776.0,355.2,0,3000.0,1,5,2010-03-19,2011-06-16,454,Europe,600.0,0.59
12909,United Kingdom,2010-02-24,40,8,3103.19,387.9,0,1945.0,120,8,2010-02-24,2011-10-31,614,Europe,243.13,1.59
12910,United Kingdom,2010-03-28,24,13,5796.52,445.89,0,3632.0,75,13,2010-03-28,2011-11-16,598,Europe,279.38,1.6
12911,United Kingdom,2010-06-06,552,1,1651.72,1651.72,1,807.0,220,1,2010-06-06,2010-06-06,0,Europe,807.0,2.05
12912,United Kingdom,2011-10-30,3,5,1662.3,332.46,0,670.0,17,5,2011-10-30,2011-12-07,38,Europe,134.0,2.48
12913,United Kingdom,2009-12-01,5,13,6283.24,483.33,0,3086.0,52,13,2009-12-01,2011-12-05,734,Europe,237.38,2.04
12914,United Kingdom,2010-11-04,401,1,223.98,223.98,1,336.0,9,1,2010-11-04,2010-11-04,0,Europe,336.0,0.67
12915,United Kingdom,2010-04-29,149,4,975.1,243.78,0,411.0,46,4,2010-04-29,2011-07-14,441,Europe,102.75,2.37
12916,United Kingdom,2010-01-24,139,7,4479.73,639.96,0,1681.0,82,7,2010-01-24,2011-07-24,546,Europe,240.14,2.66
12917,United Kingdom,2009-12-09,129,6,4359.2,726.53,0,1104.0,45,6,2009-12-09,2011-08-03,602,Europe,184.0,3.95
12918,United Kingdom,2010-03-23,627,1,10953.5,10953.5,1,1.0,1,1,2010-03-23,2010-03-23,0,Europe,1.0,10953.5
12919,United Kingdom,2011-06-23,9,6,1335.19,222.53,0,673.0,34,6,2011-06-23,2011-12-01,161,Europe,112.17,1.98
12920,United Kingdom,2009-12-14,18,4,486.64,121.66,0,420.0,59,4,2009-12-14,2011-11-22,708,Europe,105.0,1.16
12921,United Kingdom,2009-12-01,10,74,35233.24,476.12,0,21328.0,322,74,2009-12-01,2011-11-30,729,Europe,288.22,1.65
12922,United Kingdom,2011-07-01,162,1,405.38,405.38,1,370.0,28,1,2011-07-01,2011-07-01,0,Europe,370.0,1.1
12923,United Kingdom,2010-05-13,65,3,770.42,256.81,0,230.0,54,3,2010-05-13,2011-10-06,511,Europe,76.67,3.35
12924,United Kingdom,2009-12-09,89,12,2469.4,205.78,0,1423.0,56,12,2009-12-09,2011-09-12,642,Europe,118.58,1.74
12925,United Kingdom,2010-04-26,5,3,729.33,243.11,0,649.0,46,3,2010-04-26,2011-12-05,588,Europe,216.33,1.12
12926,United Kingdom,2009-12-14,412,4,1523.97,380.99,1,754.0,202,4,2009-12-14,2010-10-24,314,Europe,188.5,2.02
12927,United Kingdom,2010-11-10,395,1,197.31,197.31,1,145.0,11,1,2010-11-10,2010-11-10,0,Europe,145.0,1.36
12928,United Kingdom,2010-06-08,36,12,4304.89,358.74,0,2899.0,94,12,2010-06-08,2011-11-04,514,Europe,241.58,1.48
12929,United Kingdom,2011-02-01,312,1,117.85,117.85,1,37.0,8,1,2011-02-01,2011-02-01,0,Europe,37.0,3.19
12930,United Kingdom,2011-06-21,79,2,415.8,207.9,0,252.0,20,2,2011-06-21,2011-09-22,93,Europe,126.0,1.65
12931,United Kingdom,2009-12-01,22,57,92347.34,1620.13,0,62606.0,37,57,2009-12-01,2011-11-18,717,Europe,1098.35,1.47
12932,United Kingdom,2010-02-10,540,8,1698.56,212.32,1,1609.0,69,8,2010-02-10,2010-06-18,128,Europe,201.13,1.06
12933,United Kingdom,2009-12-10,25,8,1636.63,204.58,0,949.0,227,8,2009-12-10,2011-11-15,705,Europe,118.63,1.72
12934,United Kingdom,2009-12-03,737,1,181.65,181.65,1,31.0,2,1,2009-12-03,2009-12-03,0,Europe,31.0,5.86
12935,United Kingdom,2010-04-11,3,15,4243.86,282.92,0,3201.0,113,15,2010-04-11,2011-12-07,605,Europe,213.4,1.33
12936,United Kingdom,2011-09-22,18,4,1063.9,265.98,0,559.0,56,4,2011-09-22,2011-11-22,61,Europe,139.75,1.9
12937,United Kingdom,2009-12-03,16,9,3097.61,344.18,0,1983.0,128,9,2009-12-03,2011-11-24,721,Europe,220.33,1.56
12938,United Kingdom,2011-11-14,26,1,114.14,114.14,0,140.0,9,1,2011-11-14,2011-11-14,0,Europe,140.0,0.82
12939,United Kingdom,2010-01-12,65,20,25264.8,1263.24,0,10328.0,24,20,2010-01-12,2011-10-06,632,Europe,516.4,2.45
12940,United Kingdom,2011-09-13,55,2,899.69,449.85,0,404.0,87,2,2011-09-13,2011-10-16,33,Europe,202.0,2.23
12941,United Kingdom,2009-12-15,725,1,377.49,377.49,1,381.0,27,1,2009-12-15,2009-12-15,0,Europe,381.0,0.99
12942,United Kingdom,2010-12-09,132,3,675.6,225.2,0,198.0,68,3,2010-12-09,2011-07-31,234,Europe,66.0,3.41
12943,United Kingdom,2010-04-13,559,2,496.5,248.25,1,222.0,22,2,2010-04-13,2010-05-30,47,Europe,111.0,2.24
12944,United Kingdom,2010-12-20,36,2,604.51,302.26,0,289.0,29,2,2010-12-20,2011-11-04,319,Europe,144.5,2.09
12945,United Kingdom,2010-02-21,289,2,900.11,450.06,1,446.0,47,2,2010-02-21,2011-02-24,368,Europe,223.0,2.02
12946,United Kingdom,2010-09-29,437,1,324.45,324.45,1,149.0,20,1,2010-09-29,2010-09-29,0,Europe,149.0,2.18
12947,United Kingdom,2010-12-01,144,6,1603.99,267.33,0,1165.0,83,6,2010-12-01,2011-07-19,230,Europe,194.17,1.38
12948,United Kingdom,2009-12-02,17,9,2317.43,257.49,0,1304.0,89,9,2009-12-02,2011-11-23,721,Europe,144.89,1.78
12949,United Kingdom,2009-12-03,31,22,15526.7,705.76,0,8233.0,347,22,2009-12-03,2011-11-09,706,Europe,374.23,1.89
12950,United Kingdom,2011-11-15,3,3,1843.0,614.33,0,1380.0,13,3,2011-11-15,2011-12-07,22,Europe,460.0,1.34
12951,United Kingdom,2010-01-10,9,15,3213.72,214.25,0,1662.0,110,15,2010-01-10,2011-12-01,690,Europe,110.8,1.93
12952,United Kingdom,2011-09-22,6,4,1387.79,346.95,0,653.0,64,4,2011-09-22,2011-12-04,73,Europe,163.25,2.13
12953,United Kingdom,2010-07-05,10,2,828.81,414.41,0,364.0,45,2,2010-07-05,2011-11-30,513,Europe,182.0,2.28
12954,United Kingdom,2010-03-11,639,1,162.45,162.45,1,83.0,10,1,2010-03-11,2010-03-11,0,Europe,83.0,1.96
12955,United Kingdom,2011-03-17,2,11,4757.16,432.47,0,3664.0,81,11,2011-03-17,2011-12-08,266,Europe,333.09,1.3
12956,United Kingdom,2009-12-15,307,4,521.89,130.47,1,340.0,42,4,2009-12-15,2011-02-06,418,Europe,85.0,1.53
12957,United Kingdom,2009-12-11,10,13,8706.97,669.77,0,4686.0,402,13,2009-12-11,2011-11-30,719,Europe,360.46,1.86
12958,United Kingdom,2010-05-05,401,2,467.34,233.67,1,118.0,45,2,2010-05-05,2010-11-04,183,Europe,59.0,3.96
12959,United Kingdom,2010-08-12,485,1,150.95,150.95,1,109.0,8,1,2010-08-12,2010-08-12,0,Europe,109.0,1.38
12960,United Kingdom,2010-02-16,414,4,1322.07,330.52,1,1379.0,49,4,2010-02-16,2010-10-22,248,Europe,344.75,0.96
12961,United Kingdom,2010-11-25,380,1,211.99,211.99,1,180.0,37,1,2010-11-25,2010-11-25,0,Europe,180.0,1.18
12962,United Kingdom,2011-08-18,8,2,266.39,133.2,0,129.0,15,2,2011-08-18,2011-12-02,106,Europe,64.5,2.07
12963,United Kingdom,2010-07-08,9,12,3235.79,269.65,0,1637.0,129,12,2010-07-08,2011-12-01,511,Europe,136.42,1.98
12964,United Kingdom,2010-09-28,438,1,132.24,132.24,1,56.0,26,1,2010-09-28,2010-09-28,0,Europe,56.0,2.36
12965,United Kingdom,2011-09-11,90,1,769.81,769.81,0,282.0,108,1,2011-09-11,2011-09-11,0,Europe,282.0,2.73
12966,United Kingdom,2011-11-30,10,1,160.18,160.18,0,75.0,10,1,2011-11-30,2011-11-30,0,Europe,75.0,2.14
12967,United Kingdom,2010-11-21,359,3,2938.52,979.51,1,912.0,47,3,2010-11-21,2010-12-16,25,Europe,304.0,3.22
12968,United Kingdom,2011-08-19,113,1,135.95,135.95,1,73.0,5,1,2011-08-19,2011-08-19,0,Europe,73.0,1.86
12969,United Kingdom,2010-04-16,603,1,122.45,122.45,1,55.0,5,1,2010-04-16,2010-04-16,0,Europe,55.0,2.23
12970,United Kingdom,2009-12-04,8,10,1453.6,145.36,0,954.0,280,10,2009-12-04,2011-12-02,728,Europe,95.4,1.52
12971,United Kingdom,2009-12-15,4,116,15704.6,135.38,0,14306.0,102,116,2009-12-15,2011-12-06,721,Europe,123.33,1.1
12972,United Kingdom,2010-02-16,414,4,1161.2,290.3,1,844.0,69,4,2010-02-16,2010-10-22,248,Europe,211.0,1.38
12973,United Kingdom,2010-10-22,414,1,385.55,385.55,1,31.0,6,1,2010-10-22,2010-10-22,0,Europe,31.0,12.44
12974,United Kingdom,2010-05-23,198,2,408.95,204.48,1,104.0,27,2,2010-05-23,2011-05-26,368,Europe,52.0,3.93
12975,United Kingdom,2009-12-06,437,6,2100.09,350.02,1,911.0,92,6,2009-12-06,2010-09-29,297,Europe,151.83,2.31
12976,United Kingdom,2010-02-12,212,8,3156.38,394.55,1,2684.0,106,8,2010-02-12,2011-05-12,454,Europe,335.5,1.18
12977,United Kingdom,2010-07-16,157,4,513.88,128.47,0,128.0,54,4,2010-07-16,2011-07-06,355,Europe,32.0,4.01
12978,United Kingdom,2009-12-10,386,5,2502.82,500.56,1,1394.0,126,5,2009-12-10,2010-11-19,344,Europe,278.8,1.8
12979,United Arab Emirates,2009-12-10,730,1,517.7,517.7,1,520.0,56,1,2009-12-10,2009-12-10,0,Middle East,520.0,1.0
12980,United Kingdom,2009-12-02,158,21,16245.78,773.61,0,1910.0,7,21,2009-12-02,2011-07-05,580,Europe,90.95,8.51
12981,United Kingdom,2011-07-29,30,2,372.22,186.11,0,242.0,12,2,2011-07-29,2011-11-10,104,Europe,121.0,1.54
12982,United Kingdom,2010-04-12,243,8,2744.81,343.1,1,1729.0,139,8,2010-04-12,2011-04-11,364,Europe,216.13,1.59
12983,United Kingdom,2010-04-20,599,1,490.08,490.08,1,638.0,30,1,2010-04-20,2010-04-20,0,Europe,638.0,0.77
12984,United Kingdom,2011-11-21,19,1,97.5,97.5,0,26.0,4,1,2011-11-21,2011-11-21,0,Europe,26.0,3.75
12985,United Kingdom,2011-11-11,1,2,1239.38,619.69,0,1533.0,73,2,2011-11-11,2011-12-09,28,Europe,766.5,0.81
12986,United Kingdom,2010-01-21,429,10,2729.84,272.98,1,1164.0,61,10,2010-01-21,2010-10-07,259,Europe,116.4,2.35
12987,United Kingdom,2010-01-20,74,5,1312.21,262.44,0,585.0,61,5,2010-01-20,2011-09-27,615,Europe,117.0,2.24
12988,United Kingdom,2011-02-20,293,1,505.82,505.82,1,126.0,75,1,2011-02-20,2011-02-20,0,Europe,126.0,4.01
12989,United Kingdom,2009-12-10,4,33,13551.75,410.66,0,6935.0,50,33,2009-12-10,2011-12-06,726,Europe,210.15,1.95
12990,United Kingdom,2010-03-30,32,7,955.5,136.5,0,480.0,9,7,2010-03-30,2011-11-08,588,Europe,68.57,1.99
12991,United Kingdom,2010-11-15,24,3,764.82,254.94,0,483.0,45,3,2010-11-15,2011-11-16,366,Europe,161.0,1.58
12992,United Kingdom,2009-12-14,726,1,93.35,93.35,1,21.0,6,1,2009-12-14,2009-12-14,0,Europe,21.0,4.45
12993,United Kingdom,2010-02-18,24,8,1259.63,157.45,0,751.0,57,8,2010-02-18,2011-11-16,636,Europe,93.88,1.68
12994,United Kingdom,2011-03-16,5,3,974.42,324.81,0,459.0,52,3,2011-03-16,2011-12-05,264,Europe,153.0,2.12
12995,United Kingdom,2011-09-15,86,1,211.32,211.32,0,108.0,3,1,2011-09-15,2011-09-15,0,Europe,108.0,1.96
12996,United Kingdom,2010-11-29,376,1,355.5,355.5,1,122.0,22,1,2010-11-29,2010-11-29,0,Europe,122.0,2.91
12997,United Kingdom,2010-04-06,23,8,2110.91,263.86,0,1186.0,65,8,2010-04-06,2011-11-17,590,Europe,148.25,1.78
12998,United Kingdom,2010-02-24,493,3,920.08,306.69,1,1124.0,58,3,2010-02-24,2010-08-04,161,Europe,374.67,0.82
12999,United Kingdom,2011-04-08,197,3,455.88,151.96,1,342.0,25,3,2011-04-08,2011-05-27,49,Europe,114.0,1.33
13000,United Kingdom,2009-12-14,107,4,1032.5,258.13,0,548.0,57,4,2009-12-14,2011-08-25,619,Europe,137.0,1.88
13001,United Kingdom,2009-12-03,5,33,24042.65,728.57,0,13448.0,300,33,2009-12-03,2011-12-05,732,Europe,407.52,1.79
13002,United Kingdom,2010-10-01,319,3,414.13,138.04,1,201.0,19,3,2010-10-01,2011-01-25,116,Europe,67.0,2.06
13003,United Kingdom,2011-05-09,106,3,149.05,49.68,0,103.0,4,3,2011-05-09,2011-08-26,109,Europe,34.33,1.45
13004,United Kingdom,2009-12-15,12,36,11650.85,323.63,0,8768.0,417,36,2009-12-15,2011-11-28,713,Europe,243.56,1.33
13005,United Kingdom,2010-09-08,174,4,999.68,249.92,0,462.0,41,4,2010-09-08,2011-06-19,284,Europe,115.5,2.16
13006,United Kingdom,2011-10-14,57,1,81.57,81.57,0,55.0,4,1,2011-10-14,2011-10-14,0,Europe,55.0,1.48
13007,United Kingdom,2010-05-09,580,1,175.25,175.25,1,59.0,11,1,2010-05-09,2010-05-09,0,Europe,59.0,2.97
13008,United Kingdom,2009-12-16,324,3,612.13,204.04,1,379.0,31,3,2009-12-16,2011-01-20,400,Europe,126.33,1.62
13009,United Kingdom,2010-02-05,673,1,234.0,234.0,1,120.0,4,1,2010-02-05,2010-02-05,0,Europe,120.0,1.95
13010,United Kingdom,2010-03-01,375,2,330.12,165.06,1,323.0,10,2,2010-03-01,2010-11-30,274,Europe,161.5,1.02
13011,United Kingdom,2010-12-02,373,1,50.55,50.55,1,13.0,3,1,2010-12-02,2010-12-02,0,Europe,13.0,3.89
13012,United Kingdom,2010-04-26,10,11,2957.83,268.89,0,1559.0,95,11,2010-04-26,2011-11-30,583,Europe,141.73,1.9
13013,United Kingdom,2009-12-14,2,29,11097.43,382.67,0,5661.0,289,29,2009-12-14,2011-12-08,724,Europe,195.21,1.96
13014,United Kingdom,2010-10-03,11,11,5381.08,489.19,0,1979.0,140,11,2010-10-03,2011-11-29,422,Europe,179.91,2.72
13015,United Kingdom,2010-04-15,54,11,6579.78,598.16,0,3527.0,260,11,2010-04-15,2011-10-17,550,Europe,320.64,1.87
13016,United Kingdom,2011-08-08,74,3,789.89,263.3,0,527.0,39,3,2011-08-08,2011-09-27,50,Europe,175.67,1.5
13017,United Kingdom,2011-12-02,8,1,204.0,204.0,0,48.0,1,1,2011-12-02,2011-12-02,0,Europe,48.0,4.25
13018,United Kingdom,2010-03-01,17,35,9763.16,278.95,0,6746.0,401,35,2010-03-01,2011-11-23,632,Europe,192.74,1.45
13019,United Kingdom,2009-12-06,380,6,1229.95,204.99,1,397.0,46,6,2009-12-06,2010-11-25,354,Europe,66.17,3.1
13020,United Kingdom,2010-02-18,563,2,618.96,309.48,1,278.0,38,2,2010-02-18,2010-05-26,97,Europe,139.0,2.23
13021,United Kingdom,2009-12-05,5,17,4887.24,287.48,0,2546.0,166,17,2009-12-05,2011-12-05,730,Europe,149.76,1.92
13022,Belgium,2010-10-06,430,1,65.3,65.3,1,35.0,5,1,2010-10-06,2010-10-06,0,Europe,35.0,1.87
13023,United Kingdom,2010-06-29,65,3,1449.03,483.01,0,585.0,69,3,2010-06-29,2011-10-06,464,Europe,195.0,2.48
13024,United Kingdom,2010-05-06,471,2,555.87,277.94,1,181.0,26,2,2010-05-06,2010-08-26,112,Europe,90.5,3.07
13025,United Kingdom,2009-12-08,732,1,323.39,323.39,1,241.0,13,1,2009-12-08,2009-12-08,0,Europe,241.0,1.34
13026,United Kingdom,2009-12-13,2,9,1733.08,192.56,0,2466.0,52,9,2009-12-13,2011-12-08,725,Europe,274.0,0.7
13027,United Kingdom,2010-01-20,114,19,17239.2,907.33,0,42840.0,7,19,2010-01-20,2011-08-18,575,Europe,2254.74,0.4
13028,United Kingdom,2011-10-25,23,2,661.32,330.66,0,798.0,40,2,2011-10-25,2011-11-17,23,Europe,399.0,0.83
13029,United Kingdom,2010-07-04,31,5,1927.3,385.46,0,194.0,13,5,2010-07-04,2011-11-09,493,Europe,38.8,9.93
13030,United Kingdom,2010-12-06,12,2,752.44,376.22,0,348.0,76,2,2010-12-06,2011-11-28,357,Europe,174.0,2.16
13031,United Kingdom,2010-06-03,408,5,3292.84,658.57,1,2309.0,275,5,2010-06-03,2010-10-28,147,Europe,461.8,1.43
13032,United Kingdom,2010-09-05,53,9,2815.96,312.88,0,1274.0,147,9,2010-09-05,2011-10-18,408,Europe,141.56,2.21
13033,United Kingdom,2010-10-06,358,2,220.55,110.28,1,98.0,12,2,2010-10-06,2010-12-17,72,Europe,49.0,2.25
13034,United Kingdom,2010-11-03,55,3,756.82,252.27,0,406.0,42,3,2010-11-03,2011-10-16,347,Europe,135.33,1.86
13035,United Kingdom,2010-10-04,74,3,1364.2,454.73,0,926.0,27,3,2010-10-04,2011-09-27,358,Europe,308.67,1.47
13036,United Kingdom,2010-01-24,685,1,307.1,307.1,1,38.0,6,1,2010-01-24,2010-01-24,0,Europe,38.0,8.08
13037,United Kingdom,2009-12-03,139,12,3914.95,326.25,0,2130.0,181,12,2009-12-03,2011-07-24,598,Europe,177.5,1.84
13038,United Kingdom,2011-02-22,81,3,908.46,302.82,0,360.0,24,3,2011-02-22,2011-09-20,210,Europe,120.0,2.52
13039,United Kingdom,2009-12-17,585,4,1010.73,252.68,1,290.0,37,4,2009-12-17,2010-05-04,138,Europe,72.5,3.49
13040,United Kingdom,2011-11-06,9,2,676.99,338.5,0,355.0,38,2,2011-11-06,2011-12-01,25,Europe,177.5,1.91
13041,United Kingdom,2010-04-29,451,4,799.13,199.78,1,335.0,23,4,2010-04-29,2010-09-15,139,Europe,83.75,2.39
13042,United Kingdom,2009-12-07,599,3,1488.59,496.2,1,812.0,164,3,2009-12-07,2010-04-20,134,Europe,270.67,1.83
13043,United Kingdom,2011-03-11,274,1,516.42,516.42,1,254.0,13,1,2011-03-11,2011-03-11,0,Europe,254.0,2.03
13044,United Kingdom,2010-01-08,292,11,4848.05,440.73,1,2548.0,356,11,2010-01-08,2011-02-21,409,Europe,231.64,1.9
13045,United Kingdom,2010-08-10,100,3,808.92,269.64,0,405.0,41,3,2010-08-10,2011-09-01,387,Europe,135.0,2.0
13046,United Kingdom,2010-09-09,31,3,949.25,316.42,0,505.0,50,3,2010-09-09,2011-11-09,426,Europe,168.33,1.88
13047,United Kingdom,2009-12-16,32,24,8428.53,351.19,0,3328.0,190,24,2009-12-16,2011-11-08,692,Europe,138.67,2.53
13048,United Kingdom,2010-01-27,15,9,4049.13,449.9,0,2661.0,125,9,2010-01-27,2011-11-25,667,Europe,295.67,1.52
13049,United Kingdom,2010-11-03,65,4,1408.24,352.06,0,620.0,19,4,2010-11-03,2011-10-06,337,Europe,155.0,2.27
13050,United Kingdom,2009-12-15,15,35,11986.52,342.47,0,7015.0,513,35,2009-12-15,2011-11-25,710,Europe,200.43,1.71
13051,United Kingdom,2010-03-30,579,2,155.8,77.9,1,72.0,4,2,2010-03-30,2010-05-10,41,Europe,36.0,2.16
13052,United Kingdom,2010-02-23,213,7,3119.33,445.62,1,1424.0,161,7,2010-02-23,2011-05-11,442,Europe,203.43,2.19
13053,United Kingdom,2010-03-28,622,1,127.65,127.65,1,47.0,17,1,2010-03-28,2010-03-28,0,Europe,47.0,2.72
13055,United Kingdom,2010-10-06,79,4,2321.11,580.28,0,1821.0,145,4,2010-10-06,2011-09-22,351,Europe,455.25,1.27
13056,United Kingdom,2010-06-06,552,1,209.48,209.48,1,158.0,18,1,2010-06-06,2010-06-06,0,Europe,158.0,1.33
13057,United Kingdom,2010-03-18,531,3,709.59,236.53,1,456.0,34,3,2010-03-18,2010-06-27,101,Europe,152.0,1.56
13058,United Kingdom,2011-07-11,25,3,271.4,90.47,0,52.0,5,3,2011-07-11,2011-11-15,127,Europe,17.33,5.22
13059,United Kingdom,2010-03-31,250,10,2291.77,229.18,1,860.0,155,10,2010-03-31,2011-04-04,369,Europe,86.0,2.66
13060,United Kingdom,2011-03-31,254,1,307.53,307.53,1,123.0,15,1,2011-03-31,2011-03-31,0,Europe,123.0,2.5
13061,United Kingdom,2011-09-28,73,1,248.61,248.61,0,107.0,10,1,2011-09-28,2011-09-28,0,Europe,107.0,2.32
13062,United Kingdom,2011-06-01,192,1,346.98,346.98,1,343.0,11,1,2011-06-01,2011-06-01,0,Europe,343.0,1.01
13063,United Kingdom,2010-08-16,481,1,188.4,188.4,1,116.0,12,1,2010-08-16,2010-08-16,0,Europe,116.0,1.62
13064,United Kingdom,2010-04-27,13,6,1666.84,277.81,0,668.0,58,6,2010-04-27,2011-11-27,579,Europe,111.33,2.5
13065,United Kingdom,2010-06-10,374,5,1055.05,211.01,1,381.0,49,5,2010-06-10,2010-12-01,174,Europe,76.2,2.77
13066,United Kingdom,2011-11-07,25,2,470.8,235.4,0,322.0,48,2,2011-11-07,2011-11-15,8,Europe,161.0,1.46
13067,United Kingdom,2010-09-19,83,3,508.51,169.5,0,131.0,24,3,2010-09-19,2011-09-18,364,Europe,43.67,3.88
13068,United Kingdom,2011-01-24,11,2,344.0,172.0,0,200.0,1,2,2011-01-24,2011-11-29,309,Europe,100.0,1.72
13069,United Kingdom,2010-06-14,1,38,9284.45,244.33,0,15171.0,573,38,2010-06-14,2011-12-09,543,Europe,399.24,0.61
13070,United Kingdom,2009-12-07,193,4,751.7,187.93,1,372.0,12,4,2009-12-07,2011-05-31,540,Europe,93.0,2.02
13071,United Kingdom,2010-04-06,613,1,129.22,129.22,1,30.0,12,1,2010-04-06,2010-04-06,0,Europe,30.0,4.31
13072,United Kingdom,2011-03-18,267,1,177.15,177.15,1,69.0,7,1,2011-03-18,2011-03-18,0,Europe,69.0,2.57
13073,United Kingdom,2010-09-28,412,2,418.08,209.04,1,261.0,25,2,2010-09-28,2010-10-24,26,Europe,130.5,1.6
13074,United Kingdom,2009-12-16,512,4,1378.74,344.69,1,826.0,26,4,2009-12-16,2010-07-16,212,Europe,206.5,1.67
13075,United Kingdom,2011-08-02,130,1,919.61,919.61,1,485.0,22,1,2011-08-02,2011-08-02,0,Europe,485.0,1.9
13076,United Kingdom,2010-09-08,458,1,135.4,135.4,1,44.0,9,1,2010-09-08,2010-09-08,0,Europe,44.0,3.08
13077,United Kingdom,2009-12-11,2,11,2740.65,249.15,0,2468.0,208,11,2009-12-11,2011-12-08,727,Europe,224.36,1.11
13078,United Kingdom,2009-12-01,4,57,29018.06,509.09,0,12032.0,153,57,2009-12-01,2011-12-06,735,Europe,211.09,2.41
13079,United Kingdom,2010-10-18,5,6,419.18,69.86,0,158.0,11,6,2010-10-18,2011-12-05,413,Europe,26.33,2.65
13080,United Kingdom,2010-04-09,180,4,280.73,70.18,0,193.0,17,4,2010-04-09,2011-06-13,430,Europe,48.25,1.45
13081,United Kingdom,2009-12-08,12,28,56838.37,2029.94,0,40077.0,738,28,2009-12-08,2011-11-28,720,Europe,1431.32,1.42
13082,United Kingdom,2009-12-22,127,21,7335.75,349.32,0,8466.0,99,21,2009-12-22,2011-08-05,591,Europe,403.14,0.87
13083,United Kingdom,2010-10-10,5,3,395.43,131.81,0,307.0,19,3,2010-10-10,2011-12-05,421,Europe,102.33,1.29
13084,United Kingdom,2010-08-05,492,1,122.4,122.4,1,144.0,2,1,2010-08-05,2010-08-05,0,Europe,144.0,0.85
13085,United Kingdom,2009-12-01,158,8,2433.28,304.16,0,944.0,50,8,2009-12-01,2011-07-05,581,Europe,118.0,2.58
13086,United Kingdom,2010-11-22,383,1,439.33,439.33,1,155.0,47,1,2010-11-22,2010-11-22,0,Europe,155.0,2.83
13087,United Kingdom,2009-12-13,727,1,313.64,313.64,1,86.0,15,1,2009-12-13,2009-12-13,0,Europe,86.0,3.65
13088,United Kingdom,2010-10-18,418,1,236.11,236.11,1,76.0,19,1,2010-10-18,2010-10-18,0,Europe,76.0,3.11
13089,United Kingdom,2009-12-02,3,203,113416.91,558.7,0,58932.0,857,203,2009-12-02,2011-12-07,735,Europe,290.31,1.92
13090,United Kingdom,2010-08-02,9,24,13091.74,545.49,0,3247.0,163,24,2010-08-02,2011-12-01,486,Europe,135.29,4.03
13091,United Kingdom,2009-12-10,29,3,2321.82,773.94,0,1339.0,41,3,2009-12-10,2011-11-11,701,Europe,446.33,1.73
13092,United Kingdom,2010-02-10,71,12,2140.28,178.36,0,664.0,52,12,2010-02-10,2011-09-30,597,Europe,55.33,3.22
13093,United Kingdom,2009-12-04,276,55,54144.25,984.44,1,25971.0,199,55,2009-12-04,2011-03-09,460,Europe,472.2,2.08
13094,United Kingdom,2010-11-15,22,13,2209.44,169.96,0,1896.0,5,13,2010-11-15,2011-11-18,368,Europe,145.85,1.17
13095,United Kingdom,2011-09-30,71,1,74.4,74.4,1,144.0,6,1,2011-09-30,2011-09-30,0,Europe,144.0,0.52
13096,United Kingdom,2010-11-10,395,1,419.7,419.7,1,6.0,1,1,2010-11-10,2010-11-10,0,Europe,6.0,69.95
13097,United Kingdom,2009-12-01,33,28,13324.1,475.86,0,5345.0,390,28,2009-12-01,2011-11-07,706,Europe,190.89,2.49
13098,United Kingdom,2011-01-26,2,28,28882.44,1031.52,0,15968.0,156,28,2011-01-26,2011-12-08,316,Europe,570.29,1.81
13099,United Kingdom,2011-09-01,100,1,207.36,207.36,1,288.0,1,1,2011-09-01,2011-09-01,0,Europe,288.0,0.72
13101,United Kingdom,2010-01-27,235,4,695.4,173.85,1,478.0,48,4,2010-01-27,2011-04-19,447,Europe,119.5,1.45
13102,United Kingdom,2010-05-06,2,37,11380.1,307.57,0,6366.0,212,37,2010-05-06,2011-12-08,581,Europe,172.05,1.79
13103,United Kingdom,2010-05-11,40,3,709.64,236.55,0,426.0,27,3,2010-05-11,2011-10-31,538,Europe,142.0,1.67
13104,United Kingdom,2010-02-24,4,9,1709.1,189.9,0,834.0,15,9,2010-02-24,2011-12-06,650,Europe,92.67,2.05
13105,United Kingdom,2010-09-29,437,1,72.0,72.0,1,100.0,1,1,2010-09-29,2010-09-29,0,Europe,100.0,0.72
13106,United Kingdom,2010-10-22,134,2,603.46,301.73,1,231.0,15,2,2010-10-22,2011-07-29,280,Europe,115.5,2.61
13107,United Kingdom,2010-02-04,45,9,5253.07,583.67,0,4316.0,142,9,2010-02-04,2011-10-26,629,Europe,479.56,1.22
13108,United Kingdom,2010-09-30,373,2,748.46,374.23,1,745.0,27,2,2010-09-30,2010-12-02,63,Europe,372.5,1.0
13109,United Kingdom,2010-06-06,60,3,1134.03,378.01,0,757.0,57,3,2010-06-06,2011-10-11,492,Europe,252.33,1.5
13110,United Kingdom,2009-12-01,32,12,2957.47,246.46,0,763.0,167,12,2009-12-01,2011-11-08,707,Europe,63.58,3.88
13111,United Kingdom,2009-12-21,719,1,321.88,321.88,1,180.0,12,1,2009-12-21,2009-12-21,0,Europe,180.0,1.79
13112,United Kingdom,2010-06-16,542,1,20.6,20.6,1,11.0,2,1,2010-06-16,2010-06-16,0,Europe,11.0,1.87
13113,United Kingdom,2010-03-28,1,37,18230.07,492.7,0,4435.0,166,37,2010-03-28,2011-12-09,621,Europe,119.86,4.11
13114,United Kingdom,2009-12-09,731,1,234.38,234.38,1,74.0,16,1,2009-12-09,2009-12-09,0,Europe,74.0,3.17
13115,United Kingdom,2010-04-19,12,10,5494.7,549.47,0,3934.0,178,10,2010-04-19,2011-11-28,588,Europe,393.4,1.4
13116,United Kingdom,2011-07-24,139,1,501.14,501.14,1,291.0,30,1,2011-07-24,2011-07-24,0,Europe,291.0,1.72
13117,United Kingdom,2010-03-26,22,18,2255.66,125.31,0,1852.0,122,18,2010-03-26,2011-11-18,602,Europe,102.89,1.22
13118,United Kingdom,2010-09-26,20,9,2415.41,268.38,0,834.0,111,9,2010-09-26,2011-11-20,420,Europe,92.67,2.9
13119,United Kingdom,2010-02-09,669,1,134.9,134.9,1,110.0,11,1,2010-02-09,2010-02-09,0,Europe,110.0,1.23
13120,United Kingdom,2011-04-15,239,1,30.6,30.6,1,12.0,1,1,2011-04-15,2011-04-15,0,Europe,12.0,2.55
13121,United Kingdom,2011-03-15,270,1,283.73,283.73,1,252.0,50,1,2011-03-15,2011-03-15,0,Europe,252.0,1.13
13122,United Kingdom,2011-04-13,95,2,922.39,461.2,1,585.0,54,2,2011-04-13,2011-09-06,146,Europe,292.5,1.58
13123,United Kingdom,2010-06-28,473,2,506.75,253.38,1,268.0,36,2,2010-06-28,2010-08-24,57,Europe,134.0,1.89
13124,United Kingdom,2010-11-19,90,4,4641.66,1160.42,0,2738.0,216,4,2010-11-19,2011-09-11,296,Europe,684.5,1.7
13125,United Kingdom,2010-07-04,524,1,148.62,148.62,1,53.0,20,1,2010-07-04,2010-07-04,0,Europe,53.0,2.8
13126,United Kingdom,2010-03-02,5,13,3774.81,290.37,0,3289.0,183,13,2010-03-02,2011-12-05,643,Europe,253.0,1.15
13127,United Kingdom,2011-09-23,78,1,259.17,259.17,0,127.0,15,1,2011-09-23,2011-09-23,0,Europe,127.0,2.04
13128,United Kingdom,2010-03-18,632,1,263.5,263.5,1,31.0,1,1,2010-03-18,2010-03-18,0,Europe,31.0,8.5
13129,United Kingdom,2010-06-28,453,2,233.25,116.63,1,296.0,10,2,2010-06-28,2010-09-13,77,Europe,148.0,0.79
13130,United Kingdom,2011-09-06,95,1,64.0,64.0,1,32.0,2,1,2011-09-06,2011-09-06,0,Europe,32.0,2.0
13131,United Kingdom,2010-02-09,24,7,3313.77,473.4,0,1523.0,107,7,2010-02-09,2011-11-16,645,Europe,217.57,2.18
13132,United Kingdom,2011-03-23,262,1,77.3,77.3,1,20.0,3,1,2011-03-23,2011-03-23,0,Europe,20.0,3.87
13133,United Kingdom,2010-09-06,274,3,200.45,66.82,1,55.0,12,3,2010-09-06,2011-03-11,186,Europe,18.33,3.64
13134,United Kingdom,2010-10-19,86,6,2475.23,412.54,0,1364.0,110,6,2010-10-19,2011-09-15,331,Europe,227.33,1.81
13135,United Kingdom,2010-08-05,197,2,3371.45,1685.73,1,4423.0,18,2,2010-08-05,2011-05-27,295,Europe,2211.5,0.76
13136,United Kingdom,2009-12-08,57,13,6274.56,482.66,0,3109.0,204,13,2009-12-08,2011-10-14,675,Europe,239.15,2.02
13137,United Kingdom,2010-07-25,11,16,7586.94,474.18,0,4238.0,628,16,2010-07-25,2011-11-29,492,Europe,264.88,1.79
13138,United Kingdom,2010-11-08,23,7,1274.01,182.0,0,593.0,41,7,2010-11-08,2011-11-17,374,Europe,84.71,2.15
13139,United Kingdom,2010-09-28,17,8,8202.98,1025.37,0,4614.0,214,8,2010-09-28,2011-11-23,421,Europe,576.75,1.78
13140,United Kingdom,2010-08-05,109,5,1054.92,210.98,0,572.0,89,5,2010-08-05,2011-08-23,383,Europe,114.4,1.84
13141,United Kingdom,2009-12-09,85,17,7656.08,450.36,0,5159.0,285,17,2009-12-09,2011-09-16,646,Europe,303.47,1.48
13142,United Kingdom,2011-11-20,20,1,307.09,307.09,0,258.0,23,1,2011-11-20,2011-11-20,0,Europe,258.0,1.19
13143,United Kingdom,2010-05-04,585,1,405.1,405.1,1,198.0,23,1,2010-05-04,2010-05-04,0,Europe,198.0,2.05
13144,United Kingdom,2010-10-04,333,2,135.35,67.68,1,29.0,6,2,2010-10-04,2011-01-11,99,Europe,14.5,4.67
13145,United Kingdom,2010-04-19,40,7,1128.52,161.22,0,265.0,5,7,2010-04-19,2011-10-31,560,Europe,37.86,4.26
13146,United Kingdom,2011-11-13,27,1,228.91,228.91,0,154.0,16,1,2011-11-13,2011-11-13,0,Europe,154.0,1.49
13147,United Kingdom,2011-09-01,11,4,712.8,178.2,0,144.0,1,4,2011-09-01,2011-11-29,89,Europe,36.0,4.95
13148,United Kingdom,2009-12-07,30,26,8497.82,326.84,0,4487.0,451,26,2009-12-07,2011-11-10,703,Europe,172.58,1.89
13149,United Kingdom,2011-02-23,15,4,1676.06,419.02,0,1280.0,76,4,2011-02-23,2011-11-25,275,Europe,320.0,1.31
13150,United Kingdom,2010-03-19,485,3,449.97,149.99,1,171.0,7,3,2010-03-19,2010-08-12,146,Europe,57.0,2.63
13151,United Kingdom,2010-03-22,296,3,2465.21,821.74,1,813.0,131,3,2010-03-22,2011-02-17,332,Europe,271.0,3.03
13152,United Kingdom,2010-01-14,418,7,2146.38,306.63,1,977.0,114,7,2010-01-14,2010-10-18,277,Europe,139.57,2.2
13153,United Kingdom,2011-12-04,6,1,486.22,486.22,0,418.0,15,1,2011-12-04,2011-12-04,0,Europe,418.0,1.16
13154,United Kingdom,2009-12-04,400,3,1624.84,541.61,1,976.0,78,3,2009-12-04,2010-11-05,336,Europe,325.33,1.66
13155,United Kingdom,2010-08-05,34,6,1370.48,228.41,0,741.0,79,6,2010-08-05,2011-11-06,458,Europe,123.5,1.85
13156,United Kingdom,2010-02-01,386,3,1586.54,528.85,1,914.0,94,3,2010-02-01,2010-11-19,291,Europe,304.67,1.74
13157,United Kingdom,2010-03-08,50,9,5687.36,631.93,0,4762.0,173,9,2010-03-08,2011-10-21,592,Europe,529.11,1.19
13158,United Kingdom,2010-11-16,95,5,1508.18,301.64,0,992.0,70,5,2010-11-16,2011-09-06,294,Europe,198.4,1.52
13159,United Kingdom,2011-08-16,9,4,1429.35,357.34,0,1058.0,114,4,2011-08-16,2011-12-01,107,Europe,264.5,1.35
13160,United Kingdom,2011-11-17,23,1,91.8,91.8,0,56.0,4,1,2011-11-17,2011-11-17,0,Europe,56.0,1.64
13161,United Kingdom,2010-07-27,314,2,472.13,236.07,1,105.0,30,2,2010-07-27,2011-01-30,187,Europe,52.5,4.5
13162,United Kingdom,2009-12-04,123,16,9275.49,579.72,0,5755.0,186,16,2009-12-04,2011-08-09,613,Europe,359.69,1.61
13163,United Kingdom,2010-04-08,611,1,17.65,17.65,1,3.0,2,1,2010-04-08,2010-04-08,0,Europe,3.0,5.88
13164,United Kingdom,2010-02-10,570,2,372.2,186.1,1,120.0,7,2,2010-02-10,2010-05-19,98,Europe,60.0,3.1
13165,United Kingdom,2010-10-22,47,3,1451.16,483.72,0,1736.0,47,3,2010-10-22,2011-10-24,367,Europe,578.67,0.84
13166,United Kingdom,2010-10-21,284,2,875.93,437.97,1,522.0,55,2,2010-10-21,2011-03-01,131,Europe,261.0,1.68
13167,United Kingdom,2010-11-14,19,5,1125.15,225.03,0,1007.0,64,5,2010-11-14,2011-11-21,372,Europe,201.4,1.12
13168,United Kingdom,2010-06-15,37,5,1840.73,368.15,0,898.0,127,5,2010-06-15,2011-11-03,506,Europe,179.6,2.05
13169,United Kingdom,2010-05-26,64,3,840.08,280.03,0,296.0,16,3,2010-05-26,2011-10-07,499,Europe,98.67,2.84
13170,United Kingdom,2011-11-13,27,1,108.81,108.81,0,141.0,29,1,2011-11-13,2011-11-13,0,Europe,141.0,0.77
13171,United Kingdom,2011-02-13,22,3,468.41,156.14,0,229.0,37,3,2011-02-13,2011-11-18,278,Europe,76.33,2.05
13172,United Kingdom,2010-11-04,401,1,69.6,69.6,1,48.0,1,1,2010-11-04,2010-11-04,0,Europe,48.0,1.45
13173,United Kingdom,2009-12-10,5,11,2399.82,218.17,0,1481.0,160,11,2009-12-10,2011-12-05,725,Europe,134.64,1.62
13174,United Kingdom,2009-12-04,17,12,7995.36,666.28,0,3794.0,602,12,2009-12-04,2011-11-23,719,Europe,316.17,2.11
13175,United Kingdom,2009-12-04,583,2,831.45,415.73,1,423.0,40,2,2009-12-04,2010-05-06,153,Europe,211.5,1.97
13176,United Kingdom,2011-10-24,47,1,481.49,481.49,0,448.0,66,1,2011-10-24,2011-10-24,0,Europe,448.0,1.07
13177,United Kingdom,2010-10-05,65,2,512.2,256.1,0,180.0,23,2,2010-10-05,2011-10-06,366,Europe,90.0,2.85
13178,United Kingdom,2009-12-16,27,21,14059.19,669.49,0,8778.0,194,21,2009-12-16,2011-11-13,697,Europe,418.0,1.6
13179,United Kingdom,2010-03-31,619,1,572.31,572.31,1,368.0,34,1,2010-03-31,2010-03-31,0,Europe,368.0,1.56
13180,United Kingdom,2010-04-11,608,1,86.1,86.1,1,42.0,4,1,2010-04-11,2010-04-11,0,Europe,42.0,2.05
13181,United Kingdom,2010-11-23,382,1,359.69,359.69,1,171.0,19,1,2010-11-23,2010-11-23,0,Europe,171.0,2.1
13182,United Kingdom,2011-10-25,46,1,121.18,121.18,0,201.0,11,1,2011-10-25,2011-10-25,0,Europe,201.0,0.6
13183,United Kingdom,2010-03-14,8,15,7036.18,469.08,0,4027.0,64,15,2010-03-14,2011-12-02,628,Europe,268.47,1.75
13184,United Kingdom,2011-02-22,15,10,1668.95,166.9,0,1662.0,138,10,2011-02-22,2011-11-25,276,Europe,166.2,1.0
13185,United Kingdom,2011-03-17,268,1,71.4,71.4,1,12.0,1,1,2011-03-17,2011-03-17,0,Europe,12.0,5.95
13186,United Kingdom,2011-08-03,40,3,1575.89,525.3,0,820.0,69,3,2011-08-03,2011-10-31,89,Europe,273.33,1.92
13187,United Kingdom,2010-03-25,338,4,341.36,85.34,1,296.0,51,4,2010-03-25,2011-01-06,287,Europe,74.0,1.15
13188,United Kingdom,2011-11-28,12,1,114.6,114.6,0,25.0,2,1,2011-11-28,2011-11-28,0,Europe,25.0,4.58
13189,United Kingdom,2011-08-16,19,2,260.68,130.34,0,842.0,29,2,2011-08-16,2011-11-21,97,Europe,421.0,0.31
13190,United Kingdom,2009-12-07,545,3,570.66,190.22,1,308.0,16,3,2009-12-07,2010-06-13,188,Europe,102.67,1.85
13191,United Kingdom,2010-02-19,659,1,164.69,164.69,1,115.0,58,1,2010-02-19,2010-02-19,0,Europe,115.0,1.43
13192,United Kingdom,2010-01-22,96,6,2558.58,426.43,0,1629.0,135,6,2010-01-22,2011-09-05,591,Europe,271.5,1.57
13193,United Kingdom,2011-10-09,62,1,112.08,112.08,0,46.0,22,1,2011-10-09,2011-10-09,0,Europe,46.0,2.44
13194,United Kingdom,2010-10-14,136,2,472.78,236.39,1,326.0,10,2,2010-10-14,2011-07-27,286,Europe,163.0,1.45
13195,United Kingdom,2010-10-21,415,1,136.73,136.73,1,70.0,43,1,2010-10-21,2010-10-21,0,Europe,70.0,1.95
13196,United Kingdom,2010-04-01,12,7,3068.84,438.41,0,2006.0,141,7,2010-04-01,2011-11-28,606,Europe,286.57,1.53
13197,United Kingdom,2010-04-09,610,1,373.01,373.01,1,204.0,19,1,2010-04-09,2010-04-09,0,Europe,204.0,1.83
13198,United Kingdom,2010-10-01,11,8,4974.23,621.78,0,3449.0,265,8,2010-10-01,2011-11-29,424,Europe,431.13,1.44
13199,United Kingdom,2009-12-05,4,67,15964.21,238.27,0,11567.0,61,67,2009-12-05,2011-12-06,731,Europe,172.64,1.38
13200,United Kingdom,2011-08-05,20,4,870.09,217.52,0,516.0,42,4,2011-08-05,2011-11-20,107,Europe,129.0,1.69
13201,United Kingdom,2010-03-07,503,4,1233.06,308.27,1,1036.0,65,4,2010-03-07,2010-07-25,140,Europe,259.0,1.19
13202,United Kingdom,2009-12-09,395,7,1580.3,225.76,1,572.0,55,7,2009-12-09,2010-11-10,336,Europe,81.71,2.76
13203,United Kingdom,2009-12-17,10,10,2648.25,264.83,0,2413.0,158,10,2009-12-17,2011-11-30,713,Europe,241.3,1.1
13204,United Kingdom,2009-12-08,732,1,966.66,966.66,1,428.0,57,1,2009-12-08,2009-12-08,0,Europe,428.0,2.26
13205,United Kingdom,2010-09-22,444,1,2803.2,2803.2,1,256.0,1,1,2010-09-22,2010-09-22,0,Europe,256.0,10.95
13206,United Kingdom,2009-12-07,401,13,8308.19,639.09,1,7086.0,393,13,2009-12-07,2010-11-04,332,Europe,545.08,1.17
13207,United Kingdom,2010-04-06,16,4,535.86,133.97,0,178.0,10,4,2010-04-06,2011-11-24,597,Europe,44.5,3.01
13208,United Kingdom,2009-12-03,59,9,1976.3,219.59,0,1343.0,198,9,2009-12-03,2011-10-12,678,Europe,149.22,1.47
13209,United Kingdom,2010-01-24,31,13,8509.51,654.58,0,5781.0,284,13,2010-01-24,2011-11-09,654,Europe,444.69,1.47
13210,United Kingdom,2011-09-07,94,1,353.48,353.48,1,316.0,22,1,2011-09-07,2011-09-07,0,Europe,316.0,1.12
13211,United Kingdom,2009-12-06,11,10,2618.77,261.88,0,1845.0,98,10,2009-12-06,2011-11-29,723,Europe,184.5,1.42
13212,United Kingdom,2011-10-09,20,3,786.83,262.28,0,309.0,128,3,2011-10-09,2011-11-20,42,Europe,103.0,2.55
13213,United Kingdom,2010-05-20,57,11,3851.52,350.14,0,2962.0,181,11,2010-05-20,2011-10-14,512,Europe,269.27,1.3
13214,United Kingdom,2010-03-03,418,7,3264.23,466.32,1,2966.0,207,7,2010-03-03,2010-10-18,229,Europe,423.71,1.1
13215,United Kingdom,2010-11-02,403,1,81.6,81.6,1,96.0,1,1,2010-11-02,2010-11-02,0,Europe,96.0,0.85
13216,United Kingdom,2011-03-17,268,1,333.74,333.74,1,297.0,5,1,2011-03-17,2011-03-17,0,Europe,297.0,1.12
13217,United Kingdom,2010-02-22,123,4,666.48,166.62,0,512.0,3,4,2010-02-22,2011-08-09,533,Europe,128.0,1.3
13218,United Kingdom,2011-08-04,128,1,62.64,62.64,1,88.0,5,1,2011-08-04,2011-08-04,0,Europe,88.0,0.71
13219,United Kingdom,2010-03-31,619,1,76.23,76.23,1,11.0,11,1,2010-03-31,2010-03-31,0,Europe,11.0,6.93
13220,United Kingdom,2010-05-13,79,5,1336.09,267.22,0,396.0,46,5,2010-05-13,2011-09-22,497,Europe,79.2,3.37
13221,United Kingdom,2010-12-15,241,2,847.41,423.71,1,244.0,62,2,2010-12-15,2011-04-13,119,Europe,122.0,3.47
13222,United Kingdom,2010-05-11,578,1,88.5,88.5,1,30.0,1,1,2010-05-11,2010-05-11,0,Europe,30.0,2.95
13223,United Kingdom,2010-02-12,201,6,969.12,161.52,1,568.0,8,6,2010-02-12,2011-05-23,465,Europe,94.67,1.71
13224,United Kingdom,2011-07-11,61,2,2155.95,1077.98,0,1518.0,101,2,2011-07-11,2011-10-10,91,Europe,759.0,1.42
13225,United Kingdom,2009-12-17,4,16,16260.07,1016.25,0,7401.0,60,16,2009-12-17,2011-12-06,719,Europe,462.56,2.2
13226,United Kingdom,2010-11-11,274,2,312.46,156.23,1,179.0,28,2,2010-11-11,2011-03-11,120,Europe,89.5,1.75
13227,United Kingdom,2011-05-22,202,1,257.7,257.7,1,99.0,9,1,2011-05-22,2011-05-22,0,Europe,99.0,2.6
13228,United Kingdom,2011-09-19,82,1,358.0,358.0,0,200.0,2,1,2011-09-19,2011-09-19,0,Europe,200.0,1.79
13229,United Kingdom,2011-04-28,226,1,160.95,160.95,1,63.0,10,1,2011-04-28,2011-04-28,0,Europe,63.0,2.55
13230,United Kingdom,2010-03-18,5,30,6120.01,204.0,0,3520.0,653,30,2010-03-18,2011-12-05,627,Europe,117.33,1.74
13232,United Kingdom,2011-04-10,13,7,1328.35,189.76,0,773.0,147,7,2011-04-10,2011-11-27,231,Europe,110.43,1.72
13233,United Kingdom,2010-01-14,75,4,1176.46,294.12,0,1604.0,74,4,2010-01-14,2011-09-26,620,Europe,401.0,0.73
13234,United Kingdom,2009-12-07,673,2,346.5,173.25,1,159.0,56,2,2009-12-07,2010-02-05,60,Europe,79.5,2.18
13235,United Kingdom,2011-05-11,213,1,1031.07,1031.07,1,441.0,53,1,2011-05-11,2011-05-11,0,Europe,441.0,2.34
13236,United Kingdom,2011-08-25,25,2,744.85,372.43,0,416.0,34,2,2011-08-25,2011-11-15,82,Europe,208.0,1.79
13237,United Kingdom,2010-11-17,388,1,643.0,643.0,1,128.0,24,1,2010-11-17,2010-11-17,0,Europe,128.0,5.02
13238,United Kingdom,2010-04-28,18,6,1006.63,167.77,0,442.0,24,6,2010-04-28,2011-11-22,573,Europe,73.67,2.28
13239,United Kingdom,2010-07-25,262,5,1594.69,318.94,1,1151.0,86,5,2010-07-25,2011-03-23,241,Europe,230.2,1.39
13240,United Kingdom,2010-02-25,97,8,1475.79,184.47,0,709.0,160,8,2010-02-25,2011-09-04,556,Europe,88.63,2.08
13241,United Kingdom,2010-10-24,412,1,112.53,112.53,1,46.0,40,1,2010-10-24,2010-10-24,0,Europe,46.0,2.45
13242,United Kingdom,2010-02-09,113,7,699.4,99.91,0,350.0,19,7,2010-02-09,2011-08-19,556,Europe,50.0,2.0
13243,United Kingdom,2010-03-18,204,5,1220.38,244.08,1,554.0,165,5,2010-03-18,2011-05-20,428,Europe,110.8,2.2
13244,United Kingdom,2011-09-08,93,1,121.74,121.74,1,38.0,27,1,2011-09-08,2011-09-08,0,Europe,38.0,3.2
13245,United Kingdom,2010-10-03,51,2,989.22,494.61,0,371.0,43,2,2010-10-03,2011-10-20,382,Europe,185.5,2.67
13246,United Kingdom,2010-07-02,19,11,3351.75,304.7,0,2796.0,229,11,2010-07-02,2011-11-21,507,Europe,254.18,1.2
13247,United Kingdom,2011-09-18,18,4,501.12,125.28,0,328.0,18,4,2011-09-18,2011-11-22,65,Europe,82.0,1.53
13248,United Kingdom,2011-06-03,125,2,465.68,232.84,1,305.0,25,2,2011-06-03,2011-08-07,65,Europe,152.5,1.53
13249,United Kingdom,2010-01-24,93,9,1608.93,178.77,0,1246.0,21,9,2010-01-24,2011-09-08,592,Europe,138.44,1.29
13250,United Kingdom,2010-07-25,461,2,253.09,126.55,1,107.0,17,2,2010-07-25,2010-09-05,42,Europe,53.5,2.37
13251,United Kingdom,2010-11-02,403,1,252.68,252.68,1,215.0,25,1,2010-11-02,2010-11-02,0,Europe,215.0,1.18
13252,United Kingdom,2010-03-24,395,2,399.3,199.65,1,134.0,19,2,2010-03-24,2010-11-10,231,Europe,67.0,2.98
13253,United Kingdom,2010-01-05,157,4,2951.11,737.78,0,3015.0,73,4,2010-01-05,2011-07-06,547,Europe,753.75,0.98
13254,United Kingdom,2010-11-28,377,1,51.41,51.41,1,43.0,4,1,2010-11-28,2010-11-28,0,Europe,43.0,1.2
13255,United Kingdom,2010-07-15,10,3,678.76,226.25,0,407.0,26,3,2010-07-15,2011-11-30,503,Europe,135.67,1.67
13257,United Kingdom,2010-09-29,437,1,149.75,149.75,1,33.0,7,1,2010-09-29,2010-09-29,0,Europe,33.0,4.54
13258,United Kingdom,2010-11-04,12,5,1009.43,201.89,0,446.0,29,5,2010-11-04,2011-11-28,389,Europe,89.2,2.26
13259,United Kingdom,2010-01-10,62,9,1402.54,155.84,0,503.0,234,9,2010-01-10,2011-10-09,637,Europe,55.89,2.79
13260,United Kingdom,2011-10-09,62,1,557.62,557.62,0,142.0,8,1,2011-10-09,2011-10-09,0,Europe,142.0,3.93
13261,United Kingdom,2011-02-27,269,2,944.1,472.05,1,210.0,8,2,2011-02-27,2011-03-16,17,Europe,105.0,4.5
13262,United Kingdom,2010-04-18,264,3,573.45,191.15,1,247.0,48,3,2010-04-18,2011-03-21,337,Europe,82.33,2.32
13263,United Kingdom,2010-10-22,2,39,8676.2,222.47,0,5372.0,507,39,2010-10-22,2011-12-08,412,Europe,137.74,1.62
13264,United Kingdom,2010-09-23,443,1,722.56,722.56,1,375.0,38,1,2010-09-23,2010-09-23,0,Europe,375.0,1.93
13265,United Kingdom,2011-03-11,54,5,2092.66,418.53,0,1740.0,66,5,2011-03-11,2011-10-17,220,Europe,348.0,1.2
13266,United Kingdom,2009-12-17,12,19,6135.04,322.9,0,6837.0,154,19,2009-12-17,2011-11-28,711,Europe,359.84,0.9
13267,United Kingdom,2009-12-07,3,36,9429.81,261.94,0,3959.0,152,36,2009-12-07,2011-12-07,730,Europe,109.97,2.38
13268,United Kingdom,2011-03-17,18,11,3174.75,288.61,0,3624.0,257,11,2011-03-17,2011-11-22,250,Europe,329.45,0.88
13269,United Kingdom,2009-12-02,2,28,8537.32,304.9,0,6366.0,238,28,2009-12-02,2011-12-08,736,Europe,227.36,1.34
13270,United Kingdom,2010-12-08,367,1,590.0,590.0,1,200.0,1,1,2010-12-08,2010-12-08,0,Europe,200.0,2.95
13271,United Kingdom,2011-11-02,38,1,211.49,211.49,0,240.0,79,1,2011-11-02,2011-11-02,0,Europe,240.0,0.88
13272,United Kingdom,2011-09-11,32,2,276.56,138.28,0,96.0,15,2,2011-09-11,2011-11-08,58,Europe,48.0,2.88
13273,United Kingdom,2011-08-18,114,1,138.98,138.98,1,153.0,16,1,2011-08-18,2011-08-18,0,Europe,153.0,0.91
13274,United Kingdom,2010-10-26,410,1,360.85,360.85,1,199.0,19,1,2010-10-26,2010-10-26,0,Europe,199.0,1.81
13275,United Kingdom,2010-03-17,384,2,238.86,119.43,1,138.0,48,2,2010-03-17,2010-11-21,249,Europe,69.0,1.73
13276,United Kingdom,2010-03-07,64,5,1891.91,378.38,0,840.0,209,5,2010-03-07,2011-10-07,579,Europe,168.0,2.25
13277,United Kingdom,2010-06-18,16,7,523.3,74.76,0,382.0,10,7,2010-06-18,2011-11-24,524,Europe,54.57,1.37
13278,United Kingdom,2010-04-08,41,4,1435.85,358.96,0,1358.0,80,4,2010-04-08,2011-10-30,570,Europe,339.5,1.06
13279,United Kingdom,2011-09-22,79,1,137.75,137.75,0,73.0,9,1,2011-09-22,2011-09-22,0,Europe,73.0,1.89
13280,United Kingdom,2010-03-05,123,7,2293.33,327.62,0,1489.0,159,7,2010-03-05,2011-08-09,522,Europe,212.71,1.54
13281,United Kingdom,2010-09-26,440,1,350.85,350.85,1,201.0,22,1,2010-09-26,2010-09-26,0,Europe,201.0,1.75
13282,United Kingdom,2010-10-29,19,4,1313.19,328.3,0,410.0,42,4,2010-10-29,2011-11-21,388,Europe,102.5,3.2
13283,United Kingdom,2010-03-09,60,4,373.36,93.34,0,204.0,19,4,2010-03-09,2011-10-11,581,Europe,51.0,1.83
13284,United Kingdom,2011-01-13,331,1,201.19,201.19,1,91.0,13,1,2011-01-13,2011-01-13,0,Europe,91.0,2.21
13285,United Kingdom,2010-03-25,24,6,3364.59,560.77,0,2457.0,182,6,2010-03-25,2011-11-16,601,Europe,409.5,1.37
13286,United Kingdom,2010-04-18,601,1,734.91,734.91,1,274.0,46,1,2010-04-18,2010-04-18,0,Europe,274.0,2.68
13287,United Kingdom,2010-01-04,604,3,781.59,260.53,1,429.0,46,3,2010-01-04,2010-04-15,101,Europe,143.0,1.82
13288,United Kingdom,2010-02-11,444,5,927.61,185.52,1,379.0,7,5,2010-02-11,2010-09-22,223,Europe,75.8,2.45
13289,United Kingdom,2009-12-16,724,1,307.95,307.95,1,119.0,16,1,2009-12-16,2009-12-16,0,Europe,119.0,2.59
13290,United Kingdom,2010-09-27,439,1,208.63,208.63,1,1.0,1,1,2010-09-27,2010-09-27,0,Europe,1.0,208.63
13291,United Kingdom,2010-02-11,156,11,3270.79,297.34,0,1600.0,155,11,2010-02-11,2011-07-07,511,Europe,145.45,2.04
13292,United Kingdom,2010-07-01,39,5,994.51,198.9,0,530.0,55,5,2010-07-01,2011-11-01,488,Europe,106.0,1.88
13293,United Kingdom,2010-02-09,393,6,1192.94,198.82,1,555.0,51,6,2010-02-09,2010-11-12,276,Europe,92.5,2.15
13294,United Kingdom,2010-03-03,190,3,1689.53,563.18,1,996.0,93,3,2010-03-03,2011-06-03,457,Europe,332.0,1.7
13295,United Kingdom,2010-05-12,360,4,1101.97,275.49,1,733.0,56,4,2010-05-12,2010-12-15,217,Europe,183.25,1.5
13296,United Kingdom,2010-05-11,138,6,792.51,132.09,0,653.0,50,6,2010-05-11,2011-07-25,440,Europe,108.83,1.21
13297,United Kingdom,2010-06-15,8,7,4368.62,624.09,0,2694.0,108,7,2010-06-15,2011-12-02,535,Europe,384.86,1.62
13298,United Kingdom,2011-12-08,2,1,360.0,360.0,0,96.0,2,1,2011-12-08,2011-12-08,0,Europe,96.0,3.75
13299,United Kingdom,2010-06-29,269,3,1218.7,406.23,1,416.0,56,3,2010-06-29,2011-03-16,260,Europe,138.67,2.93
13300,United Kingdom,2010-05-14,170,3,1285.51,428.5,0,455.0,44,3,2010-05-14,2011-06-23,405,Europe,151.67,2.83
13301,United Kingdom,2011-02-20,104,4,618.09,154.52,0,345.0,75,4,2011-02-20,2011-08-28,189,Europe,86.25,1.79
13302,United Kingdom,2010-07-01,156,2,159.2,79.6,1,12.0,3,2,2010-07-01,2011-07-07,371,Europe,6.0,13.27
13303,United Kingdom,2010-11-04,401,1,61.72,61.72,1,26.0,4,1,2010-11-04,2010-11-04,0,Europe,26.0,2.37
13304,United Kingdom,2010-02-08,352,4,1217.99,304.5,1,716.0,59,4,2010-02-08,2010-12-23,318,Europe,179.0,1.7
13305,United Kingdom,2010-03-10,5,16,3616.41,226.03,0,2228.0,153,16,2010-03-10,2011-12-05,635,Europe,139.25,1.62
13306,United Kingdom,2010-10-05,431,1,53.65,53.65,1,74.0,4,1,2010-10-05,2010-10-05,0,Europe,74.0,0.73
13307,United Kingdom,2010-04-26,121,3,273.34,91.11,0,140.0,15,3,2010-04-26,2011-08-11,472,Europe,46.67,1.95
13308,United Kingdom,2010-04-22,23,4,1670.37,417.59,0,1073.0,65,4,2010-04-22,2011-11-17,574,Europe,268.25,1.56
13309,United Kingdom,2010-11-12,8,6,1706.37,284.4,0,1914.0,95,6,2010-11-12,2011-12-02,385,Europe,319.0,0.89
13310,United Kingdom,2010-11-02,29,5,1541.2,308.24,0,816.0,80,5,2010-11-02,2011-11-11,374,Europe,163.2,1.89
13311,United Kingdom,2011-07-12,5,2,598.57,299.29,0,305.0,25,2,2011-07-12,2011-12-05,146,Europe,152.5,1.96
13312,United Kingdom,2010-09-14,452,1,124.75,124.75,1,41.0,5,1,2010-09-14,2010-09-14,0,Europe,41.0,3.04
13313,United Kingdom,2009-12-02,23,12,3445.32,287.11,0,2308.0,105,12,2009-12-02,2011-11-17,715,Europe,192.33,1.49
13314,United Kingdom,2011-09-27,2,3,775.94,258.65,0,560.0,55,3,2011-09-27,2011-12-08,72,Europe,186.67,1.39
13315,United Kingdom,2010-01-19,690,1,310.26,310.26,1,232.0,22,1,2010-01-19,2010-01-19,0,Europe,232.0,1.34
13316,United Kingdom,2010-03-10,38,10,12940.82,1294.08,0,19931.0,115,10,2010-03-10,2011-11-02,602,Europe,1993.1,0.65
13317,United Kingdom,2009-12-13,67,19,6486.09,341.37,0,3148.0,221,19,2009-12-13,2011-10-04,660,Europe,165.68,2.06
13318,United Kingdom,2011-11-02,2,3,640.76,213.59,0,304.0,14,3,2011-11-02,2011-12-08,36,Europe,101.33,2.11
13319,United Kingdom,2009-12-06,6,58,21323.22,367.64,0,8974.0,345,58,2009-12-06,2011-12-04,728,Europe,154.72,2.38
13320,United Kingdom,2010-08-18,79,6,2211.6,368.6,0,1509.0,98,6,2010-08-18,2011-09-22,400,Europe,251.5,1.47
13321,United Kingdom,2011-09-14,73,2,567.36,283.68,0,372.0,10,2,2011-09-14,2011-09-28,14,Europe,186.0,1.53
13322,United Kingdom,2011-11-22,18,1,199.48,199.48,0,117.0,25,1,2011-11-22,2011-11-22,0,Europe,117.0,1.7
13323,United Kingdom,2011-09-16,4,5,787.85,157.57,0,175.0,6,5,2011-09-16,2011-12-06,81,Europe,35.0,4.5
13324,United Kingdom,2010-05-25,37,18,10513.47,584.08,0,8448.0,36,18,2010-05-25,2011-11-03,527,Europe,469.33,1.24
13325,United Kingdom,2011-09-19,82,1,675.3,675.3,0,240.0,12,1,2011-09-19,2011-09-19,0,Europe,240.0,2.81
13326,United Kingdom,2010-10-03,433,1,281.76,281.76,1,140.0,13,1,2010-10-03,2010-10-03,0,Europe,140.0,2.01
13327,United Kingdom,2009-12-18,39,20,9134.48,456.72,0,4203.0,175,20,2009-12-18,2011-11-01,683,Europe,210.15,2.17
13328,United Kingdom,2011-01-27,317,1,1308.48,1308.48,1,680.0,17,1,2011-01-27,2011-01-27,0,Europe,680.0,1.92
13329,United Kingdom,2009-12-04,32,8,4808.77,601.1,0,3311.0,68,8,2009-12-04,2011-11-08,704,Europe,413.88,1.45
13330,United Kingdom,2010-02-23,93,6,2796.1,466.02,0,1951.0,80,6,2010-02-23,2011-09-08,562,Europe,325.17,1.43
13331,United Kingdom,2010-11-03,402,1,262.4,262.4,1,54.0,12,1,2010-11-03,2010-11-03,0,Europe,54.0,4.86
13332,United Kingdom,2011-11-25,15,1,350.9,350.9,0,179.0,21,1,2011-11-25,2011-11-25,0,Europe,179.0,1.96
13333,United Kingdom,2010-02-19,412,3,1015.74,338.58,1,685.0,54,3,2010-02-19,2010-10-24,247,Europe,228.33,1.48
13334,United Kingdom,2010-02-25,83,5,6201.8,1240.36,0,3198.0,307,5,2010-02-25,2011-09-18,570,Europe,639.6,1.94
13336,United Kingdom,2011-09-23,78,1,795.12,795.12,0,559.0,51,1,2011-09-23,2011-09-23,0,Europe,559.0,1.42
13337,United Kingdom,2010-06-11,547,1,1575.26,1575.26,1,980.0,87,1,2010-06-11,2010-06-11,0,Europe,980.0,1.61
13338,United Kingdom,2010-01-05,158,4,2445.62,611.41,0,1151.0,113,4,2010-01-05,2011-07-05,546,Europe,287.75,2.12
13339,United Kingdom,2011-05-23,201,1,860.12,860.12,1,326.0,54,1,2011-05-23,2011-05-23,0,Europe,326.0,2.64
13340,United Kingdom,2010-02-22,46,12,22100.56,1841.71,0,9636.0,190,12,2010-02-22,2011-10-25,610,Europe,803.0,2.29
13341,United Kingdom,2011-03-24,261,1,775.85,775.85,1,301.0,42,1,2011-03-24,2011-03-24,0,Europe,301.0,2.58
13343,United Kingdom,2011-06-15,178,1,353.43,353.43,1,135.0,19,1,2011-06-15,2011-06-15,0,Europe,135.0,2.62
13344,United Kingdom,2011-03-07,68,3,2511.69,837.23,0,952.0,115,3,2011-03-07,2011-10-03,210,Europe,317.33,2.64
13345,United Kingdom,2011-02-25,288,1,389.5,389.5,1,141.0,20,1,2011-02-25,2011-02-25,0,Europe,141.0,2.76
13346,United Kingdom,2010-04-22,463,6,299.4,49.9,1,180.0,4,6,2010-04-22,2010-09-03,134,Europe,30.0,1.66
13347,United Kingdom,2011-09-30,71,1,341.36,341.36,0,205.0,8,1,2011-09-30,2011-09-30,0,Europe,205.0,1.67
13348,United Kingdom,2011-10-06,65,1,233.76,233.76,0,136.0,14,1,2011-10-06,2011-10-06,0,Europe,136.0,1.72
13349,United Kingdom,2011-11-29,11,1,247.32,247.32,0,225.0,16,1,2011-11-29,2011-11-29,0,Europe,225.0,1.1
13350,United Kingdom,2011-09-21,17,2,979.12,489.56,0,287.0,36,2,2011-09-21,2011-11-23,63,Europe,143.5,3.41
13351,United Kingdom,2011-10-04,67,1,373.94,373.94,0,117.0,16,1,2011-10-04,2011-10-04,0,Europe,117.0,3.2
13352,United Kingdom,2011-10-10,61,1,397.98,397.98,0,321.0,24,1,2011-10-10,2011-10-10,0,Europe,321.0,1.24
13354,United Kingdom,2011-09-29,72,1,743.53,743.53,0,604.0,51,1,2011-09-29,2011-09-29,0,Europe,604.0,1.23
13355,United Kingdom,2011-08-09,123,1,674.7,674.7,1,314.0,32,1,2011-08-09,2011-08-09,0,Europe,314.0,2.15
13356,United Kingdom,2011-09-20,81,1,768.24,768.24,0,325.0,42,1,2011-09-20,2011-09-20,0,Europe,325.0,2.36
13357,United Kingdom,2010-03-22,258,5,3805.51,761.1,1,2112.0,284,5,2010-03-22,2011-03-27,370,Europe,422.4,1.8
13358,United Kingdom,2011-03-16,269,1,439.03,439.03,1,285.0,29,1,2011-03-16,2011-03-16,0,Europe,285.0,1.54
13359,United Kingdom,2010-11-01,64,2,1043.31,521.66,0,381.0,52,2,2010-11-01,2011-10-07,340,Europe,190.5,2.74
13360,United Kingdom,2010-01-08,432,4,1553.65,388.41,1,942.0,58,4,2010-01-08,2010-10-04,269,Europe,235.5,1.65
13361,United Kingdom,2010-04-01,473,2,1450.5,725.25,1,324.0,29,2,2010-04-01,2010-08-24,145,Europe,162.0,4.48
13362,United Kingdom,2010-10-10,10,7,5394.07,770.58,0,2481.0,186,7,2010-10-10,2011-11-30,416,Europe,354.43,2.17
13363,United Kingdom,2010-10-26,18,3,1723.86,574.62,0,1146.0,78,3,2010-10-26,2011-11-22,392,Europe,382.0,1.5
13364,United Kingdom,2011-09-29,72,1,134.96,134.96,0,71.0,10,1,2011-09-29,2011-09-29,0,Europe,71.0,1.9
13365,United Kingdom,2011-05-06,34,2,2225.37,1112.69,0,1247.0,122,2,2011-05-06,2011-11-06,184,Europe,623.5,1.78
13366,United Kingdom,2011-10-20,51,1,56.16,56.16,0,144.0,1,1,2011-10-20,2011-10-20,0,Europe,144.0,0.39
13367,United Kingdom,2010-10-04,432,1,510.2,510.2,1,253.0,20,1,2010-10-04,2010-10-04,0,Europe,253.0,2.02
13368,United Kingdom,2010-10-12,257,4,1121.5,280.38,1,606.0,45,4,2010-10-12,2011-03-28,167,Europe,151.5,1.85
13369,United Kingdom,2010-12-09,366,1,308.28,308.28,1,149.0,14,1,2010-12-09,2010-12-09,0,Europe,149.0,2.07
13370,United Kingdom,2010-12-03,372,1,754.87,754.87,1,343.0,39,1,2010-12-03,2010-12-03,0,Europe,343.0,2.2
13371,United Kingdom,2010-03-17,506,2,2297.66,1148.83,1,1019.0,75,2,2010-03-17,2010-07-22,127,Europe,509.5,2.25
13372,United Kingdom,2011-09-11,90,1,378.64,378.64,0,159.0,23,1,2011-09-11,2011-09-11,0,Europe,159.0,2.38
13373,United Kingdom,2009-12-06,61,6,7587.19,1264.53,0,4263.0,292,6,2009-12-06,2011-10-10,673,Europe,710.5,1.78
13374,United Kingdom,2010-09-16,415,2,422.8,211.4,1,135.0,17,2,2010-09-16,2010-10-21,35,Europe,67.5,3.13
13375,United Kingdom,2010-09-21,89,2,1792.23,896.12,0,1124.0,62,2,2010-09-21,2011-09-12,356,Europe,562.0,1.59
13376,United Kingdom,2011-04-19,100,3,1019.76,339.92,0,493.0,45,3,2011-04-19,2011-09-01,135,Europe,164.33,2.07
13377,United Kingdom,2010-03-04,397,2,1552.88,776.44,1,748.0,71,2,2010-03-04,2010-11-08,249,Europe,374.0,2.08
13379,United Kingdom,2011-07-26,27,3,572.56,190.85,0,601.0,85,3,2011-07-26,2011-11-13,110,Europe,200.33,0.95
13380,United Kingdom,2010-10-03,433,1,62.4,62.4,1,48.0,3,1,2010-10-03,2010-10-03,0,Europe,48.0,1.3
13381,United Kingdom,2009-12-01,32,12,8224.37,685.36,0,5125.0,154,12,2009-12-01,2011-11-08,707,Europe,427.08,1.6
13382,United Kingdom,2009-12-08,281,5,1387.58,277.52,1,863.0,74,5,2009-12-08,2011-03-04,451,Europe,172.6,1.61
13383,United Kingdom,2010-06-14,544,1,305.28,305.28,1,288.0,1,1,2010-06-14,2010-06-14,0,Europe,288.0,1.06
13384,United Kingdom,2010-07-27,31,11,6680.83,607.35,0,4142.0,192,11,2010-07-27,2011-11-09,470,Europe,376.55,1.61
13385,United Kingdom,2011-01-14,330,1,534.57,534.57,1,281.0,35,1,2011-01-14,2011-01-14,0,Europe,281.0,1.9
13386,United Kingdom,2010-09-28,415,2,835.46,417.73,1,514.0,24,2,2010-09-28,2010-10-21,23,Europe,257.0,1.63
13387,United Kingdom,2010-10-18,418,1,186.94,186.94,1,123.0,71,1,2010-10-18,2010-10-18,0,Europe,123.0,1.52
13388,United Kingdom,2010-04-15,132,3,1185.65,395.22,0,701.0,68,3,2010-04-15,2011-07-31,472,Europe,233.67,1.69
13389,United Kingdom,2011-04-21,12,3,797.96,265.99,0,429.0,50,3,2011-04-21,2011-11-28,221,Europe,143.0,1.86
13390,United Kingdom,2011-09-26,75,1,544.08,544.08,0,224.0,13,1,2011-09-26,2011-09-26,0,Europe,224.0,2.43
13391,United Kingdom,2011-05-20,204,1,59.8,59.8,1,4.0,1,1,2011-05-20,2011-05-20,0,Europe,4.0,14.95
13392,United Kingdom,2010-01-31,678,1,91.14,91.14,1,82.0,8,1,2010-01-31,2010-01-31,0,Europe,82.0,1.11
13393,United Kingdom,2009-12-07,584,4,1131.45,282.86,1,662.0,53,4,2009-12-07,2010-05-05,149,Europe,165.5,1.71
13394,United Kingdom,2009-12-01,2,19,6621.7,348.51,0,5354.0,254,19,2009-12-01,2011-12-08,737,Europe,281.79,1.24
13395,United Kingdom,2010-10-14,186,3,1180.23,393.41,1,1660.0,77,3,2010-10-14,2011-06-07,236,Europe,553.33,0.71
13396,United Kingdom,2011-01-24,30,2,1360.99,680.5,0,600.0,42,2,2011-01-24,2011-11-10,290,Europe,300.0,2.27
13397,United Kingdom,2010-01-20,73,10,3191.87,319.19,0,1336.0,68,10,2010-01-20,2011-09-28,616,Europe,133.6,2.39
13398,United Kingdom,2010-09-17,193,2,670.34,335.17,1,341.0,37,2,2010-09-17,2011-05-31,256,Europe,170.5,1.97
13399,United Kingdom,2010-07-08,465,3,275.4,91.8,1,120.0,10,3,2010-07-08,2010-09-01,55,Europe,40.0,2.3
13400,United Kingdom,2010-05-06,583,1,310.83,310.83,1,284.0,23,1,2010-05-06,2010-05-06,0,Europe,284.0,1.09
13402,United Kingdom,2010-05-24,128,4,1226.85,306.71,0,917.0,55,4,2010-05-24,2011-08-04,437,Europe,229.25,1.34
13403,United Kingdom,2009-12-16,18,3,229.5,76.5,0,114.0,9,3,2009-12-16,2011-11-22,706,Europe,38.0,2.01
13404,United Kingdom,2011-05-11,2,2,252.49,126.25,0,111.0,11,2,2011-05-11,2011-12-08,211,Europe,55.5,2.27
13405,United Kingdom,2009-12-15,75,6,1213.81,202.3,0,854.0,33,6,2009-12-15,2011-09-26,650,Europe,142.33,1.42
13406,United Kingdom,2010-03-18,428,2,568.92,284.46,1,292.0,7,2,2010-03-18,2010-10-08,204,Europe,146.0,1.95
13407,United Kingdom,2010-02-16,579,3,2244.7,748.23,1,1690.0,85,3,2010-02-16,2010-05-10,83,Europe,563.33,1.33
13408,United Kingdom,2009-12-04,2,106,50174.78,473.35,0,28673.0,320,106,2009-12-04,2011-12-08,734,Europe,270.5,1.75
13410,United Kingdom,2009-12-08,25,9,2201.96,244.66,0,1244.0,25,9,2009-12-08,2011-11-15,707,Europe,138.22,1.77
13411,United Kingdom,2011-08-24,108,1,213.55,213.55,1,72.0,17,1,2011-08-24,2011-08-24,0,Europe,72.0,2.97
13412,United Kingdom,2010-03-29,621,1,487.35,487.35,1,176.0,33,1,2010-03-29,2010-03-29,0,Europe,176.0,2.77
13413,United Kingdom,2010-01-21,640,6,429.44,71.57,1,455.0,38,6,2010-01-21,2010-03-10,48,Europe,75.83,0.94
13414,United Kingdom,2010-04-15,134,6,2494.14,415.69,0,2702.0,48,6,2010-04-15,2011-07-29,470,Europe,450.33,0.92
13415,United Kingdom,2009-12-11,473,4,784.17,196.04,1,496.0,85,4,2009-12-11,2010-08-24,256,Europe,124.0,1.58
13416,United Kingdom,2009-12-03,44,3,940.8,313.6,0,208.0,16,3,2009-12-03,2011-10-27,693,Europe,69.33,4.52
13417,United Kingdom,2010-02-08,5,6,1669.49,278.25,0,532.0,57,6,2010-02-08,2011-12-05,665,Europe,88.67,3.14
13418,United Kingdom,2009-12-11,12,31,11559.66,372.89,0,7354.0,328,31,2009-12-11,2011-11-28,717,Europe,237.23,1.57
13419,United Kingdom,2011-10-07,64,1,221.06,221.06,0,275.0,16,1,2011-10-07,2011-10-07,0,Europe,275.0,0.8
13420,United Kingdom,2011-06-22,150,2,159.85,79.93,1,101.0,8,2,2011-06-22,2011-07-13,21,Europe,50.5,1.58
13421,United Kingdom,2010-02-14,41,8,4058.75,507.34,0,2351.0,174,8,2010-02-14,2011-10-30,623,Europe,293.88,1.73
13422,United Kingdom,2011-10-06,65,1,2626.3,2626.3,0,1326.0,127,1,2011-10-06,2011-10-06,0,Europe,1326.0,1.98
13423,United Kingdom,2010-10-07,429,1,217.03,217.03,1,141.0,12,1,2010-10-07,2010-10-07,0,Europe,141.0,1.54
13424,United Kingdom,2010-09-16,450,1,572.77,572.77,1,529.0,40,1,2010-09-16,2010-09-16,0,Europe,529.0,1.08
13425,United Kingdom,2010-05-09,109,5,3390.43,678.09,0,2358.0,124,5,2010-05-09,2011-08-23,471,Europe,471.6,1.44
13426,United Kingdom,2009-12-09,1,22,8167.38,371.24,0,4868.0,162,22,2009-12-09,2011-12-09,730,Europe,221.27,1.68
13427,United Kingdom,2009-12-17,20,6,1006.53,167.76,0,880.0,35,6,2009-12-17,2011-11-20,703,Europe,146.67,1.14
13428,United Kingdom,2010-07-13,11,3,478.54,159.51,0,356.0,122,3,2010-07-13,2011-11-29,504,Europe,118.67,1.34
13429,United Kingdom,2011-09-25,11,4,1006.8,251.7,0,1390.0,55,4,2011-09-25,2011-11-29,65,Europe,347.5,0.72
13430,United Kingdom,2011-09-14,19,2,679.45,339.73,0,751.0,48,2,2011-09-14,2011-11-21,68,Europe,375.5,0.9
13431,United Kingdom,2010-02-18,68,8,3316.24,414.53,0,1570.0,113,8,2010-02-18,2011-10-03,592,Europe,196.25,2.11
13432,United Kingdom,2010-04-06,572,2,439.1,219.55,1,217.0,98,2,2010-04-06,2010-05-17,41,Europe,108.5,2.02
13433,United Kingdom,2010-01-12,502,4,658.32,164.58,1,190.0,22,4,2010-01-12,2010-07-26,195,Europe,47.5,3.46
13434,United Kingdom,2010-02-22,75,5,1666.86,333.37,0,864.0,17,5,2010-02-22,2011-09-26,581,Europe,172.8,1.93
13435,United Kingdom,2010-07-27,6,9,4447.33,494.15,0,2754.0,96,9,2010-07-27,2011-12-04,495,Europe,306.0,1.61
13436,United Kingdom,2011-12-08,2,1,196.89,196.89,0,76.0,12,1,2011-12-08,2011-12-08,0,Europe,76.0,2.59
13437,United Kingdom,2011-06-02,15,7,3408.06,486.87,0,1283.0,143,7,2011-06-02,2011-11-25,176,Europe,183.29,2.66
13438,United Kingdom,2010-06-10,548,1,46.5,46.5,1,10.0,1,1,2010-06-10,2010-06-10,0,Europe,10.0,4.65
13439,United Kingdom,2010-07-01,256,3,986.61,328.87,1,952.0,132,3,2010-07-01,2011-03-29,271,Europe,317.33,1.04
13440,United Kingdom,2010-09-14,424,7,1295.25,185.04,1,573.0,49,7,2010-09-14,2010-10-12,28,Europe,81.86,2.26
13441,United Kingdom,2010-10-04,92,2,720.9,360.45,1,520.0,33,2,2010-10-04,2011-09-09,340,Europe,260.0,1.39
13442,United Kingdom,2009-12-01,668,3,419.87,139.96,1,115.0,33,3,2009-12-01,2010-02-10,71,Europe,38.33,3.65
13443,United Kingdom,2010-01-31,449,6,1273.16,212.19,1,805.0,176,6,2010-01-31,2010-09-17,229,Europe,134.17,1.58
13444,United Kingdom,2010-07-21,375,2,619.08,309.54,1,331.0,51,2,2010-07-21,2010-11-30,132,Europe,165.5,1.87
13445,United Kingdom,2010-03-23,627,1,241.9,241.9,1,198.0,7,1,2010-03-23,2010-03-23,0,Europe,198.0,1.22
13446,United Kingdom,2010-02-14,431,11,3881.89,352.9,1,2403.0,113,11,2010-02-14,2010-10-05,233,Europe,218.45,1.62
13447,United Kingdom,2011-11-04,24,3,1129.14,376.38,0,584.0,55,3,2011-11-04,2011-11-16,12,Europe,194.67,1.93
13448,United Kingdom,2009-12-06,17,13,8745.93,672.76,0,4195.0,321,13,2009-12-06,2011-11-23,717,Europe,322.69,2.08
13449,United Kingdom,2011-11-16,24,1,291.88,291.88,0,222.0,19,1,2011-11-16,2011-11-16,0,Europe,222.0,1.31
13450,United Kingdom,2010-04-15,27,13,4120.04,316.93,0,4318.0,57,13,2010-04-15,2011-11-13,577,Europe,332.15,0.95
13451,United Kingdom,2010-03-21,27,11,7090.06,644.55,0,5229.0,561,11,2010-03-21,2011-11-13,602,Europe,475.36,1.36
13452,United Kingdom,2010-08-24,260,3,729.8,243.27,1,6.0,2,3,2010-08-24,2011-03-25,213,Europe,2.0,121.63
13453,United Kingdom,2010-11-02,166,3,781.69,260.56,0,341.0,33,3,2010-11-02,2011-06-27,237,Europe,113.67,2.29
13454,United Kingdom,2010-03-08,642,1,219.87,219.87,1,198.0,23,1,2010-03-08,2010-03-08,0,Europe,198.0,1.11
13455,United Kingdom,2009-12-09,25,6,2212.99,368.83,0,795.0,79,6,2009-12-09,2011-11-15,706,Europe,132.5,2.78
13456,United Kingdom,2011-05-16,18,6,1766.72,294.45,0,765.0,43,6,2011-05-16,2011-11-22,190,Europe,127.5,2.31
13457,United Kingdom,2009-12-02,689,2,148.22,74.11,1,96.0,9,2,2009-12-02,2010-01-20,49,Europe,48.0,1.54
13458,United Kingdom,2010-11-16,8,16,11959.27,747.45,0,6760.0,290,16,2010-11-16,2011-12-02,381,Europe,422.5,1.77
13459,United Kingdom,2010-01-26,625,2,1160.41,580.21,1,986.0,57,2,2010-01-26,2010-03-25,58,Europe,493.0,1.18
13460,United Kingdom,2011-10-21,30,2,183.44,91.72,0,286.0,16,2,2011-10-21,2011-11-10,20,Europe,143.0,0.64
13461,United Kingdom,2010-04-21,39,6,4160.0,693.33,0,3132.0,30,6,2010-04-21,2011-11-01,559,Europe,522.0,1.33
13462,United Kingdom,2009-12-14,253,5,1153.85,230.77,1,697.0,64,5,2009-12-14,2011-04-01,473,Europe,139.4,1.66
13464,United Kingdom,2010-03-31,59,6,3097.64,516.27,0,1440.0,128,6,2010-03-31,2011-10-12,560,Europe,240.0,2.15
13465,United Kingdom,2010-05-02,447,2,931.12,465.56,1,584.0,34,2,2010-05-02,2010-09-19,140,Europe,292.0,1.59
13466,United Kingdom,2010-03-21,185,5,1013.35,202.67,1,660.0,49,5,2010-03-21,2011-06-08,444,Europe,132.0,1.54
13467,United Kingdom,2011-11-03,11,2,1071.91,535.96,0,580.0,89,2,2011-11-03,2011-11-29,26,Europe,290.0,1.85
13468,United Kingdom,2009-12-03,2,72,12793.28,177.68,0,5617.0,290,72,2009-12-03,2011-12-08,735,Europe,78.01,2.28
13469,United Kingdom,2010-02-24,654,1,82.4,82.4,1,52.0,6,1,2010-02-24,2010-02-24,0,Europe,52.0,1.58
13470,United Kingdom,2011-08-16,100,2,165.0,82.5,1,100.0,7,2,2011-08-16,2011-09-01,16,Europe,50.0,1.65
13471,United Kingdom,2011-10-23,2,4,2501.84,625.46,0,1583.0,214,4,2011-10-23,2011-12-08,46,Europe,395.75,1.58
13472,United Kingdom,2010-06-02,464,2,592.24,296.12,1,310.0,24,2,2010-06-02,2010-09-02,92,Europe,155.0,1.91
13473,United Kingdom,2009-12-15,61,8,2657.76,332.22,0,1000.0,65,8,2009-12-15,2011-10-10,664,Europe,125.0,2.66
13474,United Kingdom,2010-08-01,237,3,646.59,215.53,1,318.0,116,3,2010-08-01,2011-04-17,259,Europe,106.0,2.03
13475,United Kingdom,2011-02-14,192,4,1431.78,357.95,1,1012.0,64,4,2011-02-14,2011-06-01,107,Europe,253.0,1.41
13476,United Kingdom,2010-03-05,179,5,2061.47,412.29,0,713.0,86,5,2010-03-05,2011-06-14,466,Europe,142.6,2.89
13477,United Kingdom,2010-01-25,38,11,2819.17,256.29,0,2091.0,112,11,2010-01-25,2011-11-02,646,Europe,190.09,1.35
13478,United Kingdom,2010-01-31,470,5,2215.78,443.16,1,1189.0,114,5,2010-01-31,2010-08-27,208,Europe,237.8,1.86
13479,United Kingdom,2010-08-19,201,4,851.37,212.84,1,716.0,45,4,2010-08-19,2011-05-23,277,Europe,179.0,1.19
13480,United Kingdom,2010-01-29,417,2,627.82,313.91,1,362.0,40,2,2010-01-29,2010-10-19,263,Europe,181.0,1.73
13481,United Kingdom,2009-12-04,46,11,3830.84,348.26,0,2055.0,162,11,2009-12-04,2011-10-25,690,Europe,186.82,1.86
13482,United Kingdom,2010-03-22,233,2,336.09,168.05,1,187.0,20,2,2010-03-22,2011-04-21,395,Europe,93.5,1.8
13483,United Kingdom,2011-10-05,66,1,140.34,140.34,0,160.0,10,1,2011-10-05,2011-10-05,0,Europe,160.0,0.88
13484,United Kingdom,2010-03-10,242,3,790.72,263.57,1,224.0,38,3,2010-03-10,2011-04-12,398,Europe,74.67,3.53
13485,United Kingdom,2009-12-03,234,11,3019.22,274.47,1,1798.0,131,11,2009-12-03,2011-04-20,503,Europe,163.45,1.68
13486,United Kingdom,2011-07-07,79,3,1122.41,374.14,0,669.0,69,3,2011-07-07,2011-09-22,77,Europe,223.0,1.68
13487,United Kingdom,2009-12-05,58,5,846.87,169.37,0,362.0,31,5,2009-12-05,2011-10-13,677,Europe,72.4,2.34
13488,United Kingdom,2010-01-25,18,23,14205.96,617.65,0,7375.0,370,23,2010-01-25,2011-11-22,666,Europe,320.65,1.93
13489,United Kingdom,2011-02-18,106,4,449.52,112.38,0,560.0,11,4,2011-02-18,2011-08-26,189,Europe,140.0,0.8
13490,United Kingdom,2010-02-23,655,1,154.25,154.25,1,25.0,8,1,2010-02-23,2010-02-23,0,Europe,25.0,6.17
13491,United Kingdom,2009-12-07,52,27,4467.66,165.47,0,2349.0,144,27,2009-12-07,2011-10-19,681,Europe,87.0,1.9
13492,Switzerland,2011-05-09,137,3,1269.84,423.28,0,408.0,38,3,2011-05-09,2011-07-26,78,Europe,136.0,3.11
13493,Switzerland,2011-02-25,276,2,618.63,309.32,1,380.0,6,2,2011-02-25,2011-03-09,12,Europe,190.0,1.63
13494,United Kingdom,2011-02-01,312,1,316.26,316.26,1,162.0,18,1,2011-02-01,2011-02-01,0,Europe,162.0,1.95
13495,United Kingdom,2009-12-07,8,10,4863.31,486.33,0,2465.0,59,10,2009-12-07,2011-12-02,725,Europe,246.5,1.97
13496,United Kingdom,2010-12-15,11,2,653.33,326.67,0,341.0,28,2,2010-12-15,2011-11-29,349,Europe,170.5,1.92
13497,United Kingdom,2010-02-08,283,6,1166.83,194.47,1,525.0,52,6,2010-02-08,2011-03-02,387,Europe,87.5,2.22
13498,United Kingdom,2009-12-09,731,1,327.38,327.38,1,362.0,17,1,2009-12-09,2009-12-09,0,Europe,362.0,0.9
13499,United Kingdom,2011-03-15,18,5,1159.11,231.82,0,1365.0,31,5,2011-03-15,2011-11-22,252,Europe,273.0,0.85
13500,United Kingdom,2010-11-03,24,4,1466.3,366.58,0,838.0,77,4,2010-11-03,2011-11-16,378,Europe,209.5,1.75
13501,Switzerland,2010-05-18,289,3,2885.11,961.7,1,1253.0,90,3,2010-05-18,2011-02-24,282,Europe,417.67,2.3
13502,United Kingdom,2010-06-09,17,5,780.5,156.1,0,490.0,28,5,2010-06-09,2011-11-23,532,Europe,98.0,1.59
13503,United Kingdom,2010-02-16,72,6,1859.24,309.87,0,1105.0,158,6,2010-02-16,2011-09-29,590,Europe,184.17,1.68
13504,United Kingdom,2011-10-06,65,1,295.93,295.93,0,178.0,22,1,2011-10-06,2011-10-06,0,Europe,178.0,1.66
13505,Switzerland,2011-04-21,73,4,4393.63,1098.41,0,2486.0,182,4,2011-04-21,2011-09-28,160,Europe,621.5,1.77
13506,United Kingdom,2010-09-05,317,5,1338.08,267.62,1,942.0,55,5,2010-09-05,2011-01-27,144,Europe,188.4,1.42
13507,United Kingdom,2011-07-17,4,4,2479.16,619.79,0,1597.0,146,4,2011-07-17,2011-12-06,142,Europe,399.25,1.55
13508,United Kingdom,2010-03-07,244,2,287.05,143.53,1,180.0,27,2,2010-03-07,2011-04-10,399,Europe,90.0,1.59
13509,United Kingdom,2010-07-20,9,8,1114.72,139.34,0,1214.0,27,8,2010-07-20,2011-12-01,499,Europe,151.75,0.92
13510,United Kingdom,2009-12-21,2,11,4558.29,414.39,0,3044.0,176,11,2009-12-21,2011-12-08,717,Europe,276.73,1.5
13511,United Kingdom,2010-02-01,677,1,282.76,282.76,1,60.0,5,1,2010-02-01,2010-02-01,0,Europe,60.0,4.71
13512,United Kingdom,2010-05-05,261,4,713.39,178.35,1,419.0,31,4,2010-05-05,2011-03-24,323,Europe,104.75,1.7
13513,United Kingdom,2010-02-22,127,3,824.59,274.86,0,364.0,32,3,2010-02-22,2011-08-05,529,Europe,121.33,2.27
13514,United Kingdom,2010-01-26,74,4,815.9,203.98,0,288.0,15,4,2010-01-26,2011-09-27,609,Europe,72.0,2.83
13515,United Kingdom,2010-03-05,73,6,1265.82,210.97,0,819.0,64,6,2010-03-05,2011-09-28,572,Europe,136.5,1.55
13516,United Kingdom,2010-10-18,22,4,1685.26,421.32,0,1114.0,55,4,2010-10-18,2011-11-18,396,Europe,278.5,1.51
13517,United Kingdom,2011-06-13,60,3,2128.42,709.47,0,1369.0,125,3,2011-06-13,2011-10-11,120,Europe,456.33,1.55
13518,United Kingdom,2011-09-15,86,1,627.16,627.16,0,382.0,36,1,2011-09-15,2011-09-15,0,Europe,382.0,1.64
13519,United Kingdom,2010-09-23,79,2,343.21,171.61,0,133.0,19,2,2010-09-23,2011-09-22,364,Europe,66.5,2.58
13520,Switzerland,2009-12-17,59,11,6606.0,600.55,0,3179.0,81,11,2009-12-17,2011-10-12,664,Europe,289.0,2.08
13521,United Kingdom,2011-11-29,2,3,1071.73,357.24,0,718.0,313,3,2011-11-29,2011-12-08,9,Europe,239.33,1.49
13522,United Kingdom,2011-11-09,31,1,125.8,125.8,0,44.0,5,1,2011-11-09,2011-11-09,0,Europe,44.0,2.86
13523,United Kingdom,2010-11-02,34,6,4534.57,755.76,0,1989.0,177,6,2010-11-02,2011-11-06,369,Europe,331.5,2.28
13524,United Kingdom,2011-05-04,41,5,680.18,136.04,0,324.0,17,5,2011-05-04,2011-10-30,179,Europe,64.8,2.1
13525,United Kingdom,2011-04-05,15,2,628.78,314.39,0,394.0,5,2,2011-04-05,2011-11-25,234,Europe,197.0,1.6
13526,United Kingdom,2009-12-01,739,2,1182.0,591.0,1,1911.0,29,2,2009-12-01,2009-12-01,0,Europe,955.5,0.62
13527,United Kingdom,2010-01-21,34,12,4541.29,378.44,0,2736.0,266,12,2010-01-21,2011-11-06,654,Europe,228.0,1.66
13529,United Kingdom,2011-05-19,79,2,307.76,153.88,0,74.0,15,2,2011-05-19,2011-09-22,126,Europe,37.0,4.16
13530,United Kingdom,2010-03-15,635,1,402.98,402.98,1,272.0,18,1,2010-03-15,2010-03-15,0,Europe,272.0,1.48
13531,United Kingdom,2009-12-03,206,6,1433.07,238.85,1,497.0,44,6,2009-12-03,2011-05-18,531,Europe,82.83,2.88
13532,United Kingdom,2011-11-06,34,1,210.31,210.31,0,129.0,66,1,2011-11-06,2011-11-06,0,Europe,129.0,1.63
13533,United Kingdom,2011-03-17,183,3,269.09,89.7,1,202.0,61,3,2011-03-17,2011-06-10,85,Europe,67.33,1.33
13534,United Kingdom,2010-07-07,3,35,7720.9,220.6,0,3869.0,163,35,2010-07-07,2011-12-07,518,Europe,110.54,2.0
13535,United Kingdom,2010-11-02,403,1,89.5,89.5,1,10.0,1,1,2010-11-02,2010-11-02,0,Europe,10.0,8.95
13536,United Kingdom,2011-09-25,2,7,3444.39,492.06,0,2126.0,91,7,2011-09-25,2011-12-08,74,Europe,303.71,1.62
13537,United Kingdom,2010-09-14,426,2,717.85,358.93,1,337.0,38,2,2010-09-14,2010-10-10,26,Europe,168.5,2.13
13538,United Kingdom,2010-02-02,44,12,3103.13,258.59,0,959.0,105,12,2010-02-02,2011-10-27,632,Europe,79.92,3.24
13539,United Kingdom,2010-04-28,86,7,1569.36,224.19,0,710.0,69,7,2010-04-28,2011-09-15,505,Europe,101.43,2.21
13540,United Kingdom,2010-02-22,468,3,632.39,210.8,1,189.0,26,3,2010-02-22,2010-08-29,188,Europe,63.0,3.35
13541,United Kingdom,2010-05-18,428,2,785.25,392.63,1,279.0,10,2,2010-05-18,2010-10-08,143,Europe,139.5,2.81
13542,United Kingdom,2009-12-10,377,17,3959.49,232.91,1,804.0,98,17,2009-12-10,2010-11-28,353,Europe,47.29,4.92
13543,United Kingdom,2010-01-21,635,2,1439.61,719.81,1,329.0,37,2,2010-01-21,2010-03-15,53,Europe,164.5,4.38
13544,United Kingdom,2010-03-05,40,6,790.2,131.7,0,331.0,219,6,2010-03-05,2011-10-31,605,Europe,55.17,2.39
13545,United Kingdom,2010-06-13,391,2,364.93,182.47,1,252.0,54,2,2010-06-13,2010-11-14,154,Europe,126.0,1.45
13546,United Kingdom,2010-10-11,13,5,1086.24,217.25,0,587.0,95,5,2010-10-11,2011-11-27,412,Europe,117.4,1.85
13547,United Kingdom,2010-10-27,409,1,167.08,167.08,1,79.0,44,1,2010-10-27,2010-10-27,0,Europe,79.0,2.11
13548,United Kingdom,2010-08-25,97,3,901.44,300.48,0,558.0,169,3,2010-08-25,2011-09-04,375,Europe,186.0,1.62
13549,United Kingdom,2010-11-17,26,8,1005.8,125.73,0,554.0,44,8,2010-11-17,2011-11-14,362,Europe,69.25,1.82
13550,United Kingdom,2010-11-21,384,1,342.55,342.55,1,430.0,40,1,2010-11-21,2010-11-21,0,Europe,430.0,0.8
13551,United Kingdom,2010-02-11,320,2,244.2,122.1,1,36.0,5,2,2010-02-11,2011-01-24,347,Europe,18.0,6.78
13552,United Kingdom,2010-02-19,67,22,6948.92,315.86,0,2630.0,162,22,2010-02-19,2011-10-04,592,Europe,119.55,2.64
13553,United Kingdom,2010-02-03,675,1,499.6,499.6,1,201.0,85,1,2010-02-03,2010-02-03,0,Europe,201.0,2.49
13554,United Kingdom,2010-09-19,381,7,1629.35,232.76,1,578.0,156,7,2010-09-19,2010-11-24,66,Europe,82.57,2.82
13555,United Kingdom,2010-01-19,74,13,8891.84,683.99,0,4762.0,264,13,2010-01-19,2011-09-27,616,Europe,366.31,1.87
13556,United Kingdom,2010-09-30,430,2,200.82,100.41,1,134.0,8,2,2010-09-30,2010-10-06,6,Europe,67.0,1.5
13557,United Kingdom,2009-12-08,29,13,3032.26,233.25,0,2398.0,126,13,2009-12-08,2011-11-11,703,Europe,184.46,1.26
13558,United Kingdom,2011-10-02,6,4,594.52,148.63,0,338.0,123,4,2011-10-02,2011-12-04,63,Europe,84.5,1.76
13559,United Kingdom,2010-06-14,513,2,990.0,495.0,1,360.0,1,2,2010-06-14,2010-07-15,31,Europe,180.0,2.75
13560,United Kingdom,2011-12-02,8,1,171.42,171.42,0,63.0,32,1,2011-12-02,2011-12-02,0,Europe,63.0,2.72
13561,United Kingdom,2010-02-28,216,11,1803.4,163.95,1,1125.0,131,11,2010-02-28,2011-05-08,434,Europe,102.27,1.6
13562,United Kingdom,2010-01-14,82,8,4838.18,604.77,0,1603.0,88,8,2010-01-14,2011-09-19,613,Europe,200.38,3.02
13563,United Kingdom,2011-07-22,85,2,777.53,388.77,0,209.0,49,2,2011-07-22,2011-09-16,56,Europe,104.5,3.72
13564,United Kingdom,2009-12-02,145,37,16498.97,445.92,0,8878.0,484,37,2009-12-02,2011-07-18,593,Europe,239.95,1.86
13565,United Kingdom,2010-10-24,20,3,414.8,138.27,0,260.0,45,3,2010-10-24,2011-11-20,392,Europe,86.67,1.6
13566,United Kingdom,2010-03-10,41,5,1688.6,337.72,0,1257.0,263,5,2010-03-10,2011-10-30,599,Europe,251.4,1.34
13567,United Kingdom,2010-06-16,429,4,1079.29,269.82,1,643.0,180,4,2010-06-16,2010-10-07,113,Europe,160.75,1.68
13568,United Kingdom,2011-06-19,174,1,187.05,187.05,1,66.0,41,1,2011-06-19,2011-06-19,0,Europe,66.0,2.83
13569,United Kingdom,2010-10-07,18,4,726.54,181.64,0,345.0,140,4,2010-10-07,2011-11-22,411,Europe,86.25,2.11
13570,United Kingdom,2011-04-10,244,1,239.49,239.49,1,161.0,27,1,2011-04-10,2011-04-10,0,Europe,161.0,1.49
13571,United Kingdom,2009-12-08,13,26,4537.26,174.51,0,3191.0,263,26,2009-12-08,2011-11-27,719,Europe,122.73,1.42
13572,United Kingdom,2011-05-18,206,1,1384.25,1384.25,1,534.0,32,1,2011-05-18,2011-05-18,0,Europe,534.0,2.59
13573,United Kingdom,2010-03-12,51,6,904.52,150.75,0,647.0,73,6,2010-03-12,2011-10-20,587,Europe,107.83,1.4
13574,United Kingdom,2010-10-24,412,1,404.45,404.45,1,304.0,84,1,2010-10-24,2010-10-24,0,Europe,304.0,1.33
13575,United Kingdom,2011-06-16,24,5,732.07,146.41,0,449.0,41,5,2011-06-16,2011-11-16,153,Europe,89.8,1.63
13576,United Kingdom,2009-12-08,11,28,11202.59,400.09,0,4506.0,145,28,2009-12-08,2011-11-29,721,Europe,160.93,2.49
13577,United Kingdom,2009-12-14,26,11,3489.28,317.21,0,1661.0,102,11,2009-12-14,2011-11-14,700,Europe,151.0,2.1
13578,United Kingdom,2010-10-26,410,1,147.66,147.66,1,127.0,9,1,2010-10-26,2010-10-26,0,Europe,127.0,1.16
13579,United Kingdom,2010-02-18,15,5,1374.34,274.87,0,718.0,72,5,2010-02-18,2011-11-25,645,Europe,143.6,1.91
13580,United Kingdom,2010-10-29,407,1,107.75,107.75,1,45.0,5,1,2010-10-29,2010-10-29,0,Europe,45.0,2.39
13581,United Kingdom,2010-10-21,310,2,280.53,140.27,1,119.0,32,2,2010-10-21,2011-02-03,105,Europe,59.5,2.36
13582,United Kingdom,2010-04-01,390,2,241.68,120.84,1,106.0,10,2,2010-04-01,2010-11-15,228,Europe,53.0,2.28
13583,United Kingdom,2010-01-29,156,2,1445.03,722.52,1,1096.0,92,2,2010-01-29,2011-07-07,524,Europe,548.0,1.32
13584,United Kingdom,2010-02-02,307,3,385.7,128.57,1,360.0,74,3,2010-02-02,2011-02-06,369,Europe,120.0,1.07
13585,United Kingdom,2009-12-01,531,3,684.54,228.18,1,1386.0,29,3,2009-12-01,2010-06-27,208,Europe,462.0,0.49
13586,United Kingdom,2010-06-16,542,1,127.28,127.28,1,38.0,20,1,2010-06-16,2010-06-16,0,Europe,38.0,3.35
13587,United Kingdom,2010-02-14,64,4,1673.5,418.38,0,664.0,27,4,2010-02-14,2011-10-07,600,Europe,166.0,2.52
13588,United Kingdom,2011-03-29,16,9,2478.95,275.44,0,2606.0,131,9,2011-03-29,2011-11-24,240,Europe,289.56,0.95
13589,United Kingdom,2009-12-06,15,6,1120.74,186.79,0,293.0,48,6,2009-12-06,2011-11-25,719,Europe,48.83,3.83
13590,United Kingdom,2009-12-01,12,18,6336.04,352.0,0,5271.0,255,18,2009-12-01,2011-11-28,727,Europe,292.83,1.2
13591,United Kingdom,2009-12-14,65,7,2093.94,299.13,0,850.0,89,7,2009-12-14,2011-10-06,661,Europe,121.43,2.46
13592,United Kingdom,2011-03-20,36,4,247.96,61.99,0,84.0,15,4,2011-03-20,2011-11-04,229,Europe,21.0,2.95
13593,United Kingdom,2010-03-02,109,14,5493.29,392.38,0,2170.0,212,14,2010-03-02,2011-08-23,539,Europe,155.0,2.53
13594,United Kingdom,2010-08-11,53,2,533.32,266.66,0,396.0,31,2,2010-08-11,2011-10-18,433,Europe,198.0,1.35
13595,United Kingdom,2010-03-03,517,3,784.48,261.49,1,341.0,114,3,2010-03-03,2010-07-11,130,Europe,113.67,2.3
13596,United Kingdom,2011-11-27,6,2,664.11,332.06,0,384.0,133,2,2011-11-27,2011-12-04,7,Europe,192.0,1.73
13597,United Kingdom,2010-11-02,401,2,396.71,198.36,1,231.0,17,2,2010-11-02,2010-11-04,2,Europe,115.5,1.72
13598,United Kingdom,2010-02-26,48,5,761.96,152.39,0,393.0,78,5,2010-02-26,2011-10-23,604,Europe,78.6,1.94
13599,United Kingdom,2009-12-01,2,33,9811.04,297.3,0,6248.0,235,33,2009-12-01,2011-12-08,737,Europe,189.33,1.57
13600,United Kingdom,2010-03-15,313,2,518.42,259.21,1,599.0,35,2,2010-03-15,2011-01-31,322,Europe,299.5,0.87
13601,United Kingdom,2010-06-11,46,4,1159.99,290.0,0,957.0,160,4,2010-06-11,2011-10-25,501,Europe,239.25,1.21
13602,United Kingdom,2010-05-28,65,4,1025.17,256.29,0,538.0,49,4,2010-05-28,2011-10-06,496,Europe,134.5,1.91
13603,United Kingdom,2011-11-13,27,1,164.34,164.34,0,164.0,27,1,2011-11-13,2011-11-13,0,Europe,164.0,1.0
13604,United Kingdom,2010-02-19,659,1,717.62,717.62,1,242.0,21,1,2010-02-19,2010-02-19,0,Europe,242.0,2.97
13605,United Kingdom,2010-05-17,388,2,522.67,261.34,1,425.0,50,2,2010-05-17,2010-11-17,184,Europe,212.5,1.23
13606,United Kingdom,2011-02-01,30,3,276.75,92.25,0,276.0,40,3,2011-02-01,2011-11-10,282,Europe,92.0,1.0
13607,United Kingdom,2010-11-02,41,2,1075.81,537.91,0,466.0,110,2,2010-11-02,2011-10-30,362,Europe,233.0,2.31
13608,United Kingdom,2010-06-17,541,1,232.05,232.05,1,110.0,31,1,2010-06-17,2010-06-17,0,Europe,110.0,2.11
13609,United Kingdom,2010-04-25,594,1,167.35,167.35,1,19.0,7,1,2010-04-25,2010-04-25,0,Europe,19.0,8.81
13610,United Kingdom,2010-01-05,13,14,2103.71,150.27,0,869.0,309,14,2010-01-05,2011-11-27,691,Europe,62.07,2.42
13611,United Kingdom,2009-12-03,90,10,3297.93,329.79,0,1988.0,170,10,2009-12-03,2011-09-11,647,Europe,198.8,1.66
13612,United Kingdom,2010-03-17,633,1,818.29,818.29,1,444.0,50,1,2010-03-17,2010-03-17,0,Europe,444.0,1.84
13613,United Kingdom,2010-02-17,453,5,1039.85,207.97,1,445.0,50,5,2010-02-17,2010-09-13,208,Europe,89.0,2.34
13614,United Kingdom,2010-06-06,25,6,2332.74,388.79,0,821.0,227,6,2010-06-06,2011-11-15,527,Europe,136.83,2.84
13615,United Kingdom,2010-01-28,319,8,6272.53,784.07,1,2910.0,259,8,2010-01-28,2011-01-25,362,Europe,363.75,2.16
13616,United Kingdom,2010-01-17,569,2,283.85,141.93,1,172.0,31,2,2010-01-17,2010-05-20,123,Europe,86.0,1.65
13617,United Kingdom,2010-08-01,41,8,1278.75,159.84,0,593.0,48,8,2010-08-01,2011-10-30,455,Europe,74.13,2.16
13618,United Kingdom,2011-06-19,174,1,177.34,177.34,1,246.0,13,1,2011-06-19,2011-06-19,0,Europe,246.0,0.72
13619,United Kingdom,2010-02-03,545,2,224.94,112.47,1,79.0,39,2,2010-02-03,2010-06-13,130,Europe,39.5,2.85
13620,United Kingdom,2010-06-29,529,1,112.34,112.34,1,74.0,5,1,2010-06-29,2010-06-29,0,Europe,74.0,1.52
13621,United Kingdom,2011-08-15,117,1,213.85,213.85,1,343.0,19,1,2011-08-15,2011-08-15,0,Europe,343.0,0.62
13622,United Kingdom,2010-01-12,697,1,658.95,658.95,1,379.0,32,1,2010-01-12,2010-01-12,0,Europe,379.0,1.74
13623,United Kingdom,2009-12-02,31,10,2533.06,253.31,0,1010.0,211,10,2009-12-02,2011-11-09,707,Europe,101.0,2.51
13624,United Kingdom,2010-11-16,389,1,462.08,462.08,1,820.0,22,1,2010-11-16,2010-11-16,0,Europe,820.0,0.56
13625,United Kingdom,2010-04-22,597,1,301.26,301.26,1,144.0,21,1,2010-04-22,2010-04-22,0,Europe,144.0,2.09
13626,United Kingdom,2010-11-25,253,2,707.04,353.52,1,398.0,44,2,2010-11-25,2011-04-01,127,Europe,199.0,1.78
13627,United Kingdom,2010-03-09,60,7,2245.9,320.84,0,1632.0,118,7,2010-03-09,2011-10-11,581,Europe,233.14,1.38
13628,United Kingdom,2010-02-01,677,1,310.14,310.14,1,106.0,16,1,2010-02-01,2010-02-01,0,Europe,106.0,2.93
13629,United Kingdom,2010-02-11,24,19,13370.86,703.73,0,7722.0,28,19,2010-02-11,2011-11-16,643,Europe,406.42,1.73
13630,United Kingdom,2011-02-27,6,7,2031.78,290.25,0,1391.0,51,7,2011-02-27,2011-12-04,280,Europe,198.71,1.46
13631,United Kingdom,2011-03-17,100,11,3070.42,279.13,0,467.0,6,11,2011-03-17,2011-09-01,168,Europe,42.45,6.57
13632,United Kingdom,2010-04-07,25,8,3645.81,455.73,0,1633.0,166,8,2010-04-07,2011-11-15,587,Europe,204.13,2.23
13634,United Kingdom,2010-01-10,34,16,5033.77,314.61,0,2090.0,269,16,2010-01-10,2011-11-06,665,Europe,130.63,2.41
13635,United Kingdom,2009-12-01,68,4,2999.16,749.79,0,1884.0,135,4,2009-12-01,2011-10-03,671,Europe,471.0,1.59
13636,United Kingdom,2011-02-27,37,5,949.12,189.82,0,592.0,57,5,2011-02-27,2011-11-03,249,Europe,118.4,1.6
13637,United Kingdom,2011-04-27,53,3,804.3,268.1,0,405.0,79,3,2011-04-27,2011-10-18,174,Europe,135.0,1.99
13638,United Kingdom,2011-11-24,16,1,122.64,122.64,0,93.0,8,1,2011-11-24,2011-11-24,0,Europe,93.0,1.32
13639,United Kingdom,2010-09-29,75,2,1346.27,673.14,0,997.0,49,2,2010-09-29,2011-09-26,362,Europe,498.5,1.35
13640,United Kingdom,2010-04-07,612,1,405.0,405.0,1,108.0,4,1,2010-04-07,2010-04-07,0,Europe,108.0,3.75
13641,United Kingdom,2009-12-05,641,5,1016.47,203.29,1,1098.0,41,5,2009-12-05,2010-03-09,94,Europe,219.6,0.93
13642,United Kingdom,2010-10-03,216,4,472.2,118.05,1,231.0,93,4,2010-10-03,2011-05-08,217,Europe,57.75,2.04
13643,United Kingdom,2009-12-08,32,10,2156.77,215.68,0,902.0,71,10,2009-12-08,2011-11-08,700,Europe,90.2,2.39
13644,United Kingdom,2011-08-26,17,4,2624.26,656.07,0,2067.0,144,4,2011-08-26,2011-11-23,89,Europe,516.75,1.27
13645,United Kingdom,2011-08-11,121,1,252.1,252.1,1,158.0,5,1,2011-08-11,2011-08-11,0,Europe,158.0,1.6
13646,United Kingdom,2010-11-05,400,2,326.25,163.13,1,79.0,58,2,2010-11-05,2010-11-05,0,Europe,39.5,4.13
13647,United Kingdom,2010-04-15,10,8,3041.68,380.21,0,1795.0,98,8,2010-04-15,2011-11-30,594,Europe,224.38,1.69
13648,United Kingdom,2009-12-01,401,8,1764.02,220.5,1,960.0,95,8,2009-12-01,2010-11-04,338,Europe,120.0,1.84
13649,United Kingdom,2010-06-30,257,6,1453.68,242.28,1,782.0,97,6,2010-06-30,2011-03-28,271,Europe,130.33,1.86
13650,United Kingdom,2010-01-26,17,10,3288.0,328.8,0,1746.0,127,10,2010-01-26,2011-11-23,666,Europe,174.6,1.88
13651,United Kingdom,2010-11-23,36,3,226.85,75.62,0,62.0,14,3,2010-11-23,2011-11-04,346,Europe,20.67,3.66
13652,United Kingdom,2010-02-25,46,5,2262.05,452.41,0,1458.0,116,5,2010-02-25,2011-10-25,607,Europe,291.6,1.55
13653,United Kingdom,2010-08-09,488,1,152.2,152.2,1,72.0,9,1,2010-08-09,2010-08-09,0,Europe,72.0,2.11
13654,United Kingdom,2009-12-02,44,11,6308.0,573.45,0,4762.0,262,11,2009-12-02,2011-10-27,694,Europe,432.91,1.32
13655,United Kingdom,2010-04-27,115,6,2280.51,380.09,0,1225.0,103,6,2010-04-27,2011-08-17,477,Europe,204.17,1.86
13656,United Kingdom,2010-04-23,165,4,1078.85,269.71,0,862.0,81,4,2010-04-23,2011-06-28,431,Europe,215.5,1.25
13657,United Kingdom,2011-05-22,11,2,382.14,191.07,0,209.0,16,2,2011-05-22,2011-11-29,191,Europe,104.5,1.83
13658,United Kingdom,2010-02-05,10,9,6025.5,669.5,0,2171.0,164,9,2010-02-05,2011-11-30,663,Europe,241.22,2.78
13659,United Kingdom,2010-02-17,206,12,4884.68,407.06,1,2527.0,224,12,2010-02-17,2011-05-18,455,Europe,210.58,1.93
13660,United Kingdom,2010-11-04,401,1,306.64,306.64,1,136.0,39,1,2010-11-04,2010-11-04,0,Europe,136.0,2.25
13661,United Kingdom,2010-04-15,604,1,325.24,325.24,1,118.0,17,1,2010-04-15,2010-04-15,0,Europe,118.0,2.76
13662,United Kingdom,2010-02-19,86,11,2233.61,203.06,0,1169.0,126,11,2010-02-19,2011-09-15,573,Europe,106.27,1.91
13663,United Kingdom,2010-03-03,180,5,2047.51,409.5,0,893.0,87,5,2010-03-03,2011-06-13,467,Europe,178.6,2.29
13665,United Kingdom,2010-07-23,387,3,1711.66,570.55,1,1652.0,97,3,2010-07-23,2010-11-18,118,Europe,550.67,1.04
13666,United Kingdom,2009-12-04,61,5,127.9,25.58,0,54.0,19,5,2009-12-04,2011-10-10,675,Europe,10.8,2.37
13667,United Kingdom,2011-07-13,150,1,299.05,299.05,1,149.0,82,1,2011-07-13,2011-07-13,0,Europe,149.0,2.01
13668,United Kingdom,2009-12-11,3,35,12948.48,369.96,0,6096.0,411,35,2009-12-11,2011-12-07,726,Europe,174.17,2.12
13669,United Kingdom,2010-10-28,51,3,413.55,137.85,0,393.0,13,3,2010-10-28,2011-10-20,357,Europe,131.0,1.05
13670,United Kingdom,2011-09-25,76,1,349.7,349.7,0,282.0,25,1,2011-09-25,2011-09-25,0,Europe,282.0,1.24
13671,United Kingdom,2010-11-10,395,1,172.6,172.6,1,95.0,61,1,2010-11-10,2010-11-10,0,Europe,95.0,1.82
13672,United Kingdom,2009-12-09,302,3,419.92,139.97,1,138.0,13,3,2009-12-09,2011-02-11,429,Europe,46.0,3.04
13673,United Kingdom,2011-11-07,19,2,387.44,193.72,0,114.0,47,2,2011-11-07,2011-11-21,14,Europe,57.0,3.4
13674,United Kingdom,2010-10-03,433,1,240.68,240.68,1,102.0,14,1,2010-10-03,2010-10-03,0,Europe,102.0,2.36
13675,United Kingdom,2011-02-28,152,2,486.82,243.41,1,330.0,25,2,2011-02-28,2011-07-11,133,Europe,165.0,1.48
13676,United Kingdom,2010-03-30,540,2,243.9,121.95,1,104.0,13,2,2010-03-30,2010-06-18,80,Europe,52.0,2.35
13677,United Kingdom,2010-07-07,405,2,551.24,275.62,1,217.0,98,2,2010-07-07,2010-10-31,116,Europe,108.5,2.54
13678,United Kingdom,2011-07-11,152,1,232.6,232.6,1,924.0,16,1,2011-07-11,2011-07-11,0,Europe,924.0,0.25
13679,United Kingdom,2009-12-04,494,3,281.26,93.75,1,102.0,44,3,2009-12-04,2010-08-03,242,Europe,34.0,2.76
13680,United Kingdom,2009-12-04,2,12,11419.67,951.64,0,5244.0,354,12,2009-12-04,2011-12-08,734,Europe,437.0,2.18
13681,United Kingdom,2011-07-07,18,4,827.83,206.96,0,360.0,37,4,2011-07-07,2011-11-22,138,Europe,90.0,2.3
13682,United Kingdom,2011-06-05,188,1,59.5,59.5,1,10.0,3,1,2011-06-05,2011-06-05,0,Europe,10.0,5.95
13683,United Kingdom,2010-09-08,458,1,258.6,258.6,1,180.0,10,1,2010-09-08,2010-09-08,0,Europe,180.0,1.44
13684,United Kingdom,2010-03-28,286,4,594.88,148.72,1,234.0,81,4,2010-03-28,2011-02-27,336,Europe,58.5,2.54
13685,United Kingdom,2011-10-10,3,7,3119.44,445.63,0,5056.0,29,7,2011-10-10,2011-12-07,58,Europe,722.29,0.62
13686,United Kingdom,2010-11-03,183,3,409.04,136.35,1,378.0,27,3,2010-11-03,2011-06-10,219,Europe,126.0,1.08
13687,United Kingdom,2010-09-27,439,1,11880.84,11880.84,1,87167.0,45,1,2010-09-27,2010-09-27,0,Europe,87167.0,0.14
13688,United Kingdom,2010-03-14,636,1,375.5,375.5,1,130.0,5,1,2010-03-14,2010-03-14,0,Europe,130.0,2.89
13689,United Kingdom,2010-09-21,64,2,1259.5,629.75,0,722.0,6,2,2010-09-21,2011-10-07,381,Europe,361.0,1.74
13690,United Kingdom,2011-10-11,60,1,172.25,172.25,0,67.0,9,1,2011-10-11,2011-10-11,0,Europe,67.0,2.57
13691,United Kingdom,2010-11-08,397,1,212.78,212.78,1,145.0,54,1,2010-11-08,2010-11-08,0,Europe,145.0,1.47
13692,United Kingdom,2010-10-15,25,5,3114.4,622.88,0,2101.0,83,5,2010-10-15,2011-11-15,396,Europe,420.2,1.48
13693,United Kingdom,2009-12-07,375,9,2011.82,223.54,1,880.0,78,9,2009-12-07,2010-11-30,358,Europe,97.78,2.29
13694,United Kingdom,2009-12-04,4,143,195640.69,1368.12,0,188201.0,896,143,2009-12-04,2011-12-06,732,Europe,1316.09,1.04
13695,United Kingdom,2010-05-11,32,16,2770.73,173.17,0,1791.0,47,16,2010-05-11,2011-11-08,546,Europe,111.94,1.55
13696,United Kingdom,2010-02-11,422,3,2020.4,673.47,1,552.0,24,3,2010-02-11,2010-10-14,245,Europe,184.0,3.66
13697,United Kingdom,2011-11-01,39,1,151.3,151.3,0,177.0,12,1,2011-11-01,2011-11-01,0,Europe,177.0,0.85
13698,United Kingdom,2010-01-27,597,2,451.73,225.87,1,227.0,31,2,2010-01-27,2010-04-22,85,Europe,113.5,1.99
13699,United Kingdom,2010-06-07,156,2,764.15,382.08,1,219.0,33,2,2010-06-07,2011-07-07,395,Europe,109.5,3.49
13700,United Kingdom,2010-02-07,27,13,2596.97,199.77,0,2786.0,163,13,2010-02-07,2011-11-13,644,Europe,214.31,0.93
13701,United Kingdom,2010-09-19,447,1,161.0,161.0,1,80.0,9,1,2010-09-19,2010-09-19,0,Europe,80.0,2.01
13702,United Kingdom,2010-09-20,446,1,135.18,135.18,1,74.0,5,1,2010-09-20,2010-09-20,0,Europe,74.0,1.83
13703,United Kingdom,2010-10-20,319,2,425.56,212.78,1,128.0,36,2,2010-10-20,2011-01-25,97,Europe,64.0,3.32
13704,United Kingdom,2011-09-12,6,9,2308.06,256.45,0,1531.0,111,9,2011-09-12,2011-12-04,83,Europe,170.11,1.51
13705,United Kingdom,2010-03-25,8,7,1717.19,245.31,0,906.0,55,7,2010-03-25,2011-12-02,617,Europe,129.43,1.9
13706,United Kingdom,2010-03-23,303,2,631.17,315.59,1,301.0,38,2,2010-03-23,2011-02-10,324,Europe,150.5,2.1
13707,United Kingdom,2010-06-21,268,5,3365.86,673.17,1,2210.0,142,5,2010-06-21,2011-03-17,269,Europe,442.0,1.52
13708,United Kingdom,2011-03-13,272,1,285.33,285.33,1,301.0,49,1,2011-03-13,2011-03-13,0,Europe,301.0,0.95
13709,United Kingdom,2010-01-11,4,18,7571.35,420.63,0,4122.0,296,18,2010-01-11,2011-12-06,694,Europe,229.0,1.84
13710,United Kingdom,2010-04-06,32,3,509.52,169.84,0,336.0,13,3,2010-04-06,2011-11-08,581,Europe,112.0,1.52
13711,United Kingdom,2009-12-15,219,9,1792.26,199.14,1,819.0,80,9,2009-12-15,2011-05-05,506,Europe,91.0,2.19
13712,United Kingdom,2010-04-08,247,2,766.42,383.21,1,1128.0,32,2,2010-04-08,2011-04-07,364,Europe,564.0,0.68
13713,United Kingdom,2010-05-05,409,3,740.76,246.92,1,284.0,70,3,2010-05-05,2010-10-27,175,Europe,94.67,2.61
13714,United Kingdom,2010-08-31,466,1,161.35,161.35,1,50.0,30,1,2010-08-31,2010-08-31,0,Europe,50.0,3.23
13715,United Kingdom,2010-03-11,282,17,8153.04,479.59,1,4800.0,277,17,2010-03-11,2011-03-03,357,Europe,282.35,1.7
13716,United Kingdom,2011-03-15,270,1,138.28,138.28,1,138.0,21,1,2011-03-15,2011-03-15,0,Europe,138.0,1.0
13717,United Kingdom,2010-08-11,33,8,1763.3,220.41,0,2144.0,110,8,2010-08-11,2011-11-07,453,Europe,268.0,0.82
13718,United Kingdom,2011-02-17,247,2,306.55,153.28,1,173.0,9,2,2011-02-17,2011-04-07,49,Europe,86.5,1.77
13719,United Kingdom,2010-05-17,16,11,2783.08,253.01,0,1588.0,194,11,2010-05-17,2011-11-24,556,Europe,144.36,1.75
13720,United Kingdom,2011-03-30,117,4,799.9,199.98,0,501.0,42,4,2011-03-30,2011-08-15,138,Europe,125.25,1.6
13721,United Kingdom,2010-11-09,37,2,741.54,370.77,0,512.0,41,2,2010-11-09,2011-11-03,359,Europe,256.0,1.45
13722,United Kingdom,2010-03-03,132,10,5635.41,563.54,0,3059.0,137,10,2010-03-03,2011-07-31,515,Europe,305.9,1.84
13723,United Kingdom,2010-04-07,218,6,1194.08,199.01,1,593.0,51,6,2010-04-07,2011-05-06,394,Europe,98.83,2.01
13724,United Kingdom,2010-03-12,638,1,213.01,213.01,1,130.0,39,1,2010-03-12,2010-03-12,0,Europe,130.0,1.64
13725,United Kingdom,2011-02-04,50,8,1980.56,247.57,0,806.0,95,8,2011-02-04,2011-10-21,259,Europe,100.75,2.46
13726,United Kingdom,2011-08-31,39,2,1079.66,539.83,0,1054.0,39,2,2011-08-31,2011-11-01,62,Europe,527.0,1.02
13727,United Kingdom,2009-12-09,29,8,1074.15,134.27,0,368.0,74,8,2009-12-09,2011-11-11,702,Europe,46.0,2.92
13728,United Kingdom,2009-12-09,37,16,2855.17,178.45,0,1269.0,75,16,2009-12-09,2011-11-03,694,Europe,79.31,2.25
13729,United Kingdom,2010-01-24,436,3,724.73,241.58,1,419.0,36,3,2010-01-24,2010-09-30,249,Europe,139.67,1.73
13730,United Kingdom,2011-07-01,136,2,752.6,376.3,1,488.0,38,2,2011-07-01,2011-07-27,26,Europe,244.0,1.54
13731,United Kingdom,2011-04-07,220,2,610.59,305.3,1,278.0,36,2,2011-04-07,2011-05-04,27,Europe,139.0,2.2
13732,United Kingdom,2011-11-11,29,1,491.86,491.86,0,498.0,33,1,2011-11-11,2011-11-11,0,Europe,498.0,0.99
13733,United Kingdom,2009-12-04,411,2,487.03,243.52,1,335.0,28,2,2009-12-04,2010-10-25,325,Europe,167.5,1.45
13734,United Kingdom,2010-04-16,509,4,6695.69,1673.92,1,302.0,24,4,2010-04-16,2010-07-19,94,Europe,75.5,22.17
13735,United Kingdom,2009-12-13,25,13,9762.77,750.98,0,4135.0,362,13,2009-12-13,2011-11-15,702,Europe,318.08,2.36
13736,United Kingdom,2009-12-06,6,7,2752.47,393.21,0,1549.0,325,7,2009-12-06,2011-12-04,728,Europe,221.29,1.78
13737,United Kingdom,2011-05-23,201,1,339.6,339.6,1,125.0,29,1,2011-05-23,2011-05-23,0,Europe,125.0,2.72
13738,United Kingdom,2010-11-08,397,1,434.78,434.78,1,237.0,88,1,2010-11-08,2010-11-08,0,Europe,237.0,1.83
13739,United Kingdom,2010-06-30,19,2,292.2,146.1,0,76.0,6,2,2010-06-30,2011-11-21,509,Europe,38.0,3.84
13740,United Kingdom,2009-12-02,241,5,1582.77,316.55,1,987.0,83,5,2009-12-02,2011-04-13,497,Europe,197.4,1.6
13741,United Kingdom,2011-05-06,72,3,668.43,222.81,0,218.0,34,3,2011-05-06,2011-09-29,146,Europe,72.67,3.07
13742,United Kingdom,2011-01-23,17,12,3107.87,258.99,0,1115.0,200,12,2011-01-23,2011-11-23,304,Europe,92.92,2.79
13743,United Kingdom,2011-03-25,3,7,1341.6,191.66,0,1776.0,8,7,2011-03-25,2011-12-07,257,Europe,253.71,0.76
13744,United Kingdom,2011-02-20,96,2,1080.52,540.26,1,1153.0,54,2,2011-02-20,2011-09-05,197,Europe,576.5,0.94
13745,United Kingdom,2010-06-11,163,2,777.36,388.68,1,1146.0,46,2,2010-06-11,2011-06-30,384,Europe,573.0,0.68
13746,United Kingdom,2010-10-22,414,1,176.69,176.69,1,83.0,9,1,2010-10-22,2010-10-22,0,Europe,83.0,2.13
13747,United Kingdom,2010-10-11,374,2,169.8,84.9,1,60.0,4,2,2010-10-11,2010-12-01,51,Europe,30.0,2.83
13748,United Kingdom,2009-12-01,96,9,2064.35,229.37,0,1028.0,40,9,2009-12-01,2011-09-05,643,Europe,114.22,2.01
13750,United Kingdom,2010-04-01,54,11,3602.18,327.47,0,1370.0,51,11,2010-04-01,2011-10-17,564,Europe,124.55,2.63
13751,United Kingdom,2011-02-24,289,1,296.25,296.25,1,152.0,9,1,2011-02-24,2011-02-24,0,Europe,152.0,1.95
13752,United Kingdom,2010-06-30,125,7,1579.83,225.69,0,1005.0,75,7,2010-06-30,2011-08-07,403,Europe,143.57,1.57
13753,United Kingdom,2009-12-03,288,4,2094.57,523.64,1,1450.0,64,4,2009-12-03,2011-02-25,449,Europe,362.5,1.44
13754,United Kingdom,2010-09-28,152,3,447.05,149.02,0,315.0,16,3,2010-09-28,2011-07-11,286,Europe,105.0,1.42
13755,United Kingdom,2011-10-07,4,9,2108.06,234.23,0,1242.0,232,9,2011-10-07,2011-12-06,60,Europe,138.0,1.7
13756,United Kingdom,2009-12-15,3,23,8655.95,376.35,0,5138.0,142,23,2009-12-15,2011-12-07,722,Europe,223.39,1.68
13757,United Kingdom,2010-02-03,675,1,195.55,195.55,1,54.0,8,1,2010-02-03,2010-02-03,0,Europe,54.0,3.62
13758,United Kingdom,2009-12-01,12,15,8698.13,579.88,0,4667.0,213,15,2009-12-01,2011-11-28,727,Europe,311.13,1.86
13759,United Kingdom,2011-09-29,34,2,659.41,329.71,0,287.0,24,2,2011-09-29,2011-11-06,38,Europe,143.5,2.3
13760,United Kingdom,2010-04-25,55,5,1363.64,272.73,0,623.0,95,5,2010-04-25,2011-10-16,539,Europe,124.6,2.19
13761,United Kingdom,2010-02-21,51,6,1952.17,325.36,0,1079.0,118,6,2010-02-21,2011-10-20,606,Europe,179.83,1.81
13762,United Kingdom,2010-01-10,219,5,2472.48,494.5,1,2608.0,23,5,2010-01-10,2011-05-05,480,Europe,521.6,0.95
13763,United Kingdom,2010-09-30,64,3,5217.44,1739.15,0,3224.0,50,3,2010-09-30,2011-10-07,372,Europe,1074.67,1.62
13764,United Kingdom,2010-03-07,71,6,2919.62,486.6,0,2084.0,295,6,2010-03-07,2011-09-30,572,Europe,347.33,1.4
13765,United Kingdom,2010-02-24,654,1,352.82,352.82,1,296.0,16,1,2010-02-24,2010-02-24,0,Europe,296.0,1.19
13766,United Kingdom,2010-08-01,496,1,190.35,190.35,1,137.0,16,1,2010-08-01,2010-08-01,0,Europe,137.0,1.39
13767,United Kingdom,2009-12-01,3,73,33903.57,464.43,0,14595.0,117,73,2009-12-01,2011-12-07,736,Europe,199.93,2.32
13768,United Kingdom,2009-12-09,727,2,875.97,437.99,1,373.0,30,2,2009-12-09,2009-12-13,4,Europe,186.5,2.35
13769,United Kingdom,2009-12-16,3,20,5478.12,273.91,0,2452.0,121,20,2009-12-16,2011-12-07,721,Europe,122.6,2.23
13770,United Kingdom,2009-12-09,423,4,785.37,196.34,1,468.0,48,4,2009-12-09,2010-10-13,308,Europe,117.0,1.68
13771,United Kingdom,2010-02-25,65,9,5728.82,636.54,0,3140.0,182,9,2010-02-25,2011-10-06,588,Europe,348.89,1.82
13772,United Kingdom,2010-02-23,34,8,3100.02,387.5,0,1446.0,394,8,2010-02-23,2011-11-06,621,Europe,180.75,2.14
13773,United Kingdom,2010-02-18,397,2,301.54,150.77,1,174.0,19,2,2010-02-18,2010-11-08,263,Europe,87.0,1.73
13774,United Kingdom,2011-09-19,82,1,345.0,345.0,0,192.0,22,1,2011-09-19,2011-09-19,0,Europe,192.0,1.8
13775,United Kingdom,2010-04-28,591,1,1049.66,1049.66,1,455.0,63,1,2010-04-28,2010-04-28,0,Europe,455.0,2.31
13776,United Kingdom,2010-10-07,429,2,623.98,311.99,1,2.0,1,2,2010-10-07,2010-10-07,0,Europe,1.0,311.99
13777,United Kingdom,2009-12-02,1,61,49638.26,813.74,0,23190.0,44,61,2009-12-02,2011-12-09,737,Europe,380.16,2.14
13778,United Kingdom,2010-05-23,104,4,1124.49,281.12,0,511.0,33,4,2010-05-23,2011-08-28,462,Europe,127.75,2.2
13779,United Kingdom,2010-07-12,516,1,161.13,161.13,1,53.0,27,1,2010-07-12,2010-07-12,0,Europe,53.0,3.04
13780,United Kingdom,2010-10-28,8,3,732.07,244.02,0,479.0,90,3,2010-10-28,2011-12-02,400,Europe,159.67,1.53
13781,United Kingdom,2009-12-18,251,3,778.83,259.61,1,300.0,56,3,2009-12-18,2011-04-03,471,Europe,100.0,2.6
13782,United Kingdom,2009-12-06,13,13,1786.08,137.39,0,643.0,187,13,2009-12-06,2011-11-27,721,Europe,49.46,2.78
13783,United Kingdom,2010-02-04,488,4,1542.09,385.52,1,3437.0,4,4,2010-02-04,2010-08-09,186,Europe,859.25,0.45
13784,United Kingdom,2010-09-15,10,14,2910.23,207.87,0,2827.0,13,14,2010-09-15,2011-11-30,441,Europe,201.93,1.03
13785,United Kingdom,2010-09-05,429,4,542.49,135.62,1,151.0,26,4,2010-09-05,2010-10-07,32,Europe,37.75,3.59
13786,United Kingdom,2009-12-03,368,6,3127.99,521.33,1,1515.0,80,6,2009-12-03,2010-12-07,369,Europe,252.5,2.06
13787,United Kingdom,2010-01-14,76,6,1222.5,203.75,0,998.0,71,6,2010-01-14,2011-09-25,619,Europe,166.33,1.22
13788,United Kingdom,2010-07-22,506,1,3.75,3.75,1,1.0,1,1,2010-07-22,2010-07-22,0,Europe,1.0,3.75
13789,United Kingdom,2010-11-16,389,1,239.46,239.46,1,258.0,18,1,2010-11-16,2010-11-16,0,Europe,258.0,0.93
13790,United Kingdom,2011-12-05,5,1,348.8,348.8,0,748.0,45,1,2011-12-05,2011-12-05,0,Europe,748.0,0.47
13791,United Kingdom,2011-06-24,128,2,1516.0,758.0,1,1200.0,7,2,2011-06-24,2011-08-04,41,Europe,600.0,1.26
13792,United Kingdom,2010-10-13,67,3,383.95,127.98,0,156.0,23,3,2010-10-13,2011-10-04,356,Europe,52.0,2.46
13793,United Kingdom,2010-03-03,647,1,96.0,96.0,1,52.0,7,1,2010-03-03,2010-03-03,0,Europe,52.0,1.85
13794,United Kingdom,2010-06-11,547,1,126.03,126.03,1,63.0,9,1,2010-06-11,2010-06-11,0,Europe,63.0,2.0
13795,United Kingdom,2010-03-12,389,4,836.3,209.08,1,1250.0,23,4,2010-03-12,2010-11-16,249,Europe,312.5,0.67
13796,United Kingdom,2010-07-28,500,1,289.7,289.7,1,218.0,22,1,2010-07-28,2010-07-28,0,Europe,218.0,1.33
13797,United Kingdom,2010-03-02,437,3,1179.45,393.15,1,573.0,71,3,2010-03-02,2010-09-29,211,Europe,191.0,2.06
13798,United Kingdom,2009-12-08,2,110,75428.87,685.72,0,48187.0,168,110,2009-12-08,2011-12-08,730,Europe,438.06,1.57
13799,United Kingdom,2010-03-05,117,9,2803.57,311.51,0,1539.0,64,9,2010-03-05,2011-08-15,528,Europe,171.0,1.82
13800,United Kingdom,2009-12-03,310,3,1679.56,559.85,1,891.0,73,3,2009-12-03,2011-02-03,427,Europe,297.0,1.89
13801,United Kingdom,2011-10-04,67,1,324.8,324.8,0,168.0,23,1,2011-10-04,2011-10-04,0,Europe,168.0,1.93
13802,United Kingdom,2010-02-16,139,19,26259.11,1382.06,0,14129.0,212,19,2010-02-16,2011-07-24,523,Europe,743.63,1.86
13803,United Kingdom,2010-03-31,256,3,1338.91,446.3,1,831.0,73,3,2010-03-31,2011-03-29,363,Europe,277.0,1.61
13804,United Kingdom,2010-09-29,31,9,3161.12,351.24,0,1797.0,149,9,2010-09-29,2011-11-09,406,Europe,199.67,1.76
13805,United Kingdom,2011-08-02,53,2,924.6,462.3,0,1900.0,10,2,2011-08-02,2011-10-18,77,Europe,950.0,0.49
13806,United Kingdom,2011-10-07,64,1,256.38,256.38,0,56.0,10,1,2011-10-07,2011-10-07,0,Europe,56.0,4.58
13807,United Kingdom,2009-12-04,368,3,422.2,140.73,1,116.0,24,3,2009-12-04,2010-12-07,368,Europe,38.67,3.64
13808,United Kingdom,2011-09-04,6,5,1747.66,349.53,0,782.0,70,5,2011-09-04,2011-12-04,91,Europe,156.4,2.23
13809,Cyprus,2010-09-05,306,3,679.7,226.57,1,281.0,23,3,2010-09-05,2011-02-07,155,Europe,93.67,2.42
13810,Germany,2011-10-14,29,3,1499.01,499.67,0,312.0,32,3,2011-10-14,2011-11-11,28,Europe,104.0,4.8
13811,Germany,2011-04-14,184,3,814.5,271.5,1,68.0,7,3,2011-04-14,2011-06-09,56,Europe,22.67,11.98
13812,Germany,2011-08-26,43,3,539.0,179.67,0,333.0,33,3,2011-08-26,2011-10-28,63,Europe,111.0,1.62
13813,Germany,2009-12-06,40,8,2765.47,345.68,0,1292.0,84,8,2009-12-06,2011-10-31,694,Europe,161.5,2.14
13814,Germany,2010-06-30,93,3,2257.32,752.44,0,1214.0,56,3,2010-06-30,2011-09-08,435,Europe,404.67,1.86
13815,Germany,2010-02-12,23,8,7475.74,934.47,0,5381.0,203,8,2010-02-12,2011-11-17,643,Europe,672.63,1.39
13816,Germany,2011-10-06,24,2,571.67,285.84,0,269.0,25,2,2011-10-06,2011-11-16,41,Europe,134.5,2.13
13817,Germany,2010-12-23,30,2,382.98,191.49,0,211.0,20,2,2010-12-23,2011-11-10,322,Europe,105.5,1.82
13818,United Kingdom,2010-10-06,430,1,61.28,61.28,1,60.0,5,1,2010-10-06,2010-10-06,0,Europe,60.0,1.02
13819,United Kingdom,2009-12-01,302,6,2642.35,440.39,1,2309.0,47,6,2009-12-01,2011-02-11,437,Europe,384.83,1.14
13820,United Kingdom,2010-01-28,419,3,652.75,217.58,1,285.0,68,3,2010-01-28,2010-10-17,262,Europe,95.0,2.29
13821,United Kingdom,2010-01-04,145,6,1379.08,229.85,0,477.0,158,6,2010-01-04,2011-07-18,560,Europe,79.5,2.89
13822,United Kingdom,2011-10-30,6,2,632.0,316.0,0,611.0,90,2,2011-10-30,2011-12-04,35,Europe,305.5,1.03
13823,United Kingdom,2009-12-15,19,7,3403.45,486.21,0,1564.0,108,7,2009-12-15,2011-11-21,706,Europe,223.43,2.18
13824,United Kingdom,2010-03-12,33,12,3314.76,276.23,0,1442.0,59,12,2010-03-12,2011-11-07,605,Europe,120.17,2.3
13825,United Kingdom,2009-12-09,622,2,255.59,127.8,1,182.0,38,2,2009-12-09,2010-03-28,109,Europe,91.0,1.4
13826,United Kingdom,2011-06-16,177,1,189.5,189.5,1,82.0,10,1,2011-06-16,2011-06-16,0,Europe,82.0,2.31
13827,United Kingdom,2011-07-19,58,3,409.8,136.6,0,138.0,83,3,2011-07-19,2011-10-13,86,Europe,46.0,2.97
13828,United Kingdom,2011-11-17,23,1,209.49,209.49,0,311.0,15,1,2011-11-17,2011-11-17,0,Europe,311.0,0.67
13829,United Kingdom,2010-10-14,422,1,102.0,102.0,1,12.0,1,1,2010-10-14,2010-10-14,0,Europe,12.0,8.5
13830,United Kingdom,2010-05-07,582,1,156.85,156.85,1,47.0,11,1,2010-05-07,2010-05-07,0,Europe,47.0,3.34
13831,United Kingdom,2009-12-10,17,18,6585.54,365.86,0,2393.0,121,18,2009-12-10,2011-11-23,713,Europe,132.94,2.75
13832,United Kingdom,2010-10-13,20,2,609.89,304.95,0,420.0,54,2,2010-10-13,2011-11-20,403,Europe,210.0,1.45
13833,United Kingdom,2010-10-31,160,2,700.41,350.21,1,243.0,43,2,2010-10-31,2011-07-03,245,Europe,121.5,2.88
13834,United Kingdom,2010-02-08,577,2,324.19,162.1,1,221.0,15,2,2010-02-08,2010-05-12,93,Europe,110.5,1.47
13835,United Kingdom,2010-03-04,26,7,1095.27,156.47,0,520.0,60,7,2010-03-04,2011-11-14,620,Europe,74.29,2.11
13836,United Kingdom,2010-10-21,400,2,620.37,310.19,1,273.0,29,2,2010-10-21,2010-11-05,15,Europe,136.5,2.27
13837,United Kingdom,2011-01-26,212,2,266.59,133.3,1,182.0,17,2,2011-01-26,2011-05-12,106,Europe,91.0,1.46
13838,United Kingdom,2010-05-09,6,10,1690.07,169.01,0,694.0,328,10,2010-05-09,2011-12-04,574,Europe,69.4,2.44
13839,United Kingdom,2010-08-10,487,1,139.95,139.95,1,25.0,7,1,2010-08-10,2010-08-10,0,Europe,25.0,5.6
13840,United Kingdom,2010-10-19,417,1,651.4,651.4,1,358.0,40,1,2010-10-19,2010-10-19,0,Europe,358.0,1.82
13841,United Kingdom,2011-04-01,253,1,85.0,85.0,1,100.0,1,1,2011-04-01,2011-04-01,0,Europe,100.0,0.85
13842,United Kingdom,2010-02-16,59,18,5319.34,295.52,0,2716.0,214,18,2010-02-16,2011-10-12,603,Europe,150.89,1.96
13843,United Kingdom,2010-11-23,382,1,319.75,319.75,1,145.0,18,1,2010-11-23,2010-11-23,0,Europe,145.0,2.21
13844,United Kingdom,2011-11-28,12,1,361.62,361.62,0,196.0,20,1,2011-11-28,2011-11-28,0,Europe,196.0,1.85
13845,United Kingdom,2011-10-06,65,1,312.98,312.98,0,182.0,9,1,2011-10-06,2011-10-06,0,Europe,182.0,1.72
13846,United Kingdom,2010-11-05,25,4,1307.79,326.95,0,705.0,81,4,2010-11-05,2011-11-15,375,Europe,176.25,1.86
13847,United Kingdom,2009-12-20,720,1,310.72,310.72,1,96.0,19,1,2009-12-20,2009-12-20,0,Europe,96.0,3.24
13848,United Kingdom,2009-12-09,93,8,3015.0,376.88,0,9200.0,3,8,2009-12-09,2011-09-08,638,Europe,1150.0,0.33
13849,United Kingdom,2010-03-25,52,5,3469.3,693.86,0,1883.0,189,5,2010-03-25,2011-10-19,573,Europe,376.6,1.84
13850,United Kingdom,2011-08-02,130,1,1595.48,1595.48,1,944.0,93,1,2011-08-02,2011-08-02,0,Europe,944.0,1.69
13851,United Kingdom,2010-01-29,96,8,4606.46,575.81,0,2525.0,111,8,2010-01-29,2011-09-05,584,Europe,315.63,1.82
13852,United Kingdom,2010-04-08,611,1,187.35,187.35,1,85.0,11,1,2010-04-08,2010-04-08,0,Europe,85.0,2.2
13853,United Kingdom,2011-10-13,58,1,1090.14,1090.14,0,312.0,23,1,2011-10-13,2011-10-13,0,Europe,312.0,3.49
13854,United Kingdom,2010-01-08,9,39,11944.56,306.27,0,3642.0,61,39,2010-01-08,2011-12-01,692,Europe,93.38,3.28
13855,United Kingdom,2009-12-08,501,4,1310.34,327.59,1,575.0,64,4,2009-12-08,2010-07-27,231,Europe,143.75,2.28
13856,United Kingdom,2010-03-30,169,11,1142.03,103.82,0,1105.0,33,11,2010-03-30,2011-06-24,451,Europe,100.45,1.03
13857,United Kingdom,2010-05-17,394,6,1001.01,166.84,1,782.0,99,6,2010-05-17,2010-11-11,178,Europe,130.33,1.28
13858,United Kingdom,2011-10-13,58,1,216.17,216.17,0,75.0,11,1,2011-10-13,2011-10-13,0,Europe,75.0,2.88
13859,United Kingdom,2010-06-28,327,2,515.86,257.93,1,167.0,34,2,2010-06-28,2011-01-17,203,Europe,83.5,3.09
13860,United Kingdom,2011-09-14,2,5,1245.9,249.18,0,591.0,58,5,2011-09-14,2011-12-08,85,Europe,118.2,2.11
13861,United Kingdom,2010-06-27,430,2,273.26,136.63,1,225.0,21,2,2010-06-27,2010-10-06,101,Europe,112.5,1.21
13862,United Kingdom,2010-11-15,19,9,2556.09,284.01,0,1927.0,113,9,2010-11-15,2011-11-21,371,Europe,214.11,1.33
13863,United Kingdom,2010-04-25,248,4,1239.55,309.89,1,553.0,59,4,2010-04-25,2011-04-06,346,Europe,138.25,2.24
13864,United Kingdom,2010-11-18,387,1,662.4,662.4,1,192.0,1,1,2010-11-18,2010-11-18,0,Europe,192.0,3.45
13865,United Kingdom,2011-02-23,59,4,501.56,125.39,0,204.0,26,4,2011-02-23,2011-10-12,231,Europe,51.0,2.46
13866,United Kingdom,2011-09-26,75,1,145.67,145.67,0,57.0,7,1,2011-09-26,2011-09-26,0,Europe,57.0,2.56
13867,United Kingdom,2011-05-05,32,3,1005.09,335.03,0,501.0,51,3,2011-05-05,2011-11-08,187,Europe,167.0,2.01
13868,United Kingdom,2011-11-01,8,2,3192.54,1596.27,0,1964.0,32,2,2011-11-01,2011-12-02,31,Europe,982.0,1.63
13869,United Kingdom,2010-01-17,124,10,7996.87,799.69,0,4302.0,502,10,2010-01-17,2011-08-08,568,Europe,430.2,1.86
13870,United Kingdom,2010-02-08,3,15,5712.08,380.81,0,3449.0,159,15,2010-02-08,2011-12-07,667,Europe,229.93,1.66
13871,United Kingdom,2009-12-20,23,17,7885.85,463.87,0,3502.0,183,17,2009-12-20,2011-11-17,697,Europe,206.0,2.25
13872,United Kingdom,2009-12-14,528,3,919.57,306.52,1,339.0,51,3,2009-12-14,2010-06-30,198,Europe,113.0,2.71
13873,United Kingdom,2010-03-03,120,8,1038.92,129.87,0,472.0,55,8,2010-03-03,2011-08-12,527,Europe,59.0,2.2
13874,United Kingdom,2010-02-04,359,7,2049.15,292.74,1,864.0,46,7,2010-02-04,2010-12-16,315,Europe,123.43,2.37
13875,United Kingdom,2009-12-17,54,14,4814.37,343.88,0,3072.0,159,14,2009-12-17,2011-10-17,669,Europe,219.43,1.57
13876,United Kingdom,2011-10-07,64,1,122.7,122.7,0,36.0,7,1,2011-10-07,2011-10-07,0,Europe,36.0,3.41
13877,United Kingdom,2010-01-19,87,3,449.68,149.89,0,478.0,23,3,2010-01-19,2011-09-14,603,Europe,159.33,0.94
13878,United Kingdom,2010-04-14,55,4,2416.9,604.23,0,927.0,93,4,2010-04-14,2011-10-16,550,Europe,231.75,2.61
13879,United Kingdom,2010-03-04,646,1,395.5,395.5,1,204.0,25,1,2010-03-04,2010-03-04,0,Europe,204.0,1.94
13880,United Kingdom,2010-05-26,22,17,4293.86,252.58,0,2535.0,148,17,2010-05-26,2011-11-18,541,Europe,149.12,1.69
13881,United Kingdom,2010-03-04,4,43,45179.1,1050.68,0,29760.0,182,43,2010-03-04,2011-12-06,642,Europe,692.09,1.52
13882,United Kingdom,2011-10-06,3,5,1191.13,238.23,0,953.0,54,5,2011-10-06,2011-12-07,62,Europe,190.6,1.25
13883,United Kingdom,2009-12-08,11,15,6560.02,437.33,0,3584.0,200,15,2009-12-08,2011-11-29,721,Europe,238.93,1.83
13884,United Kingdom,2010-08-26,8,10,1825.03,182.5,0,752.0,108,10,2010-08-26,2011-12-02,463,Europe,75.2,2.43
13885,United Kingdom,2011-05-23,190,2,506.8,253.4,1,182.0,28,2,2011-05-23,2011-06-03,11,Europe,91.0,2.78
13886,United Kingdom,2011-09-29,72,1,243.56,243.56,0,126.0,16,1,2011-09-29,2011-09-29,0,Europe,126.0,1.93
13887,United Kingdom,2011-05-19,205,1,349.55,349.55,1,147.0,19,1,2011-05-19,2011-05-19,0,Europe,147.0,2.38
13888,United Kingdom,2010-05-13,120,7,2001.59,285.94,0,795.0,124,7,2010-05-13,2011-08-12,456,Europe,113.57,2.52
13889,United Kingdom,2010-01-22,93,6,1991.23,331.87,0,979.0,57,6,2010-01-22,2011-09-08,594,Europe,163.17,2.03
13890,United Kingdom,2009-12-06,2,14,2927.38,209.1,0,1392.0,100,14,2009-12-06,2011-12-08,732,Europe,99.43,2.1
13891,United Kingdom,2010-05-06,379,3,859.21,286.4,1,476.0,97,3,2010-05-06,2010-11-26,204,Europe,158.67,1.81
13892,United Kingdom,2010-05-13,27,6,1267.65,211.28,0,3125.0,33,6,2010-05-13,2011-11-13,549,Europe,520.83,0.41
13893,United Kingdom,2011-02-15,298,1,821.1,821.1,1,190.0,21,1,2011-02-15,2011-02-15,0,Europe,190.0,4.32
13894,United Kingdom,2011-02-02,24,3,564.62,188.21,0,354.0,25,3,2011-02-02,2011-11-16,287,Europe,118.0,1.59
13895,United Kingdom,2009-12-03,29,6,4008.52,668.09,0,2060.0,154,6,2009-12-03,2011-11-11,708,Europe,343.33,1.95
13896,United Kingdom,2010-03-24,626,1,388.55,388.55,1,149.0,21,1,2010-03-24,2010-03-24,0,Europe,149.0,2.61
13897,United Kingdom,2010-01-31,51,3,1160.72,386.91,0,820.0,58,3,2010-01-31,2011-10-20,627,Europe,273.33,1.42
13898,United Kingdom,2010-10-24,326,2,686.4,343.2,1,544.0,43,2,2010-10-24,2011-01-18,86,Europe,272.0,1.26
13899,United Kingdom,2011-03-10,17,2,388.52,194.26,0,156.0,19,2,2011-03-10,2011-11-23,258,Europe,78.0,2.49
13900,United Kingdom,2010-03-25,184,6,1610.59,268.43,1,938.0,80,6,2010-03-25,2011-06-09,441,Europe,156.33,1.72
13901,United Kingdom,2010-01-05,73,15,5676.34,378.42,0,3344.0,280,15,2010-01-05,2011-09-28,631,Europe,222.93,1.7
13902,Denmark,2009-12-15,633,5,34095.26,6819.05,1,220600.0,58,5,2009-12-15,2010-03-17,92,Europe,44120.0,0.15
13903,United Kingdom,2010-11-04,401,1,165.45,165.45,1,103.0,10,1,2010-11-04,2010-11-04,0,Europe,103.0,1.61
13904,United Kingdom,2011-02-18,38,2,332.64,166.32,0,332.0,24,2,2011-02-18,2011-11-02,257,Europe,166.0,1.0
13905,United Kingdom,2009-12-07,733,1,312.65,312.65,1,135.0,12,1,2009-12-07,2009-12-07,0,Europe,135.0,2.32
13906,United Kingdom,2010-10-26,410,1,42.0,42.0,1,100.0,1,1,2010-10-26,2010-10-26,0,Europe,100.0,0.42
13907,United Kingdom,2010-01-17,692,1,136.8,136.8,1,68.0,4,1,2010-01-17,2010-01-17,0,Europe,68.0,2.01
13908,United Kingdom,2011-03-08,80,4,2369.55,592.39,0,1478.0,104,4,2011-03-08,2011-09-21,197,Europe,369.5,1.6
13909,United Kingdom,2010-07-06,424,2,282.85,141.43,1,301.0,35,2,2010-07-06,2010-10-12,98,Europe,150.5,0.94
13911,United Kingdom,2010-03-01,58,20,4234.99,211.75,0,4487.0,178,20,2010-03-01,2011-10-13,591,Europe,224.35,0.94
13912,United Kingdom,2010-10-12,424,1,124.95,124.95,1,29.0,7,1,2010-10-12,2010-10-12,0,Europe,29.0,4.31
13913,United Kingdom,2010-07-21,507,1,42.22,42.22,1,10.0,3,1,2010-07-21,2010-07-21,0,Europe,10.0,4.22
13914,United Kingdom,2011-11-03,12,2,626.45,313.23,0,380.0,28,2,2011-11-03,2011-11-28,25,Europe,190.0,1.65
13915,United Kingdom,2010-11-10,395,1,70.8,70.8,1,24.0,2,1,2010-11-10,2010-11-10,0,Europe,24.0,2.95
13916,United Kingdom,2010-02-02,464,4,1275.81,318.95,1,673.0,72,4,2010-02-02,2010-09-02,212,Europe,168.25,1.9
13917,United Kingdom,2011-06-01,50,2,272.04,136.02,0,228.0,16,2,2011-06-01,2011-10-21,142,Europe,114.0,1.19
13918,United Kingdom,2011-03-31,50,2,1212.84,606.42,0,1140.0,30,2,2011-03-31,2011-10-21,204,Europe,570.0,1.06
13919,Denmark,2010-06-17,60,4,1360.68,340.17,0,1133.0,65,4,2010-06-17,2011-10-11,481,Europe,283.25,1.2
13920,United Kingdom,2010-05-26,432,4,1774.68,443.67,1,1772.0,81,4,2010-05-26,2010-10-04,131,Europe,443.0,1.0
13921,United Kingdom,2009-12-18,403,4,730.7,182.68,1,210.0,36,4,2009-12-18,2010-11-02,319,Europe,52.5,3.48
13922,United Kingdom,2010-08-29,352,3,865.2,288.4,1,467.0,30,3,2010-08-29,2010-12-23,116,Europe,155.67,1.85
13923,United Kingdom,2011-10-17,54,1,351.13,351.13,0,185.0,20,1,2011-10-17,2011-10-17,0,Europe,185.0,1.9
13924,United Kingdom,2011-09-28,2,6,1838.85,306.48,0,1575.0,90,6,2011-09-28,2011-12-08,71,Europe,262.5,1.17
13925,United Kingdom,2011-07-28,93,4,678.25,169.56,0,331.0,28,4,2011-07-28,2011-09-08,42,Europe,82.75,2.05
13926,United Kingdom,2011-11-16,24,1,223.85,223.85,0,104.0,11,1,2011-11-16,2011-11-16,0,Europe,104.0,2.15
13927,United Kingdom,2010-09-28,75,2,708.26,354.13,0,463.0,37,2,2010-09-28,2011-09-26,363,Europe,231.5,1.53
13928,United Kingdom,2011-07-29,11,4,464.57,116.14,0,129.0,23,4,2011-07-29,2011-11-29,123,Europe,32.25,3.6
13929,United Kingdom,2010-01-14,170,11,3494.1,317.65,0,1566.0,38,11,2010-01-14,2011-06-23,525,Europe,142.36,2.23
13930,United Kingdom,2011-07-26,58,2,337.34,168.67,0,274.0,15,2,2011-07-26,2011-10-13,79,Europe,137.0,1.23
13931,United Kingdom,2009-12-03,96,11,5257.38,477.94,0,3488.0,205,11,2009-12-03,2011-09-05,641,Europe,317.09,1.51
13932,United Kingdom,2011-02-18,295,1,307.4,307.4,1,72.0,16,1,2011-02-18,2011-02-18,0,Europe,72.0,4.27
13933,United Kingdom,2011-07-14,110,2,608.79,304.4,1,205.0,23,2,2011-07-14,2011-08-22,39,Europe,102.5,2.97
13934,United Kingdom,2011-03-21,264,1,922.1,922.1,1,390.0,31,1,2011-03-21,2011-03-21,0,Europe,390.0,2.36
13935,United Kingdom,2010-02-25,597,3,6116.92,2038.97,1,2252.0,67,3,2010-02-25,2010-04-22,56,Europe,750.67,2.72
13936,United Kingdom,2010-10-21,180,3,939.66,313.22,0,661.0,56,3,2010-10-21,2011-06-13,235,Europe,220.33,1.42
13937,United Kingdom,2010-11-02,170,2,880.13,440.07,1,587.0,54,2,2010-11-02,2011-06-23,233,Europe,293.5,1.5
13938,United Kingdom,2011-11-04,36,1,71.66,71.66,0,70.0,7,1,2011-11-04,2011-11-04,0,Europe,70.0,1.02
13939,United Kingdom,2010-04-06,24,7,1560.96,222.99,0,1608.0,91,7,2010-04-06,2011-11-16,589,Europe,229.71,0.97
13940,United Kingdom,2011-07-18,18,4,839.14,209.79,0,516.0,39,4,2011-07-18,2011-11-22,127,Europe,129.0,1.63
13941,United Kingdom,2009-12-16,22,15,10027.18,668.48,0,4782.0,42,15,2009-12-16,2011-11-18,702,Europe,318.8,2.1
13942,United Kingdom,2010-06-23,535,1,320.0,320.0,1,1000.0,1,1,2010-06-23,2010-06-23,0,Europe,1000.0,0.32
13943,United Kingdom,2010-05-11,578,1,246.54,246.54,1,94.0,15,1,2010-05-11,2010-05-11,0,Europe,94.0,2.62
13944,United Kingdom,2010-02-24,654,1,200.43,200.43,1,153.0,35,1,2010-02-24,2010-02-24,0,Europe,153.0,1.31
13945,United Kingdom,2010-08-17,395,2,854.15,427.08,1,413.0,49,2,2010-08-17,2010-11-10,85,Europe,206.5,2.07
13946,United Kingdom,2009-12-04,80,6,1876.23,312.71,0,2847.0,49,6,2009-12-04,2011-09-21,656,Europe,474.5,0.66
13947,United Kingdom,2011-10-05,66,1,90.6,90.6,1,44.0,5,1,2011-10-05,2011-10-05,0,Europe,44.0,2.06
13948,United Kingdom,2009-12-04,361,4,548.76,137.19,1,248.0,23,4,2009-12-04,2010-12-14,375,Europe,62.0,2.21
13949,United Kingdom,2011-09-06,3,6,2427.32,404.55,0,2474.0,124,6,2011-09-06,2011-12-07,92,Europe,412.33,0.98
13950,United Kingdom,2011-04-07,12,4,745.06,186.27,0,323.0,33,4,2011-04-07,2011-11-28,235,Europe,80.75,2.31
13951,United Kingdom,2011-02-18,177,3,674.45,224.82,0,459.0,38,3,2011-02-18,2011-06-16,118,Europe,153.0,1.47
13952,United Kingdom,2009-12-16,218,14,12823.52,915.97,1,5946.0,237,14,2009-12-16,2011-05-06,506,Europe,424.71,2.16
13953,United Kingdom,2009-12-11,8,12,6640.68,553.39,0,5224.0,8,12,2009-12-11,2011-12-02,721,Europe,435.33,1.27
13954,United Kingdom,2011-09-30,2,2,439.92,219.96,0,150.0,24,2,2011-09-30,2011-12-08,69,Europe,75.0,2.93
13955,United Kingdom,2010-11-29,155,3,544.07,181.36,0,272.0,82,3,2010-11-29,2011-07-08,221,Europe,90.67,2.0
13956,United Kingdom,2011-03-13,6,5,1019.27,203.85,0,486.0,123,5,2011-03-13,2011-12-04,266,Europe,97.2,2.1
13957,United Kingdom,2010-02-19,418,3,458.25,152.75,1,157.0,21,3,2010-02-19,2010-10-18,241,Europe,52.33,2.92
13958,United Kingdom,2009-12-05,380,8,4709.23,588.65,1,2264.0,172,8,2009-12-05,2010-11-25,355,Europe,283.0,2.08
13959,United Kingdom,2010-07-16,80,6,1064.77,177.46,0,694.0,120,6,2010-07-16,2011-09-21,432,Europe,115.67,1.53
13960,United Kingdom,2011-09-29,22,2,230.22,115.11,0,142.0,11,2,2011-09-29,2011-11-18,50,Europe,71.0,1.62
13961,United Kingdom,2010-11-12,393,1,538.4,538.4,1,226.0,19,1,2010-11-12,2010-11-12,0,Europe,226.0,2.38
13962,United Kingdom,2010-09-30,22,3,362.8,120.93,0,160.0,23,3,2010-09-30,2011-11-18,414,Europe,53.33,2.27
13963,United Kingdom,2010-04-21,309,17,2860.57,168.27,1,2007.0,129,17,2010-04-21,2011-02-04,289,Europe,118.06,1.43
13964,United Kingdom,2010-10-05,388,2,438.9,219.45,1,228.0,22,2,2010-10-05,2010-11-17,43,Europe,114.0,1.93
13965,United Kingdom,2010-01-05,477,3,996.61,332.2,1,425.0,23,3,2010-01-05,2010-08-20,227,Europe,141.67,2.34
13966,United Kingdom,2010-09-30,436,1,384.26,384.26,1,760.0,21,1,2010-09-30,2010-09-30,0,Europe,760.0,0.51
13967,United Kingdom,2010-11-08,146,2,166.3,83.15,1,66.0,4,2,2010-11-08,2011-07-17,251,Europe,33.0,2.52
13968,United Kingdom,2010-10-12,424,1,123.66,123.66,1,174.0,8,1,2010-10-12,2010-10-12,0,Europe,174.0,0.71
13969,United Kingdom,2010-03-25,8,35,12973.46,370.67,0,6640.0,472,35,2010-03-25,2011-12-02,617,Europe,189.71,1.95
13970,United Kingdom,2010-09-28,387,2,846.55,423.28,1,469.0,10,2,2010-09-28,2010-11-18,51,Europe,234.5,1.81
13971,United Kingdom,2010-01-26,19,14,4667.57,333.4,0,3084.0,184,14,2010-01-26,2011-11-21,664,Europe,220.29,1.51
13972,United Kingdom,2011-05-22,71,2,190.25,95.13,0,187.0,15,2,2011-05-22,2011-09-30,131,Europe,93.5,1.02
13973,United Kingdom,2011-02-25,288,1,264.7,264.7,1,109.0,11,1,2011-02-25,2011-02-25,0,Europe,109.0,2.43
13974,United Kingdom,2010-05-06,50,2,677.72,338.86,0,356.0,43,2,2010-05-06,2011-10-21,533,Europe,178.0,1.9
13975,United Kingdom,2010-02-02,32,12,5256.4,438.03,0,3884.0,434,12,2010-02-02,2011-11-08,644,Europe,323.67,1.35
13976,United Kingdom,2010-02-09,207,4,1192.36,298.09,1,452.0,49,4,2010-02-09,2011-05-17,462,Europe,113.0,2.64
13977,United Kingdom,2010-10-24,412,1,519.81,519.81,1,303.0,13,1,2010-10-24,2010-10-24,0,Europe,303.0,1.72
13978,United Kingdom,2011-10-25,15,2,196.79,98.4,0,315.0,14,2,2011-10-25,2011-11-25,31,Europe,157.5,0.62
13979,United Kingdom,2009-12-03,74,7,3379.93,482.85,0,2270.0,356,7,2009-12-03,2011-09-27,663,Europe,324.29,1.49
13980,United Kingdom,2010-02-21,61,5,768.82,153.76,0,463.0,57,5,2010-02-21,2011-10-10,596,Europe,92.6,1.66
13981,United Kingdom,2010-10-20,416,1,331.14,331.14,1,234.0,22,1,2010-10-20,2010-10-20,0,Europe,234.0,1.42
13982,United Kingdom,2010-01-20,40,9,3954.29,439.37,0,2478.0,123,9,2010-01-20,2011-10-31,649,Europe,275.33,1.6
13983,United Kingdom,2009-12-09,30,21,6753.89,321.61,0,3925.0,238,21,2009-12-09,2011-11-10,701,Europe,186.9,1.72
13984,United Kingdom,2009-12-07,27,12,1893.8,157.82,0,1301.0,53,12,2009-12-07,2011-11-13,706,Europe,108.42,1.46
13985,United Kingdom,2010-02-09,5,22,10020.86,455.49,0,4936.0,149,22,2010-02-09,2011-12-05,664,Europe,224.36,2.03
13986,United Kingdom,2011-11-22,18,1,320.46,320.46,0,430.0,12,1,2011-11-22,2011-11-22,0,Europe,430.0,0.75
13987,United Kingdom,2010-11-04,380,2,682.54,341.27,1,492.0,46,2,2010-11-04,2010-11-25,21,Europe,246.0,1.39
13988,United Kingdom,2010-03-24,20,8,4757.8,594.73,0,3385.0,218,8,2010-03-24,2011-11-20,606,Europe,423.13,1.41
13989,United Kingdom,2010-05-25,66,5,2026.06,405.21,0,2207.0,61,5,2010-05-25,2011-10-05,498,Europe,441.4,0.92
13990,United Kingdom,2011-05-10,214,1,311.3,311.3,1,190.0,16,1,2011-05-10,2011-05-10,0,Europe,190.0,1.64
13991,United Kingdom,2011-07-19,13,6,852.88,142.15,0,995.0,58,6,2011-07-19,2011-11-27,131,Europe,165.83,0.86
13992,United Kingdom,2010-09-02,31,3,219.5,73.17,0,154.0,10,3,2010-09-02,2011-11-09,433,Europe,51.33,1.43
13993,United Kingdom,2009-12-03,43,19,6775.71,356.62,0,2135.0,110,19,2009-12-03,2011-10-28,694,Europe,112.37,3.17
13994,United Kingdom,2011-07-14,4,6,2274.14,379.02,0,932.0,122,6,2011-07-14,2011-12-06,145,Europe,155.33,2.44
13995,United Kingdom,2009-12-18,16,14,3902.01,278.72,0,2359.0,146,14,2009-12-18,2011-11-24,706,Europe,168.5,1.65
13996,United Kingdom,2010-11-05,387,2,895.76,447.88,1,613.0,29,2,2010-11-05,2010-11-18,13,Europe,306.5,1.46
13997,United Kingdom,2010-06-07,520,3,376.46,125.49,1,143.0,36,3,2010-06-07,2010-07-08,31,Europe,47.67,2.63
13998,United Kingdom,2010-05-12,447,3,566.7,188.9,1,204.0,30,3,2010-05-12,2010-09-19,130,Europe,68.0,2.78
13999,United Kingdom,2009-12-05,11,29,9502.26,327.66,0,5043.0,174,29,2009-12-05,2011-11-29,724,Europe,173.9,1.88
14000,United Kingdom,2009-12-02,212,5,2046.34,409.27,1,1838.0,28,5,2009-12-02,2011-05-12,526,Europe,367.6,1.11
14001,United Kingdom,2010-08-03,46,9,4228.85,469.87,0,1779.0,60,9,2010-08-03,2011-10-25,448,Europe,197.67,2.38
14002,United Kingdom,2011-07-06,135,2,529.73,264.87,1,877.0,47,2,2011-07-06,2011-07-28,22,Europe,438.5,0.6
14003,United Kingdom,2009-12-07,733,1,209.41,209.41,1,149.0,16,1,2009-12-07,2009-12-07,0,Europe,149.0,1.41
14004,United Kingdom,2010-09-30,44,11,6258.45,568.95,0,3425.0,127,11,2010-09-30,2011-10-27,392,Europe,311.36,1.83
14005,United Kingdom,2011-05-08,10,5,2874.72,574.94,0,2478.0,53,5,2011-05-08,2011-11-30,206,Europe,495.6,1.16
14006,United Kingdom,2010-02-25,116,7,2196.67,313.81,0,2181.0,55,7,2010-02-25,2011-08-16,537,Europe,311.57,1.01
14007,United Kingdom,2010-07-15,513,1,79.48,79.48,1,16.0,5,1,2010-07-15,2010-07-15,0,Europe,16.0,4.97
14008,United Kingdom,2010-10-03,433,1,509.04,509.04,1,326.0,32,1,2010-10-03,2010-10-03,0,Europe,326.0,1.56
14009,United Kingdom,2010-09-03,199,3,1099.91,366.64,1,951.0,71,3,2010-09-03,2011-05-25,264,Europe,317.0,1.16
14010,United Kingdom,2010-05-23,566,2,445.15,222.58,1,177.0,20,2,2010-05-23,2010-05-23,0,Europe,88.5,2.51
14011,United Kingdom,2010-04-11,481,2,457.82,228.91,1,644.0,32,2,2010-04-11,2010-08-16,127,Europe,322.0,0.71
14012,United Kingdom,2011-03-07,278,1,328.8,328.8,1,160.0,11,1,2011-03-07,2011-03-07,0,Europe,160.0,2.06
14013,United Kingdom,2010-03-26,111,5,1084.57,216.91,0,775.0,56,5,2010-03-26,2011-08-21,513,Europe,155.0,1.4
14014,United Kingdom,2010-05-12,78,3,1948.21,649.4,0,2004.0,76,3,2010-05-12,2011-09-23,499,Europe,668.0,0.97
14015,United Kingdom,2011-10-18,53,1,917.34,917.34,0,378.0,20,1,2011-10-18,2011-10-18,0,Europe,378.0,2.43
14016,EIRE,2010-01-08,162,11,11403.41,1036.67,0,5722.0,354,11,2010-01-08,2011-07-01,539,Europe,520.18,1.99
14017,United Kingdom,2010-05-17,572,1,229.75,229.75,1,73.0,14,1,2010-05-17,2010-05-17,0,Europe,73.0,3.15
14018,United Kingdom,2010-03-04,646,1,367.15,367.15,1,224.0,13,1,2010-03-04,2010-03-04,0,Europe,224.0,1.64
14019,United Kingdom,2011-07-24,47,3,1421.61,473.87,0,1037.0,37,3,2011-07-24,2011-10-24,92,Europe,345.67,1.37
14020,United Kingdom,2010-06-28,17,4,1249.01,312.25,0,648.0,63,4,2010-06-28,2011-11-23,513,Europe,162.0,1.93
14021,United Kingdom,2010-04-26,156,7,1716.58,245.23,0,878.0,84,7,2010-04-26,2011-07-07,437,Europe,125.43,1.96
14022,United Kingdom,2010-08-10,226,2,792.15,396.08,1,681.0,45,2,2010-08-10,2011-04-28,261,Europe,340.5,1.16
14023,United Kingdom,2011-04-03,8,2,584.07,292.04,0,345.0,30,2,2011-04-03,2011-12-02,243,Europe,172.5,1.69
14024,United Kingdom,2010-11-14,122,3,645.74,215.25,0,238.0,33,3,2010-11-14,2011-08-10,269,Europe,79.33,2.71
14025,United Kingdom,2010-05-05,465,8,4057.9,507.24,1,1914.0,60,8,2010-05-05,2010-09-01,119,Europe,239.25,2.12
14026,United Kingdom,2010-03-24,471,2,713.11,356.56,1,427.0,43,2,2010-03-24,2010-08-26,155,Europe,213.5,1.67
14027,United Kingdom,2011-10-10,61,1,104.82,104.82,0,62.0,6,1,2011-10-10,2011-10-10,0,Europe,62.0,1.69
14028,United Kingdom,2010-06-07,551,3,10396.5,3465.5,1,7170.0,3,3,2010-06-07,2010-06-07,0,Europe,2390.0,1.45
14029,United Kingdom,2011-07-18,64,2,467.66,233.83,0,198.0,15,2,2011-07-18,2011-10-07,81,Europe,99.0,2.36
14030,United Kingdom,2009-12-10,19,20,7521.8,376.09,0,4215.0,591,20,2009-12-10,2011-11-21,711,Europe,210.75,1.78
14031,United Kingdom,2009-12-03,8,44,39019.51,886.81,0,13783.0,280,44,2009-12-03,2011-12-02,729,Europe,313.25,2.83
14032,United Kingdom,2009-12-14,3,16,4546.41,284.15,0,3740.0,79,16,2009-12-14,2011-12-07,723,Europe,233.75,1.22
14033,United Kingdom,2010-06-02,556,1,109.44,109.44,1,576.0,1,1,2010-06-02,2010-06-02,0,Europe,576.0,0.19
14034,United Kingdom,2011-07-05,23,3,648.89,216.3,0,420.0,82,3,2011-07-05,2011-11-17,135,Europe,140.0,1.54
14035,United Kingdom,2010-04-06,29,9,2794.75,310.53,0,1405.0,70,9,2010-04-06,2011-11-11,584,Europe,156.11,1.99
14036,United Kingdom,2011-02-28,285,1,626.65,626.65,1,268.0,38,1,2011-02-28,2011-02-28,0,Europe,268.0,2.34
14037,United Kingdom,2009-12-07,177,6,836.95,139.49,0,590.0,96,6,2009-12-07,2011-06-16,556,Europe,98.33,1.42
14038,United Kingdom,2010-02-04,79,5,3069.88,613.98,0,1708.0,99,5,2010-02-04,2011-09-22,595,Europe,341.6,1.8
14039,United Kingdom,2010-05-13,34,2,267.28,133.64,0,192.0,10,2,2010-05-13,2011-11-06,542,Europe,96.0,1.39
14040,United Kingdom,2009-12-01,41,35,12523.81,357.82,0,4972.0,335,35,2009-12-01,2011-10-30,698,Europe,142.06,2.52
14041,United Kingdom,2011-03-18,267,1,141.41,141.41,1,94.0,21,1,2011-03-18,2011-03-18,0,Europe,94.0,1.5
14042,United Kingdom,2009-12-14,726,1,431.98,431.98,1,180.0,21,1,2009-12-14,2009-12-14,0,Europe,180.0,2.4
14043,United Kingdom,2009-12-10,492,2,302.6,151.3,1,152.0,37,2,2009-12-10,2010-08-05,238,Europe,76.0,1.99
14044,United Kingdom,2010-01-24,27,10,3077.7,307.77,0,2100.0,533,10,2010-01-24,2011-11-13,658,Europe,210.0,1.47
14045,United Kingdom,2010-01-08,110,16,10986.63,686.66,0,4459.0,16,16,2010-01-08,2011-08-22,591,Europe,278.69,2.46
14046,United Kingdom,2011-02-28,285,1,154.99,154.99,1,460.0,14,1,2011-02-28,2011-02-28,0,Europe,460.0,0.34
14047,United Kingdom,2010-02-01,9,14,3968.11,283.44,0,1541.0,91,14,2010-02-01,2011-12-01,668,Europe,110.07,2.58
14048,United Kingdom,2010-11-22,306,3,748.69,249.56,1,467.0,126,3,2010-11-22,2011-02-07,77,Europe,155.67,1.6
14049,United Kingdom,2010-04-01,17,13,13023.4,1001.8,0,8480.0,573,13,2010-04-01,2011-11-23,601,Europe,652.31,1.54
14050,United Kingdom,2011-08-25,32,2,746.36,373.18,0,689.0,49,2,2011-08-25,2011-11-08,75,Europe,344.5,1.08
14051,United Kingdom,2009-12-03,1,37,21770.98,588.4,0,5709.0,82,37,2009-12-03,2011-12-09,736,Europe,154.3,3.81
14052,United Kingdom,2010-11-14,20,2,466.66,233.33,0,174.0,115,2,2010-11-14,2011-11-20,371,Europe,87.0,2.68
14053,United Kingdom,2010-08-10,125,4,572.3,143.08,0,490.0,3,4,2010-08-10,2011-08-07,362,Europe,122.5,1.17
14054,United Kingdom,2011-10-05,66,1,92.46,92.46,1,62.0,6,1,2011-10-05,2011-10-05,0,Europe,62.0,1.49
14055,United Kingdom,2009-12-16,107,3,1520.96,506.99,0,720.0,33,3,2009-12-16,2011-08-25,617,Europe,240.0,2.11
14056,United Kingdom,2011-02-28,2,23,8152.71,354.47,0,4252.0,320,23,2011-02-28,2011-12-08,283,Europe,184.87,1.92
14057,United Kingdom,2009-12-03,24,22,8346.66,379.39,0,6438.0,244,22,2009-12-03,2011-11-16,713,Europe,292.64,1.3
14058,United Kingdom,2010-06-27,463,2,469.19,234.6,1,211.0,23,2,2010-06-27,2010-09-03,68,Europe,105.5,2.22
14059,United Kingdom,2011-03-18,267,1,183.6,183.6,1,128.0,8,1,2011-03-18,2011-03-18,0,Europe,128.0,1.43
14060,United Kingdom,2010-03-11,5,30,8898.24,296.61,0,7419.0,100,30,2010-03-11,2011-12-05,634,Europe,247.3,1.2
14061,United Kingdom,2009-12-01,508,3,917.43,305.81,1,133.0,17,3,2009-12-01,2010-07-20,231,Europe,44.33,6.9
14062,United Kingdom,2009-12-10,10,24,25585.65,1066.07,0,12794.0,141,24,2009-12-10,2011-11-30,720,Europe,533.08,2.0
14063,United Kingdom,2009-12-08,439,9,22710.2,2523.36,1,3850.0,30,9,2009-12-08,2010-09-27,293,Europe,427.78,5.9
14064,United Kingdom,2010-01-21,30,15,3260.24,217.35,0,3911.0,131,15,2010-01-21,2011-11-10,658,Europe,260.73,0.83
14065,United Kingdom,2010-10-04,390,3,891.02,297.01,1,582.0,42,3,2010-10-04,2010-11-15,42,Europe,194.0,1.53
14066,United Kingdom,2011-03-18,267,1,152.55,152.55,1,45.0,7,1,2011-03-18,2011-03-18,0,Europe,45.0,3.39
14067,United Kingdom,2011-09-04,64,2,374.7,187.35,0,361.0,51,2,2011-09-04,2011-10-07,33,Europe,180.5,1.04
14068,United Kingdom,2010-01-31,321,4,1516.72,379.18,1,510.0,93,4,2010-01-31,2011-01-23,357,Europe,127.5,2.97
14069,United Kingdom,2010-05-27,515,2,225.81,112.91,1,58.0,37,2,2010-05-27,2010-07-13,47,Europe,29.0,3.89
14070,United Kingdom,2010-01-24,685,1,321.6,321.6,1,85.0,40,1,2010-01-24,2010-01-24,0,Europe,85.0,3.78
14071,United Kingdom,2011-03-20,4,8,1437.57,179.7,0,994.0,271,8,2011-03-20,2011-12-06,261,Europe,124.25,1.45
14072,United Kingdom,2010-02-11,667,1,390.85,390.85,1,65.0,19,1,2010-02-11,2010-02-11,0,Europe,65.0,6.01
14073,United Kingdom,2011-11-07,33,1,151.04,151.04,0,130.0,13,1,2011-11-07,2011-11-07,0,Europe,130.0,1.16
14074,United Kingdom,2010-03-26,624,1,219.4,219.4,1,228.0,6,1,2010-03-26,2010-03-26,0,Europe,228.0,0.96
14075,United Kingdom,2010-06-16,5,6,1734.87,289.15,0,1494.0,59,6,2010-06-16,2011-12-05,537,Europe,249.0,1.16
14076,United Kingdom,2011-08-02,130,1,118.67,118.67,1,79.0,43,1,2011-08-02,2011-08-02,0,Europe,79.0,1.5
14077,United Kingdom,2010-11-09,41,6,615.08,102.51,0,376.0,43,6,2010-11-09,2011-10-30,355,Europe,62.67,1.64
14078,United Kingdom,2010-03-28,102,9,1553.47,172.61,0,586.0,107,9,2010-03-28,2011-08-30,520,Europe,65.11,2.65
14079,United Kingdom,2010-01-26,125,2,618.73,309.37,1,302.0,13,2,2010-01-26,2011-08-07,558,Europe,151.0,2.05
14080,United Kingdom,2009-12-02,33,5,1115.68,223.14,0,268.0,74,5,2009-12-02,2011-11-07,705,Europe,53.6,4.16
14081,United Kingdom,2009-12-10,303,10,4867.57,486.76,1,3381.0,465,10,2009-12-10,2011-02-10,427,Europe,338.1,1.44
14082,United Kingdom,2010-11-12,365,2,413.36,206.68,1,246.0,48,2,2010-11-12,2010-12-10,28,Europe,123.0,1.68
14083,United Kingdom,2009-12-18,5,11,1082.19,98.38,0,760.0,169,11,2009-12-18,2011-12-05,717,Europe,69.09,1.42
14084,United Kingdom,2010-07-15,513,1,150.5,150.5,1,306.0,7,1,2010-07-15,2010-07-15,0,Europe,306.0,0.49
14085,United Kingdom,2009-12-08,3,33,9720.67,294.57,0,6434.0,479,33,2009-12-08,2011-12-07,729,Europe,194.97,1.51
14086,United Kingdom,2010-09-03,463,1,39.95,39.95,1,1.0,1,1,2010-09-03,2010-09-03,0,Europe,1.0,39.95
14087,United Kingdom,2009-12-04,3,3,829.47,276.49,0,718.0,175,3,2009-12-04,2011-12-07,733,Europe,239.33,1.16
14088,United Kingdom,2010-10-14,11,16,64036.8,4002.3,0,15276.0,436,16,2010-10-14,2011-11-29,411,Europe,954.75,4.19
14089,United Kingdom,2011-10-14,57,1,158.75,158.75,0,133.0,13,1,2011-10-14,2011-10-14,0,Europe,133.0,1.19
14090,United Kingdom,2011-01-19,325,1,76.32,76.32,1,72.0,1,1,2011-01-19,2011-01-19,0,Europe,72.0,1.06
14091,United Kingdom,2010-01-10,655,2,9530.08,4765.04,1,3316.0,13,2,2010-01-10,2010-02-23,44,Europe,1658.0,2.87
14092,United Kingdom,2009-12-16,8,24,7229.45,301.23,0,3606.0,169,24,2009-12-16,2011-12-02,716,Europe,150.25,2.0
14093,United Kingdom,2011-11-27,13,1,433.86,433.86,0,391.0,95,1,2011-11-27,2011-11-27,0,Europe,391.0,1.11
14094,United Kingdom,2010-09-26,440,1,311.77,311.77,1,158.0,41,1,2010-09-26,2010-09-26,0,Europe,158.0,1.97
14095,United Kingdom,2009-12-17,723,1,2.95,2.95,1,1.0,1,1,2009-12-17,2009-12-17,0,Europe,1.0,2.95
14096,United Kingdom,2011-08-30,5,17,65164.79,3833.22,0,16352.0,1119,17,2011-08-30,2011-12-05,97,Europe,961.88,3.99
14097,United Kingdom,2010-03-04,482,2,422.86,211.43,1,352.0,39,2,2010-03-04,2010-08-15,164,Europe,176.0,1.2
14098,United Kingdom,2011-11-03,37,1,147.35,147.35,0,104.0,21,1,2011-11-03,2011-11-03,0,Europe,104.0,1.42
14099,United Kingdom,2009-12-10,17,20,5750.91,287.55,0,3666.0,273,20,2009-12-10,2011-11-23,713,Europe,183.3,1.57
14100,United Kingdom,2011-07-25,138,1,191.95,191.95,1,63.0,24,1,2011-07-25,2011-07-25,0,Europe,63.0,3.05
14101,United Kingdom,2010-03-28,74,13,9961.93,766.3,0,10542.0,19,13,2010-03-28,2011-09-27,548,Europe,810.92,0.94
14102,United Kingdom,2011-10-26,6,5,1105.88,221.18,0,769.0,35,5,2011-10-26,2011-12-04,39,Europe,153.8,1.44
14104,United Kingdom,2010-05-28,155,5,743.53,148.71,0,496.0,117,5,2010-05-28,2011-07-08,406,Europe,99.2,1.5
14105,United Kingdom,2009-12-18,240,5,5988.83,1197.77,1,3534.0,200,5,2009-12-18,2011-04-14,482,Europe,706.8,1.69
14106,United Kingdom,2009-12-02,738,1,214.8,214.8,1,24.0,1,1,2009-12-02,2009-12-02,0,Europe,24.0,8.95
14107,United Kingdom,2009-12-09,52,11,4877.3,443.39,0,3489.0,102,11,2009-12-09,2011-10-19,679,Europe,317.18,1.4
14108,United Kingdom,2009-12-01,31,4,1044.96,261.24,0,660.0,49,4,2009-12-01,2011-11-09,708,Europe,165.0,1.58
14109,United Kingdom,2011-09-28,73,1,144.2,144.2,0,88.0,9,1,2011-09-28,2011-09-28,0,Europe,88.0,1.64
14110,United Kingdom,2009-12-01,4,33,12987.95,393.57,0,5825.0,177,33,2009-12-01,2011-12-06,735,Europe,176.52,2.23
14111,United Kingdom,2011-04-12,15,4,692.85,173.21,0,458.0,10,4,2011-04-12,2011-11-25,227,Europe,114.5,1.51
14112,United Kingdom,2010-02-23,23,13,5834.59,448.81,0,3539.0,199,13,2010-02-23,2011-11-17,632,Europe,272.23,1.65
14113,United Kingdom,2009-12-08,4,16,7092.61,443.29,0,3439.0,76,16,2009-12-08,2011-12-06,728,Europe,214.94,2.06
14114,United Kingdom,2010-04-12,274,7,1364.09,194.87,1,650.0,72,7,2010-04-12,2011-03-11,333,Europe,92.86,2.1
14115,United Kingdom,2010-02-11,502,2,622.67,311.34,1,509.0,22,2,2010-02-11,2010-07-26,165,Europe,254.5,1.22
14116,United Kingdom,2011-08-10,20,5,1382.74,276.55,0,707.0,61,5,2011-08-10,2011-11-20,102,Europe,141.4,1.96
14117,United Kingdom,2011-07-19,144,1,90.0,90.0,1,72.0,3,1,2011-07-19,2011-07-19,0,Europe,72.0,1.25
14118,United Kingdom,2010-10-07,429,1,458.45,458.45,1,97.0,15,1,2010-10-07,2010-10-07,0,Europe,97.0,4.73
14119,United Kingdom,2009-12-21,376,2,183.37,91.69,1,177.0,11,2,2009-12-21,2010-11-29,343,Europe,88.5,1.04
14121,United Kingdom,2011-10-11,4,4,2780.15,695.04,0,2082.0,148,4,2011-10-11,2011-12-06,56,Europe,520.5,1.34
14122,United Kingdom,2009-12-02,407,3,362.42,120.81,1,114.0,12,3,2009-12-02,2010-10-29,331,Europe,38.0,3.18
14123,United Kingdom,2009-12-06,734,1,436.18,436.18,1,234.0,24,1,2009-12-06,2009-12-06,0,Europe,234.0,1.86
14124,United Kingdom,2011-09-16,85,1,419.58,419.58,0,1618.0,4,1,2011-09-16,2011-09-16,0,Europe,1618.0,0.26
14125,United Kingdom,2011-09-22,11,3,2720.63,906.88,0,1628.0,159,3,2011-09-22,2011-11-29,68,Europe,542.67,1.67
14126,United Kingdom,2010-09-21,8,4,1172.46,293.12,0,887.0,37,4,2010-09-21,2011-12-02,437,Europe,221.75,1.32
14127,United Kingdom,2010-10-10,123,6,1900.08,316.68,0,828.0,96,6,2010-10-10,2011-08-09,303,Europe,138.0,2.29
14128,United Kingdom,2010-06-06,61,3,924.21,308.07,0,814.0,50,3,2010-06-06,2011-10-10,491,Europe,271.33,1.14
14129,United Kingdom,2010-05-09,2,9,2591.34,287.93,0,1414.0,40,9,2010-05-09,2011-12-08,578,Europe,157.11,1.83
14130,United Kingdom,2009-12-11,320,4,1858.77,464.69,1,1215.0,189,4,2009-12-11,2011-01-24,409,Europe,303.75,1.53
14131,United Kingdom,2010-03-01,649,1,168.22,168.22,1,105.0,45,1,2010-03-01,2010-03-01,0,Europe,105.0,1.6
14132,United Kingdom,2011-06-09,3,11,3586.03,326.0,0,3368.0,100,11,2011-06-09,2011-12-07,181,Europe,306.18,1.06
14133,United Kingdom,2009-12-06,130,4,911.14,227.79,0,398.0,33,4,2009-12-06,2011-08-02,604,Europe,99.5,2.29
14134,United Kingdom,2009-12-10,383,15,11123.35,741.56,1,5814.0,130,15,2009-12-10,2010-11-22,347,Europe,387.6,1.91
14135,United Kingdom,2009-12-02,2,24,8839.67,368.32,0,8534.0,138,24,2009-12-02,2011-12-08,736,Europe,355.58,1.04
14136,United Kingdom,2009-12-08,401,5,1570.81,314.16,1,1148.0,86,5,2009-12-08,2010-11-04,331,Europe,229.6,1.37
14137,United Kingdom,2010-01-13,696,1,332.7,332.7,1,462.0,11,1,2010-01-13,2010-01-13,0,Europe,462.0,0.72
14138,United Kingdom,2011-10-07,2,2,965.88,482.94,0,600.0,40,2,2011-10-07,2011-12-08,62,Europe,300.0,1.61
14139,United Kingdom,2010-06-15,47,4,1086.8,271.7,0,1049.0,48,4,2010-06-15,2011-10-24,496,Europe,262.25,1.04
14140,United Kingdom,2011-11-08,4,2,935.05,467.53,0,811.0,60,2,2011-11-08,2011-12-06,28,Europe,405.5,1.15
14141,United Kingdom,2011-08-26,3,4,915.13,228.78,0,355.0,27,4,2011-08-26,2011-12-07,103,Europe,88.75,2.58
14142,United Kingdom,2010-03-03,374,2,671.34,335.67,1,518.0,42,2,2010-03-03,2010-12-01,273,Europe,259.0,1.3
14143,United Kingdom,2011-07-29,134,1,115.8,115.8,1,30.0,7,1,2011-07-29,2011-07-29,0,Europe,30.0,3.86
14144,United Kingdom,2010-08-10,487,1,30.6,30.6,1,12.0,1,1,2010-08-10,2010-08-10,0,Europe,12.0,2.55
14145,United Kingdom,2010-04-08,47,7,7600.05,1085.72,0,1655.0,11,7,2010-04-08,2011-10-24,564,Europe,236.43,4.59
14146,United Kingdom,2010-01-13,9,12,9450.3,787.53,0,5780.0,337,12,2010-01-13,2011-12-01,687,Europe,481.67,1.64
14147,United Kingdom,2010-03-09,79,9,2590.2,287.8,0,995.0,24,9,2010-03-09,2011-09-22,562,Europe,110.56,2.6
14148,United Kingdom,2010-10-21,234,2,466.29,233.15,1,223.0,15,2,2010-10-21,2011-04-20,181,Europe,111.5,2.09
14149,United Kingdom,2011-05-03,221,1,446.62,446.62,1,218.0,28,1,2011-05-03,2011-05-03,0,Europe,218.0,2.05
14150,United Kingdom,2010-12-15,36,2,658.64,329.32,0,496.0,23,2,2010-12-15,2011-11-04,324,Europe,248.0,1.33
14151,United Kingdom,2009-12-23,674,2,679.45,339.73,1,405.0,44,2,2009-12-23,2010-02-04,43,Europe,202.5,1.68
14152,United Kingdom,2010-02-18,76,7,1997.34,285.33,0,1844.0,104,7,2010-02-18,2011-09-25,584,Europe,263.43,1.08
14153,United Kingdom,2010-08-13,484,1,233.4,233.4,1,312.0,17,1,2010-08-13,2010-08-13,0,Europe,312.0,0.75
14154,United Kingdom,2010-01-13,240,8,6460.7,807.59,1,3222.0,236,8,2010-01-13,2011-04-14,456,Europe,402.75,2.01
14155,United Kingdom,2011-03-18,267,1,118.75,118.75,1,25.0,6,1,2011-03-18,2011-03-18,0,Europe,25.0,4.75
14156,EIRE,2009-12-01,10,156,313437.62,2009.22,0,164325.0,1446,156,2009-12-01,2011-11-30,729,Europe,1053.37,1.91
14157,United Kingdom,2010-03-03,20,5,978.69,195.74,0,521.0,75,5,2010-03-03,2011-11-20,627,Europe,104.2,1.88
14158,United Kingdom,2011-10-30,41,1,507.66,507.66,0,781.0,41,1,2011-10-30,2011-10-30,0,Europe,781.0,0.65
14159,United Kingdom,2009-12-03,20,20,7860.8,393.04,0,6520.0,706,20,2009-12-03,2011-11-20,717,Europe,326.0,1.21
14160,United Kingdom,2010-01-10,611,7,8421.47,1203.07,1,4661.0,80,7,2010-01-10,2010-04-08,88,Europe,665.86,1.81
14161,United Kingdom,2009-12-13,216,7,2996.93,428.13,1,1480.0,202,7,2009-12-13,2011-05-08,511,Europe,211.43,2.02
14162,United Kingdom,2011-02-20,174,2,289.36,144.68,1,142.0,25,2,2011-02-20,2011-06-19,119,Europe,71.0,2.04
14163,United Kingdom,2010-09-03,88,5,2594.62,518.92,0,950.0,42,5,2010-09-03,2011-09-13,375,Europe,190.0,2.73
14164,United Kingdom,2011-09-20,71,2,1631.77,815.89,0,1033.0,28,2,2011-09-20,2011-09-30,10,Europe,516.5,1.58
14165,United Kingdom,2011-03-09,276,1,120.44,120.44,1,53.0,23,1,2011-03-09,2011-03-09,0,Europe,53.0,2.27
14166,United Kingdom,2010-03-23,506,2,251.15,125.58,1,82.0,39,2,2010-03-23,2010-07-22,121,Europe,41.0,3.06
14167,United Kingdom,2010-01-27,40,8,1274.29,159.29,0,340.0,48,8,2010-01-27,2011-10-31,642,Europe,42.5,3.75
14168,United Kingdom,2010-05-24,421,2,370.45,185.23,1,147.0,11,2,2010-05-24,2010-10-15,144,Europe,73.5,2.52
14169,United Kingdom,2010-09-21,431,2,621.51,310.76,1,205.0,50,2,2010-09-21,2010-10-05,14,Europe,102.5,3.03
14170,United Kingdom,2010-11-09,376,3,570.18,190.06,1,270.0,123,3,2010-11-09,2010-11-29,20,Europe,90.0,2.11
14171,United Kingdom,2009-12-09,99,2,498.79,249.4,1,211.0,61,2,2009-12-09,2011-09-02,632,Europe,105.5,2.36
14172,United Kingdom,2010-03-07,606,3,369.02,123.01,1,78.0,38,3,2010-03-07,2010-04-13,37,Europe,26.0,4.73
14173,United Kingdom,2009-12-09,11,6,586.0,97.67,0,194.0,30,6,2009-12-09,2011-11-29,720,Europe,32.33,3.02
14174,United Kingdom,2011-11-06,34,1,134.46,134.46,0,94.0,26,1,2011-11-06,2011-11-06,0,Europe,94.0,1.43
14175,United Kingdom,2010-03-22,60,8,7678.88,959.86,0,3009.0,237,8,2010-03-22,2011-10-11,568,Europe,376.13,2.55
14176,United Kingdom,2010-11-23,298,5,756.46,151.29,1,265.0,33,5,2010-11-23,2011-02-15,84,Europe,53.0,2.85
14177,United Kingdom,2010-02-26,87,13,2209.69,169.98,0,1043.0,141,13,2010-02-26,2011-09-14,565,Europe,80.23,2.12
14178,United Kingdom,2011-06-10,9,7,1600.26,228.61,0,1494.0,191,7,2011-06-10,2011-12-01,174,Europe,213.43,1.07
14179,United Kingdom,2011-10-18,41,2,701.57,350.79,0,319.0,135,2,2011-10-18,2011-10-30,12,Europe,159.5,2.2
14180,United Kingdom,2010-06-09,11,33,6117.5,185.38,0,847.0,125,33,2010-06-09,2011-11-29,538,Europe,25.67,7.22
14181,United Kingdom,2010-05-26,411,2,308.35,154.18,1,120.0,48,2,2010-05-26,2010-10-25,152,Europe,60.0,2.57
14182,United Kingdom,2010-04-22,444,4,678.77,169.69,1,174.0,42,4,2010-04-22,2010-09-22,153,Europe,43.5,3.9
14183,United Kingdom,2010-08-15,412,2,278.34,139.17,1,60.0,27,2,2010-08-15,2010-10-24,70,Europe,30.0,4.64
14184,United Kingdom,2011-10-04,67,1,452.89,452.89,0,127.0,24,1,2011-10-04,2011-10-04,0,Europe,127.0,3.57
14185,United Kingdom,2011-01-12,332,1,197.65,197.65,1,6.0,3,1,2011-01-12,2011-01-12,0,Europe,6.0,32.94
14186,United Kingdom,2010-03-05,428,5,1550.63,310.13,1,1550.0,75,5,2010-03-05,2010-10-08,217,Europe,310.0,1.0
14187,United Kingdom,2010-08-23,474,1,123.5,123.5,1,50.0,8,1,2010-08-23,2010-08-23,0,Europe,50.0,2.47
14188,United Kingdom,2011-02-02,31,6,2054.36,342.39,0,1162.0,34,6,2011-02-02,2011-11-09,280,Europe,193.67,1.77
14189,United Kingdom,2010-11-16,3,16,5503.15,343.95,0,4392.0,199,16,2010-11-16,2011-12-07,386,Europe,274.5,1.25
14190,United Kingdom,2010-02-11,667,1,79.9,79.9,1,2.0,1,1,2010-02-11,2010-02-11,0,Europe,2.0,39.95
14191,United Kingdom,2009-12-11,2,15,4817.66,321.18,0,3724.0,147,15,2009-12-11,2011-12-08,727,Europe,248.27,1.29
14192,United Kingdom,2010-11-16,389,1,293.74,293.74,1,218.0,14,1,2010-11-16,2010-11-16,0,Europe,218.0,1.35
14193,United Kingdom,2010-11-08,68,3,1210.19,403.4,0,653.0,49,3,2010-11-08,2011-10-03,329,Europe,217.67,1.85
14194,United Kingdom,2010-01-06,5,36,18670.59,518.63,0,10037.0,432,36,2010-01-06,2011-12-05,698,Europe,278.81,1.86
14195,United Kingdom,2010-03-15,202,6,2615.6,435.93,1,2144.0,10,6,2010-03-15,2011-05-22,433,Europe,357.33,1.22
14196,United Kingdom,2011-08-25,107,1,335.52,335.52,1,142.0,6,1,2011-08-25,2011-08-25,0,Europe,142.0,2.36
14197,United Kingdom,2010-10-25,411,1,390.05,390.05,1,143.0,20,1,2010-10-25,2010-10-25,0,Europe,143.0,2.73
14198,United Kingdom,2010-01-05,19,9,1569.73,174.41,0,623.0,58,9,2010-01-05,2011-11-21,685,Europe,69.22,2.52
14199,United Kingdom,2010-06-27,219,4,1091.7,272.93,1,254.0,15,4,2010-06-27,2011-05-05,312,Europe,63.5,4.3
14200,United Kingdom,2010-04-01,618,1,379.2,379.2,1,140.0,21,1,2010-04-01,2010-04-01,0,Europe,140.0,2.71
14201,United Kingdom,2010-04-30,61,10,1193.54,119.35,0,806.0,47,10,2010-04-30,2011-10-10,528,Europe,80.6,1.48
14202,United Kingdom,2010-03-25,382,3,847.76,282.59,1,166.0,27,3,2010-03-25,2010-11-23,243,Europe,55.33,5.11
14203,United Kingdom,2010-11-07,398,1,339.34,339.34,1,80.0,16,1,2010-11-07,2010-11-07,0,Europe,80.0,4.24
14204,United Kingdom,2009-12-02,3,4,1024.83,256.21,0,469.0,186,4,2009-12-02,2011-12-07,735,Europe,117.25,2.19
14205,United Kingdom,2010-03-07,17,9,2414.2,268.24,0,1342.0,79,9,2010-03-07,2011-11-23,626,Europe,149.11,1.8
14206,United Kingdom,2010-11-02,240,3,1185.01,395.0,1,930.0,62,3,2010-11-02,2011-04-14,163,Europe,310.0,1.27
14207,United Kingdom,2010-01-21,688,1,157.8,157.8,1,36.0,2,1,2010-01-21,2010-01-21,0,Europe,36.0,4.38
14208,United Kingdom,2010-06-06,95,2,567.05,283.53,1,529.0,34,2,2010-06-06,2011-09-06,457,Europe,264.5,1.07
14209,United Kingdom,2010-01-22,11,15,4993.27,332.88,0,1739.0,133,15,2010-01-22,2011-11-29,676,Europe,115.93,2.87
14210,United Kingdom,2010-01-06,106,16,5556.57,347.29,0,2511.0,143,16,2010-01-06,2011-08-26,597,Europe,156.94,2.21
14211,United Kingdom,2009-12-09,54,18,4402.29,244.57,0,2575.0,155,18,2009-12-09,2011-10-17,677,Europe,143.06,1.71
14212,United Kingdom,2010-09-20,90,2,2190.14,1095.07,0,2046.0,18,2,2010-09-20,2011-09-11,356,Europe,1023.0,1.07
14213,United Kingdom,2010-10-31,405,1,1192.2,1192.2,1,244.0,5,1,2010-10-31,2010-10-31,0,Europe,244.0,4.89
14214,United Kingdom,2011-03-07,31,5,1004.38,200.88,0,751.0,64,5,2011-03-07,2011-11-09,247,Europe,150.2,1.34
14215,United Kingdom,2009-12-08,12,9,3250.33,361.15,0,2181.0,167,9,2009-12-08,2011-11-28,720,Europe,242.33,1.49
14216,United Kingdom,2010-10-21,4,5,2150.04,430.01,0,712.0,65,5,2010-10-21,2011-12-06,411,Europe,142.4,3.02
14217,United Kingdom,2010-06-30,2,23,3298.59,143.42,0,1230.0,122,23,2010-06-30,2011-12-08,526,Europe,53.48,2.68
14218,United Kingdom,2011-10-28,43,1,169.48,169.48,0,160.0,12,1,2011-10-28,2011-10-28,0,Europe,160.0,1.06
14219,United Kingdom,2010-08-03,5,3,633.83,211.28,0,363.0,39,3,2010-08-03,2011-12-05,489,Europe,121.0,1.75
14220,United Kingdom,2010-05-19,248,4,1515.0,378.75,1,468.0,26,4,2010-05-19,2011-04-06,322,Europe,117.0,3.24
14221,United Kingdom,2010-04-06,43,17,6517.49,383.38,0,3808.0,166,17,2010-04-06,2011-10-28,570,Europe,224.0,1.71
14222,United Kingdom,2011-06-15,178,1,683.17,683.17,1,607.0,41,1,2011-06-15,2011-06-15,0,Europe,607.0,1.13
14223,United Kingdom,2011-03-20,93,3,991.13,330.38,0,585.0,50,3,2011-03-20,2011-09-08,172,Europe,195.0,1.69
14224,United Kingdom,2010-06-13,111,9,1841.71,204.63,0,826.0,189,9,2010-06-13,2011-08-21,434,Europe,91.78,2.23
14225,United Kingdom,2010-01-12,435,4,2031.07,507.77,1,1167.0,70,4,2010-01-12,2010-10-01,262,Europe,291.75,1.74
14226,United Kingdom,2010-09-24,29,6,2985.13,497.52,0,1714.0,89,6,2010-09-24,2011-11-11,413,Europe,285.67,1.74
14227,United Kingdom,2010-02-08,27,15,6368.71,424.58,0,4048.0,246,15,2010-02-08,2011-11-13,643,Europe,269.87,1.57
14228,United Kingdom,2010-06-11,438,3,745.5,248.5,1,260.0,38,3,2010-06-11,2010-09-28,109,Europe,86.67,2.87
14229,United Kingdom,2010-08-25,52,7,2594.04,370.58,0,934.0,41,7,2010-08-25,2011-10-19,420,Europe,133.43,2.78
14230,United Kingdom,2010-06-09,436,3,979.8,326.6,1,246.0,27,3,2010-06-09,2010-09-30,113,Europe,82.0,3.98
14231,United Kingdom,2010-09-15,184,4,1235.62,308.91,1,610.0,66,4,2010-09-15,2011-06-09,267,Europe,152.5,2.03
14232,United Kingdom,2011-03-20,43,5,2048.07,409.61,0,1941.0,81,5,2011-03-20,2011-10-28,222,Europe,388.2,1.06
14233,United Kingdom,2010-03-05,50,7,2904.27,414.9,0,1261.0,42,7,2010-03-05,2011-10-21,595,Europe,180.14,2.3
14234,United Kingdom,2011-10-13,23,4,754.12,188.53,0,951.0,122,4,2011-10-13,2011-11-17,35,Europe,237.75,0.79
14235,United Kingdom,2010-03-30,76,9,4717.99,524.22,0,3014.0,107,9,2010-03-30,2011-09-25,544,Europe,334.89,1.57
14236,United Kingdom,2010-07-22,81,5,1555.34,311.07,0,774.0,39,5,2010-07-22,2011-09-20,425,Europe,154.8,2.01
14237,United Kingdom,2010-04-28,374,2,471.14,235.57,1,238.0,26,2,2010-04-28,2010-12-01,217,Europe,119.0,1.98
14238,United Kingdom,2009-12-05,327,3,434.23,144.74,1,189.0,13,3,2009-12-05,2011-01-17,408,Europe,63.0,2.3
14239,United Kingdom,2009-12-05,44,21,4263.17,203.01,0,1729.0,97,21,2009-12-05,2011-10-27,691,Europe,82.33,2.47
14240,United Kingdom,2010-10-12,31,3,1247.49,415.83,0,655.0,46,3,2010-10-12,2011-11-09,393,Europe,218.33,1.9
14241,United Kingdom,2010-01-12,184,2,333.7,166.85,1,242.0,12,2,2010-01-12,2011-06-09,513,Europe,121.0,1.38
14242,United Kingdom,2011-01-18,235,2,280.55,140.28,1,123.0,13,2,2011-01-18,2011-04-19,91,Europe,61.5,2.28
14243,United Kingdom,2010-08-20,9,17,7217.75,424.57,0,3631.0,235,17,2010-08-20,2011-12-01,468,Europe,213.59,1.99
14244,United Kingdom,2010-02-17,661,1,366.42,366.42,1,814.0,16,1,2010-02-17,2010-02-17,0,Europe,814.0,0.45
14245,United Kingdom,2011-03-21,220,2,1693.45,846.73,1,976.0,107,2,2011-03-21,2011-05-04,44,Europe,488.0,1.74
14246,United Kingdom,2011-04-08,111,3,1474.06,491.35,0,804.0,57,3,2011-04-08,2011-08-21,135,Europe,268.0,1.83
14247,United Kingdom,2010-06-06,279,5,753.56,150.71,1,378.0,82,5,2010-06-06,2011-03-06,273,Europe,75.6,1.99
14248,United Kingdom,2010-07-12,319,3,1032.95,344.32,1,692.0,41,3,2010-07-12,2011-01-25,197,Europe,230.67,1.49
14249,United Kingdom,2010-01-29,411,12,5400.46,450.04,1,2382.0,177,12,2010-01-29,2010-10-25,269,Europe,198.5,2.27
14250,United Kingdom,2011-09-11,8,3,1904.05,634.68,0,1200.0,94,3,2011-09-11,2011-12-02,82,Europe,400.0,1.59
14251,United Kingdom,2011-10-13,2,5,2879.7,575.94,0,1674.0,37,5,2011-10-13,2011-12-08,56,Europe,334.8,1.72
14252,United Kingdom,2010-11-23,382,1,350.99,350.99,1,111.0,10,1,2010-11-23,2010-11-23,0,Europe,111.0,3.16
14253,United Kingdom,2010-03-26,494,2,363.4,181.7,1,88.0,11,2,2010-03-26,2010-08-03,130,Europe,44.0,4.13
14254,United Kingdom,2010-10-03,433,1,601.03,601.03,1,263.0,23,1,2010-10-03,2010-10-03,0,Europe,263.0,2.29
14255,United Kingdom,2010-06-11,547,1,1000.63,1000.63,1,1.0,1,1,2010-06-11,2010-06-11,0,Europe,1.0,1000.63
14256,United Kingdom,2010-01-14,261,5,2460.79,492.16,1,1147.0,100,5,2010-01-14,2011-03-24,434,Europe,229.4,2.15
14257,United Kingdom,2010-03-01,65,9,5954.45,661.61,0,3332.0,167,9,2010-03-01,2011-10-06,584,Europe,370.22,1.79
14258,United Kingdom,2009-12-04,10,25,32051.34,1282.05,0,17488.0,97,25,2009-12-04,2011-11-30,726,Europe,699.52,1.83
14259,United Kingdom,2011-07-21,142,1,120.0,120.0,1,68.0,5,1,2011-07-21,2011-07-21,0,Europe,68.0,1.76
14260,United Kingdom,2010-06-09,472,3,824.28,274.76,1,544.0,50,3,2010-06-09,2010-08-25,77,Europe,181.33,1.52
14261,United Kingdom,2011-09-22,51,2,1163.45,581.73,0,406.0,52,2,2011-09-22,2011-10-20,28,Europe,203.0,2.87
14262,United Kingdom,2011-04-13,9,8,2618.23,327.28,0,1645.0,87,8,2011-04-13,2011-12-01,232,Europe,205.63,1.59
14263,United Kingdom,2010-10-12,424,1,322.93,322.93,1,171.0,16,1,2010-10-12,2010-10-12,0,Europe,171.0,1.89
14264,United Kingdom,2010-04-07,155,6,1517.36,252.89,0,553.0,59,6,2010-04-07,2011-07-08,457,Europe,92.17,2.74
14265,Unspecified,2010-04-06,110,4,1373.35,343.34,0,715.0,74,4,2010-04-06,2011-08-22,503,Other,178.75,1.92
14266,United Kingdom,2010-10-07,429,1,40.56,40.56,1,24.0,1,1,2010-10-07,2010-10-07,0,Europe,24.0,1.69
14267,United Kingdom,2011-03-24,163,3,1516.24,505.41,0,530.0,25,3,2011-03-24,2011-06-30,98,Europe,176.67,2.86
14268,United Kingdom,2010-08-26,471,1,354.85,354.85,1,147.0,19,1,2010-08-26,2010-08-26,0,Europe,147.0,2.41
14269,United Kingdom,2010-09-26,440,1,295.73,295.73,1,123.0,16,1,2010-09-26,2010-09-26,0,Europe,123.0,2.4
14270,United Kingdom,2011-01-12,332,1,492.65,492.65,1,197.0,29,1,2011-01-12,2011-01-12,0,Europe,197.0,2.5
14271,United Kingdom,2010-10-26,226,2,214.18,107.09,1,148.0,38,2,2010-10-26,2011-04-28,184,Europe,74.0,1.45
14272,United Kingdom,2010-05-06,74,4,920.81,230.2,0,1097.0,62,4,2010-05-06,2011-09-27,509,Europe,274.25,0.84
14273,United Kingdom,2011-04-11,52,4,559.97,139.99,0,264.0,22,4,2011-04-11,2011-10-19,191,Europe,66.0,2.12
14274,United Kingdom,2010-01-22,687,1,256.6,256.6,1,178.0,15,1,2010-01-22,2010-01-22,0,Europe,178.0,1.44
14275,United Kingdom,2010-04-11,396,6,1189.38,198.23,1,538.0,14,6,2010-04-11,2010-11-09,212,Europe,89.67,2.21
14276,United Kingdom,2010-02-17,99,7,2102.68,300.38,0,1406.0,75,7,2010-02-17,2011-09-02,562,Europe,200.86,1.5
14277,France,2009-12-13,16,9,17197.61,1910.85,0,89806.0,334,9,2009-12-13,2011-11-24,711,Europe,9978.44,0.19
14278,United Kingdom,2010-10-26,410,1,205.83,205.83,1,131.0,13,1,2010-10-26,2010-10-26,0,Europe,131.0,1.57
14279,United Kingdom,2010-01-27,521,2,191.86,95.93,1,46.0,3,2,2010-01-27,2010-07-07,161,Europe,23.0,4.17
14280,United Kingdom,2011-05-27,197,1,134.04,134.04,1,52.0,8,1,2011-05-27,2011-05-27,0,Europe,52.0,2.58
14281,United Kingdom,2010-10-27,409,1,245.15,245.15,1,45.0,7,1,2010-10-27,2010-10-27,0,Europe,45.0,5.45
14282,United Kingdom,2010-02-15,4,25,7250.76,290.03,0,5166.0,100,25,2010-02-15,2011-12-06,659,Europe,206.64,1.4
14283,United Kingdom,2010-05-19,464,4,628.44,157.11,1,550.0,36,4,2010-05-19,2010-09-02,106,Europe,137.5,1.14
14284,United Kingdom,2010-02-24,31,3,1299.65,433.22,0,510.0,59,3,2010-02-24,2011-11-09,623,Europe,170.0,2.55
14285,United Kingdom,2009-12-08,22,8,3284.42,410.55,0,954.0,48,8,2009-12-08,2011-11-18,710,Europe,119.25,3.44
14286,United Kingdom,2009-12-04,24,7,8479.76,1211.39,0,8795.0,270,7,2009-12-04,2011-11-16,712,Europe,1256.43,0.96
14287,United Kingdom,2011-05-25,9,3,176.63,58.88,0,261.0,9,3,2011-05-25,2011-12-01,190,Europe,87.0,0.68
14288,United Kingdom,2011-05-10,214,1,426.6,426.6,1,188.0,16,1,2011-05-10,2011-05-10,0,Europe,188.0,2.27
14289,United Kingdom,2011-02-23,9,6,911.26,151.88,0,292.0,33,6,2011-02-23,2011-12-01,281,Europe,48.67,3.12
14290,United Kingdom,2009-12-08,12,8,4516.56,564.57,0,1600.0,120,8,2009-12-08,2011-11-28,720,Europe,200.0,2.82
14291,United Kingdom,2009-12-09,2,23,7904.1,343.66,0,6146.0,241,23,2009-12-09,2011-12-08,729,Europe,267.22,1.29
14292,United Kingdom,2010-03-19,8,16,9226.25,576.64,0,3429.0,120,16,2010-03-19,2011-12-02,623,Europe,214.31,2.69
14293,United Kingdom,2009-12-10,4,9,2903.01,322.56,0,1558.0,88,9,2009-12-10,2011-12-06,726,Europe,173.11,1.86
14294,United Kingdom,2010-10-28,408,1,375.34,375.34,1,190.0,23,1,2010-10-28,2010-10-28,0,Europe,190.0,1.98
14295,United Kingdom,2009-12-08,41,5,2362.91,472.58,0,1029.0,66,5,2009-12-08,2011-10-30,691,Europe,205.8,2.3
14296,United Kingdom,2010-05-14,422,2,456.4,228.2,1,314.0,27,2,2010-05-14,2010-10-14,153,Europe,157.0,1.45
14297,United Kingdom,2011-03-10,18,4,1305.33,326.33,0,865.0,48,4,2011-03-10,2011-11-22,257,Europe,216.25,1.51
14298,United Kingdom,2009-12-11,9,82,91194.49,1112.13,0,100272.0,1370,82,2009-12-11,2011-12-01,720,Europe,1222.83,0.91
14299,United Kingdom,2009-12-02,9,27,14070.25,521.12,0,8136.0,164,27,2009-12-02,2011-12-01,729,Europe,301.33,1.73
14300,United Kingdom,2011-11-21,19,1,43.2,43.2,0,32.0,3,1,2011-11-21,2011-11-21,0,Europe,32.0,1.35
14301,United Kingdom,2010-02-11,118,4,1992.18,498.05,0,1686.0,37,4,2010-02-11,2011-08-14,549,Europe,421.5,1.18
14302,United Kingdom,2009-12-02,431,3,742.9,247.63,1,298.0,25,3,2009-12-02,2010-10-05,307,Europe,99.33,2.49
14303,United Kingdom,2010-10-01,408,2,277.94,138.97,1,218.0,21,2,2010-10-01,2010-10-28,27,Europe,109.0,1.27
14304,United Kingdom,2010-05-18,223,3,1725.01,575.0,1,775.0,69,3,2010-05-18,2011-05-01,348,Europe,258.33,2.23
14305,United Kingdom,2011-07-27,72,3,1858.96,619.65,0,1089.0,96,3,2011-07-27,2011-09-29,64,Europe,363.0,1.71
14306,United Kingdom,2010-01-31,52,6,3151.4,525.23,0,2065.0,43,6,2010-01-31,2011-10-19,626,Europe,344.17,1.53
14307,United Kingdom,2009-12-07,89,10,4287.92,428.79,0,2816.0,205,10,2009-12-07,2011-09-12,644,Europe,281.6,1.52
14308,United Kingdom,2010-06-08,550,2,1147.02,573.51,1,2.0,1,2,2010-06-08,2010-06-08,0,Europe,1.0,573.51
14309,United Kingdom,2010-06-07,9,11,3780.81,343.71,0,2583.0,125,11,2010-06-07,2011-12-01,542,Europe,234.82,1.46
14310,United Kingdom,2010-10-03,433,1,492.1,492.1,1,230.0,22,1,2010-10-03,2010-10-03,0,Europe,230.0,2.14
14311,United Kingdom,2010-05-21,243,2,516.45,258.23,1,235.0,31,2,2010-05-21,2011-04-11,325,Europe,117.5,2.2
14312,United Kingdom,2010-07-23,47,11,3090.29,280.94,0,1904.0,148,11,2010-07-23,2011-10-24,458,Europe,173.09,1.62
14314,United Kingdom,2010-10-05,107,2,229.8,114.9,1,332.0,10,2,2010-10-05,2011-08-25,324,Europe,166.0,0.69
14315,United Kingdom,2010-03-15,45,8,3197.82,399.73,0,1344.0,83,8,2010-03-15,2011-10-26,590,Europe,168.0,2.38
14316,United Kingdom,2010-03-19,423,5,1370.34,274.07,1,4494.0,21,5,2010-03-19,2010-10-13,208,Europe,898.8,0.3
14317,United Kingdom,2011-10-06,65,1,508.58,508.58,0,255.0,24,1,2011-10-06,2011-10-06,0,Europe,255.0,1.99
14318,United Kingdom,2010-09-05,461,1,158.02,158.02,1,152.0,9,1,2010-09-05,2010-09-05,0,Europe,152.0,1.04
14319,United Kingdom,2010-10-11,425,1,494.85,494.85,1,329.0,26,1,2010-10-11,2010-10-11,0,Europe,329.0,1.5
14320,United Kingdom,2010-01-21,207,5,1346.75,269.35,1,713.0,68,5,2010-01-21,2011-05-17,481,Europe,142.6,1.89
14321,United Kingdom,2010-08-23,11,7,2218.06,316.87,0,3275.0,162,7,2010-08-23,2011-11-29,463,Europe,467.86,0.68
14322,United Kingdom,2010-02-18,430,4,474.1,118.53,1,158.0,10,4,2010-02-18,2010-10-06,230,Europe,39.5,3.0
14323,United Kingdom,2011-04-15,115,2,605.06,302.53,1,350.0,32,2,2011-04-15,2011-08-17,124,Europe,175.0,1.73
14324,United Kingdom,2010-01-15,410,2,701.61,350.81,1,402.0,41,2,2010-01-15,2010-10-26,284,Europe,201.0,1.75
14325,United Kingdom,2010-05-19,570,1,245.48,245.48,1,320.0,18,1,2010-05-19,2010-05-19,0,Europe,320.0,0.77
14326,United Kingdom,2010-06-25,243,3,940.98,313.66,1,572.0,54,3,2010-06-25,2011-04-11,290,Europe,190.67,1.65
14327,United Kingdom,2010-01-08,164,6,1894.93,315.82,0,1296.0,99,6,2010-01-08,2011-06-29,537,Europe,216.0,1.46
14328,United Kingdom,2010-09-27,439,1,445.05,445.05,1,1.0,1,1,2010-09-27,2010-09-27,0,Europe,1.0,445.05
14329,United Kingdom,2009-12-16,18,15,9887.62,659.17,0,5913.0,349,15,2009-12-16,2011-11-22,706,Europe,394.2,1.67
14330,United Kingdom,2010-03-26,624,1,200.63,200.63,1,103.0,13,1,2010-03-26,2010-03-26,0,Europe,103.0,1.95
14331,United Kingdom,2011-07-27,125,2,462.66,231.33,1,252.0,27,2,2011-07-27,2011-08-07,11,Europe,126.0,1.84
14332,United Kingdom,2010-10-19,23,5,1917.41,383.48,0,875.0,47,5,2010-10-19,2011-11-17,394,Europe,175.0,2.19
14333,United Kingdom,2011-10-03,68,1,415.2,415.2,0,58.0,15,1,2011-10-03,2011-10-03,0,Europe,58.0,7.16
14334,United Kingdom,2010-05-20,17,12,4318.48,359.87,0,2986.0,148,12,2010-05-20,2011-11-23,552,Europe,248.83,1.45
14335,Germany,2011-09-04,17,2,454.86,227.43,0,375.0,55,2,2011-09-04,2011-11-23,80,Europe,187.5,1.21
14336,United Kingdom,2011-03-08,17,4,1614.91,403.73,0,1759.0,77,4,2011-03-08,2011-11-23,260,Europe,439.75,0.92
14338,United Kingdom,2010-06-21,162,3,928.1,309.37,0,622.0,43,3,2010-06-21,2011-07-01,375,Europe,207.33,1.49
14339,United Kingdom,2010-10-07,243,2,620.27,310.14,1,456.0,21,2,2010-10-07,2011-04-11,186,Europe,228.0,1.36
14340,United Kingdom,2011-05-05,219,1,134.7,134.7,1,58.0,6,1,2011-05-05,2011-05-05,0,Europe,58.0,2.32
14341,United Kingdom,2009-12-01,46,18,4452.02,247.33,0,2813.0,185,18,2009-12-01,2011-10-25,693,Europe,156.28,1.58
14342,United Kingdom,2010-08-24,22,6,918.44,153.07,0,521.0,27,6,2010-08-24,2011-11-18,451,Europe,86.83,1.76
14343,United Kingdom,2010-01-18,422,4,1079.66,269.92,1,626.0,193,4,2010-01-18,2010-10-14,269,Europe,156.5,1.72
14344,United Kingdom,2010-03-23,128,20,2993.05,149.65,0,1546.0,140,20,2010-03-23,2011-08-04,499,Europe,77.3,1.94
14345,United Kingdom,2011-11-01,39,1,108.98,108.98,0,50.0,6,1,2011-11-01,2011-11-01,0,Europe,50.0,2.18
14346,United Kingdom,2010-07-30,121,5,2315.75,463.15,0,1878.0,123,5,2010-07-30,2011-08-11,377,Europe,375.6,1.23
14347,United Kingdom,2009-12-03,737,1,82.6,82.6,1,48.0,6,1,2009-12-03,2009-12-03,0,Europe,48.0,1.72
14348,United Kingdom,2011-03-24,261,1,409.57,409.57,1,183.0,18,1,2011-03-24,2011-03-24,0,Europe,183.0,2.24
14349,United Kingdom,2011-11-29,11,1,133.5,133.5,0,86.0,31,1,2011-11-29,2011-11-29,0,Europe,86.0,1.55
14350,United Kingdom,2010-10-05,275,3,972.03,324.01,1,543.0,55,3,2010-10-05,2011-03-10,156,Europe,181.0,1.79
14351,United Kingdom,2011-06-28,165,1,51.0,51.0,1,12.0,1,1,2011-06-28,2011-06-28,0,Europe,12.0,4.25
14352,United Kingdom,2011-03-11,158,4,1078.96,269.74,0,538.0,44,4,2011-03-11,2011-07-05,116,Europe,134.5,2.01
14353,United Kingdom,2010-10-04,216,3,376.5,125.5,1,344.0,18,3,2010-10-04,2011-05-08,216,Europe,114.67,1.09
14354,United Kingdom,2011-11-09,6,2,163.62,81.81,0,210.0,9,2,2011-11-09,2011-12-04,25,Europe,105.0,0.78
14355,United Kingdom,2010-03-22,366,3,840.05,280.02,1,617.0,57,3,2010-03-22,2010-12-09,262,Europe,205.67,1.36
14356,United Kingdom,2011-09-19,80,2,701.23,350.62,0,277.0,33,2,2011-09-19,2011-09-21,2,Europe,138.5,2.53
14357,United Kingdom,2011-10-27,44,1,225.12,225.12,0,147.0,39,1,2011-10-27,2011-10-27,0,Europe,147.0,1.53
14358,United Kingdom,2010-10-07,390,2,400.06,200.03,1,338.0,21,2,2010-10-07,2010-11-15,39,Europe,169.0,1.18
14359,United Kingdom,2011-09-13,20,3,912.18,304.06,0,371.0,44,3,2011-09-13,2011-11-20,68,Europe,123.67,2.46
14360,United Kingdom,2011-09-06,32,4,2118.03,529.51,0,1139.0,104,4,2011-09-06,2011-11-08,63,Europe,284.75,1.86
14361,United Kingdom,2010-05-10,579,1,214.71,214.71,1,251.0,14,1,2010-05-10,2010-05-10,0,Europe,251.0,0.86
14362,United Kingdom,2011-11-17,23,1,151.5,151.5,0,96.0,37,1,2011-11-17,2011-11-17,0,Europe,96.0,1.58
14363,United Kingdom,2010-09-14,403,2,227.47,113.74,1,105.0,8,2,2010-09-14,2010-11-02,49,Europe,52.5,2.17
14364,United Kingdom,2011-05-12,109,8,3717.35,464.67,0,1967.0,61,8,2011-05-12,2011-08-23,103,Europe,245.88,1.89
14365,United Kingdom,2010-01-27,395,2,634.68,317.34,1,557.0,50,2,2010-01-27,2010-11-10,287,Europe,278.5,1.14
14366,United Kingdom,2010-07-02,526,1,136.0,136.0,1,16.0,1,1,2010-07-02,2010-07-02,0,Europe,16.0,8.5
14367,United Kingdom,2011-03-08,9,16,9227.82,576.74,0,4426.0,270,16,2011-03-08,2011-12-01,268,Europe,276.63,2.08
14368,United Kingdom,2011-01-24,320,1,155.0,155.0,1,36.0,8,1,2011-01-24,2011-01-24,0,Europe,36.0,4.31
14369,United Kingdom,2010-02-16,643,2,469.13,234.57,1,255.0,24,2,2010-02-16,2010-03-07,19,Europe,127.5,1.84
14370,United Kingdom,2010-02-01,451,6,1175.78,195.96,1,266.0,37,6,2010-02-01,2010-09-15,226,Europe,44.33,4.42
14371,United Kingdom,2011-02-17,296,1,100.5,100.5,1,34.0,4,1,2011-02-17,2011-02-17,0,Europe,34.0,2.96
14372,United Kingdom,2010-04-19,444,2,860.08,430.04,1,378.0,36,2,2010-04-19,2010-09-22,156,Europe,189.0,2.28
14373,United Kingdom,2010-12-16,359,1,76.55,76.55,1,17.0,4,1,2010-12-16,2010-12-16,0,Europe,17.0,4.5
14374,United Kingdom,2010-06-16,542,1,108.0,108.0,1,20.0,7,1,2010-06-16,2010-06-16,0,Europe,20.0,5.4
14375,United Kingdom,2010-06-16,186,3,1106.82,368.94,1,647.0,176,3,2010-06-16,2011-06-07,356,Europe,215.67,1.71
14376,United Kingdom,2010-01-25,684,1,215.46,215.46,1,50.0,17,1,2010-01-25,2010-01-25,0,Europe,50.0,4.31
14377,United Kingdom,2011-03-22,192,2,617.05,308.53,1,219.0,11,2,2011-03-22,2011-06-01,71,Europe,109.5,2.82
14378,United Kingdom,2010-03-28,622,1,131.25,131.25,1,57.0,9,1,2010-03-28,2010-03-28,0,Europe,57.0,2.3
14379,United Kingdom,2010-08-16,45,4,1265.16,316.29,0,712.0,93,4,2010-08-16,2011-10-26,436,Europe,178.0,1.78
14380,United Kingdom,2010-01-26,683,1,48.96,48.96,1,1.0,1,1,2010-01-26,2010-01-26,0,Europe,1.0,48.96
14381,United Kingdom,2010-09-14,53,2,625.94,312.97,0,449.0,104,2,2010-09-14,2011-10-18,399,Europe,224.5,1.39
14382,United Kingdom,2010-11-14,27,2,1193.63,596.82,0,1667.0,227,2,2010-11-14,2011-11-13,364,Europe,833.5,0.72
14383,United Kingdom,2011-06-29,39,3,1247.69,415.9,0,817.0,49,3,2011-06-29,2011-11-01,125,Europe,272.33,1.53
14384,United Kingdom,2010-07-27,501,1,58.5,58.5,1,30.0,3,1,2010-07-27,2010-07-27,0,Europe,30.0,1.95
14385,United Kingdom,2011-11-16,10,3,202.11,67.37,0,159.0,13,3,2011-11-16,2011-11-30,14,Europe,53.0,1.27
14386,United Kingdom,2011-02-16,297,1,142.4,142.4,1,54.0,7,1,2011-02-16,2011-02-16,0,Europe,54.0,2.64
14387,United Kingdom,2011-08-22,33,3,1727.6,575.87,0,795.0,125,3,2011-08-22,2011-11-07,77,Europe,265.0,2.17
14388,United Kingdom,2010-01-20,11,16,6388.2,399.26,0,4190.0,184,16,2010-01-20,2011-11-29,678,Europe,261.88,1.52
14389,United Kingdom,2010-04-28,66,5,1898.01,379.6,0,1388.0,48,5,2010-04-28,2011-10-05,525,Europe,277.6,1.37
14390,United Kingdom,2010-10-10,11,13,6150.03,473.08,0,2830.0,197,13,2010-10-10,2011-11-29,415,Europe,217.69,2.17
14391,United Kingdom,2010-05-12,577,1,135.6,135.6,1,168.0,14,1,2010-05-12,2010-05-12,0,Europe,168.0,0.81
14392,United Kingdom,2010-10-03,433,1,266.4,266.4,1,114.0,14,1,2010-10-03,2010-10-03,0,Europe,114.0,2.34
14393,United Kingdom,2011-05-05,219,1,67.95,67.95,1,13.0,5,1,2011-05-05,2011-05-05,0,Europe,13.0,5.23
14394,United Kingdom,2010-05-24,565,1,93.8,93.8,1,58.0,6,1,2010-05-24,2010-05-24,0,Europe,58.0,1.62
14395,United Kingdom,2010-04-18,3,20,7801.93,390.1,0,3872.0,320,20,2010-04-18,2011-12-07,598,Europe,193.6,2.01
14396,United Kingdom,2009-12-02,66,7,1969.38,281.34,0,959.0,202,7,2009-12-02,2011-10-05,672,Europe,137.0,2.05
14397,United Kingdom,2011-05-10,3,19,2612.96,137.52,0,1890.0,18,19,2011-05-10,2011-12-07,211,Europe,99.47,1.38
14398,United Kingdom,2010-06-30,402,2,707.79,353.9,1,267.0,50,2,2010-06-30,2010-11-03,126,Europe,133.5,2.65
14399,United Kingdom,2010-02-03,395,8,2108.21,263.53,1,965.0,119,8,2010-02-03,2010-11-10,280,Europe,120.63,2.18
14400,United Kingdom,2010-03-18,150,3,1732.47,577.49,0,1706.0,71,3,2010-03-18,2011-07-13,482,Europe,568.67,1.02
14401,United Kingdom,2009-12-14,5,22,6795.9,308.9,0,6401.0,171,22,2009-12-14,2011-12-05,721,Europe,290.95,1.06
14402,United Kingdom,2010-02-25,653,1,285.6,285.6,1,240.0,8,1,2010-02-25,2010-02-25,0,Europe,240.0,1.19
14403,United Kingdom,2010-03-10,131,6,1880.51,313.42,0,737.0,20,6,2010-03-10,2011-08-01,509,Europe,122.83,2.55
14404,United Kingdom,2009-12-20,34,13,2724.13,209.55,0,1577.0,123,13,2009-12-20,2011-11-06,686,Europe,121.31,1.73
14405,United Kingdom,2010-11-18,387,1,195.0,195.0,1,100.0,2,1,2010-11-18,2010-11-18,0,Europe,100.0,1.95
14406,United Kingdom,2011-08-12,120,1,156.75,156.75,1,77.0,8,1,2011-08-12,2011-08-12,0,Europe,77.0,2.04
14407,United Kingdom,2011-03-08,108,6,2157.73,359.62,0,1415.0,67,6,2011-03-08,2011-08-24,169,Europe,235.83,1.52
14408,United Kingdom,2009-12-07,11,11,4102.27,372.93,0,2438.0,63,11,2009-12-07,2011-11-29,722,Europe,221.64,1.68
14409,United Kingdom,2010-05-21,72,9,3427.29,380.81,0,2233.0,76,9,2010-05-21,2011-09-29,496,Europe,248.11,1.53
14410,United Kingdom,2010-09-28,93,11,2631.9,239.26,0,1369.0,307,11,2010-09-28,2011-09-08,345,Europe,124.45,1.92
14411,United Kingdom,2011-02-02,311,1,1063.0,1063.0,1,196.0,14,1,2011-02-02,2011-02-02,0,Europe,196.0,5.42
14412,United Kingdom,2010-10-11,43,3,1426.19,475.4,0,1428.0,75,3,2010-10-11,2011-10-28,382,Europe,476.0,1.0
14413,United Kingdom,2010-01-19,363,4,764.52,191.13,1,277.0,93,4,2010-01-19,2010-12-12,327,Europe,69.25,2.76
14414,United Kingdom,2010-11-30,92,8,2399.33,299.92,0,2877.0,99,8,2010-11-30,2011-09-09,283,Europe,359.63,0.83
14415,United Kingdom,2009-12-16,2,23,11980.09,520.87,0,6263.0,445,23,2009-12-16,2011-12-08,722,Europe,272.3,1.91
14416,United Kingdom,2011-10-28,23,2,490.22,245.11,0,326.0,13,2,2011-10-28,2011-11-17,20,Europe,163.0,1.5
14417,United Kingdom,2010-11-17,388,1,524.65,524.65,1,543.0,106,1,2010-11-17,2010-11-17,0,Europe,543.0,0.97
14418,United Kingdom,2011-08-23,4,3,1937.25,645.75,0,1711.0,114,3,2011-08-23,2011-12-06,105,Europe,570.33,1.13
14419,United Kingdom,2010-11-22,11,7,1254.64,179.23,0,552.0,118,7,2010-11-22,2011-11-29,372,Europe,78.86,2.27
14420,United Kingdom,2010-01-17,100,4,1639.17,409.79,0,1120.0,85,4,2010-01-17,2011-09-01,592,Europe,280.0,1.46
14421,United Kingdom,2010-01-17,58,6,2469.37,411.56,0,1342.0,72,6,2010-01-17,2011-10-13,634,Europe,223.67,1.84
14422,United Kingdom,2009-12-17,1,19,10271.52,540.61,0,6067.0,317,19,2009-12-17,2011-12-09,722,Europe,319.32,1.69
14423,United Kingdom,2010-01-14,219,3,916.61,305.54,1,419.0,12,3,2010-01-14,2011-05-05,476,Europe,139.67,2.19
14424,United Kingdom,2011-11-22,18,1,322.08,322.08,0,48.0,1,1,2011-11-22,2011-11-22,0,Europe,48.0,6.71
14425,United Kingdom,2009-12-02,435,3,661.39,220.46,1,325.0,35,3,2009-12-02,2010-10-01,303,Europe,108.33,2.04
14426,United Kingdom,2010-03-04,24,17,11727.94,689.88,0,7023.0,452,17,2010-03-04,2011-11-16,622,Europe,413.12,1.67
14427,United Kingdom,2010-03-18,51,4,1263.52,315.88,0,538.0,43,4,2010-03-18,2011-10-20,581,Europe,134.5,2.35
14428,United Kingdom,2011-01-18,8,5,1224.06,244.81,0,428.0,108,5,2011-01-18,2011-12-02,318,Europe,85.6,2.86
14429,United Kingdom,2010-11-01,404,1,516.28,516.28,1,286.0,22,1,2010-11-01,2010-11-01,0,Europe,286.0,1.81
14430,United Kingdom,2010-04-11,512,3,1220.9,406.97,1,446.0,29,3,2010-04-11,2010-07-16,96,Europe,148.67,2.74
14431,United Kingdom,2010-01-21,303,4,2614.2,653.55,1,1202.0,72,4,2010-01-21,2011-02-10,385,Europe,300.5,2.17
14432,United Kingdom,2011-09-11,10,6,2248.5,374.75,0,2013.0,256,6,2011-09-11,2011-11-30,80,Europe,335.5,1.12
14433,United Kingdom,2010-08-31,466,1,280.7,280.7,1,131.0,72,1,2010-08-31,2010-08-31,0,Europe,131.0,2.14
14434,United Kingdom,2011-09-28,22,6,1372.8,228.8,0,368.0,3,6,2011-09-28,2011-11-18,51,Europe,61.33,3.73
14435,United Kingdom,2010-07-26,502,1,90.42,90.42,1,282.0,3,1,2010-07-26,2010-07-26,0,Europe,282.0,0.32
14436,United Kingdom,2010-06-04,99,2,271.7,135.85,1,297.0,11,2,2010-06-04,2011-09-02,455,Europe,148.5,0.91
14437,United Kingdom,2010-05-05,366,5,873.34,174.67,1,420.0,34,5,2010-05-05,2010-12-09,218,Europe,84.0,2.08
14438,United Kingdom,2011-02-06,307,1,131.9,131.9,1,82.0,9,1,2011-02-06,2011-02-06,0,Europe,82.0,1.61
14439,Greece,2010-01-21,320,5,9443.04,1888.61,1,2244.0,105,5,2010-01-21,2011-01-24,368,Europe,448.8,4.21
14440,United Kingdom,2009-12-02,9,13,5982.03,460.16,0,1605.0,63,13,2009-12-02,2011-12-01,729,Europe,123.46,3.73
14441,United Kingdom,2010-01-18,1,11,4611.69,419.24,0,1260.0,103,11,2010-01-18,2011-12-09,690,Europe,114.55,3.66
14442,Channel Islands,2010-01-18,205,7,5367.02,766.72,1,1431.0,128,7,2010-01-18,2011-05-19,486,Europe,204.43,3.75
14443,United Kingdom,2010-11-25,54,5,2082.97,416.59,0,1357.0,119,5,2010-11-25,2011-10-17,326,Europe,271.4,1.53
14444,United Kingdom,2010-09-09,457,1,120.44,120.44,1,172.0,11,1,2010-09-09,2010-09-09,0,Europe,172.0,0.7
14445,United Kingdom,2010-09-10,456,1,221.65,221.65,1,83.0,32,1,2010-09-10,2010-09-10,0,Europe,83.0,2.67
14446,United Kingdom,2010-11-18,1,5,1200.28,240.06,0,1091.0,259,5,2010-11-18,2011-12-09,386,Europe,218.2,1.1
14447,United Kingdom,2010-11-04,19,6,1711.73,285.29,0,913.0,81,6,2010-11-04,2011-11-21,382,Europe,152.17,1.87
14448,United Kingdom,2010-12-10,10,2,375.35,187.68,0,104.0,20,2,2010-12-10,2011-11-30,355,Europe,52.0,3.61
14449,United Kingdom,2010-09-29,19,8,2230.96,278.87,0,1604.0,301,8,2010-09-29,2011-11-21,418,Europe,200.5,1.39
14450,United Kingdom,2010-04-08,181,7,1128.44,161.21,1,522.0,47,7,2010-04-08,2011-06-12,430,Europe,74.57,2.16
14451,United Kingdom,2010-01-17,61,12,3258.68,271.56,0,1737.0,245,12,2010-01-17,2011-10-10,631,Europe,144.75,1.88
14452,United Kingdom,2010-07-06,11,4,658.95,164.74,0,285.0,108,4,2010-07-06,2011-11-29,511,Europe,71.25,2.31
14453,United Kingdom,2011-06-02,191,1,119.93,119.93,1,49.0,22,1,2011-06-02,2011-06-02,0,Europe,49.0,2.45
14454,United Kingdom,2009-12-06,377,5,977.3,195.46,1,400.0,93,5,2009-12-06,2010-11-28,357,Europe,80.0,2.44
14455,United Kingdom,2010-08-01,433,4,617.72,154.43,1,706.0,65,4,2010-08-01,2010-10-03,63,Europe,176.5,0.87
14456,United Kingdom,2011-07-20,6,9,3017.28,335.25,0,2885.0,580,9,2011-07-20,2011-12-04,137,Europe,320.56,1.05
14457,United Kingdom,2011-02-02,311,1,113.64,113.64,1,88.0,4,1,2011-02-02,2011-02-02,0,Europe,88.0,1.29
14458,United Kingdom,2010-11-24,381,1,228.07,228.07,1,317.0,46,1,2010-11-24,2010-11-24,0,Europe,317.0,0.72
14459,United Kingdom,2010-02-26,156,2,5375.74,2687.87,1,2302.0,112,2,2010-02-26,2011-07-07,496,Europe,1151.0,2.34
14460,United Kingdom,2009-12-15,111,9,1093.5,121.5,0,1879.0,33,9,2009-12-15,2011-08-21,614,Europe,208.78,0.58
14461,United Kingdom,2010-01-18,149,13,6676.91,513.61,0,3005.0,515,13,2010-01-18,2011-07-14,542,Europe,231.15,2.22
14462,United Kingdom,2010-10-03,67,12,2242.81,186.9,0,1063.0,182,12,2010-10-03,2011-10-04,366,Europe,88.58,2.11
14463,United Kingdom,2010-07-28,99,4,786.57,196.64,0,210.0,7,4,2010-07-28,2011-09-02,401,Europe,52.5,3.75
14464,United Kingdom,2010-03-22,569,2,111.0,55.5,1,62.0,4,2,2010-03-22,2010-05-20,59,Europe,31.0,1.79
14465,United Kingdom,2010-01-07,247,11,3925.85,356.9,1,2539.0,128,11,2010-01-07,2011-04-07,455,Europe,230.82,1.55
14466,United Kingdom,2009-12-13,30,13,4267.15,328.24,0,2507.0,77,13,2009-12-13,2011-11-10,697,Europe,192.85,1.7
14467,United Kingdom,2009-12-02,18,12,2203.24,183.6,0,1187.0,144,12,2009-12-02,2011-11-22,720,Europe,98.92,1.86
14468,United Kingdom,2009-12-06,734,1,204.24,204.24,1,164.0,12,1,2009-12-06,2009-12-06,0,Europe,164.0,1.25
14469,United Kingdom,2010-01-29,417,4,2093.46,523.37,1,973.0,120,4,2010-01-29,2010-10-19,263,Europe,243.25,2.15
14470,United Kingdom,2010-10-05,12,3,712.04,237.35,0,282.0,56,3,2010-10-05,2011-11-28,419,Europe,94.0,2.52
14471,United Kingdom,2009-12-07,592,2,400.95,200.48,1,187.0,38,2,2009-12-07,2010-04-27,141,Europe,93.5,2.14
14472,United Kingdom,2010-01-19,104,9,2118.72,235.41,0,1271.0,173,9,2010-01-19,2011-08-28,586,Europe,141.22,1.67
14473,United Kingdom,2011-03-02,75,2,234.34,117.17,0,88.0,7,2,2011-03-02,2011-09-26,208,Europe,44.0,2.66
14474,United Kingdom,2010-05-09,47,2,1258.89,629.45,0,448.0,122,2,2010-05-09,2011-10-24,533,Europe,224.0,2.81
14475,United Kingdom,2010-10-27,72,4,1151.15,287.79,0,541.0,40,4,2010-10-27,2011-09-29,337,Europe,135.25,2.13
14476,United Kingdom,2011-03-27,258,1,193.0,193.0,1,110.0,17,1,2011-03-27,2011-03-27,0,Europe,110.0,1.75
14477,United Kingdom,2010-01-04,20,7,1969.6,281.37,0,1120.0,7,7,2010-01-04,2011-11-20,685,Europe,160.0,1.76
14478,United Kingdom,2009-12-01,383,4,1276.66,319.17,1,1226.0,59,4,2009-12-01,2010-11-22,356,Europe,306.5,1.04
14479,United Kingdom,2009-12-06,254,4,1124.71,281.18,1,562.0,127,4,2009-12-06,2011-03-31,480,Europe,140.5,2.0
14480,United Kingdom,2009-12-21,12,4,1299.52,324.88,0,670.0,52,4,2009-12-21,2011-11-28,707,Europe,167.5,1.94
14481,United Kingdom,2010-01-31,165,5,2284.69,456.94,0,1568.0,114,5,2010-01-31,2011-06-28,513,Europe,313.6,1.46
14482,United Kingdom,2010-08-26,19,12,4306.72,358.89,0,2869.0,185,12,2010-08-26,2011-11-21,452,Europe,239.08,1.5
14483,United Kingdom,2009-12-03,282,2,257.1,128.55,1,193.0,13,2,2009-12-03,2011-03-03,455,Europe,96.5,1.33
14484,United Kingdom,2009-12-17,51,4,1070.98,267.75,0,744.0,47,4,2009-12-17,2011-10-20,672,Europe,186.0,1.44
14485,United Kingdom,2011-11-01,39,1,162.8,162.8,0,70.0,44,1,2011-11-01,2011-11-01,0,Europe,70.0,2.33
14486,United Kingdom,2010-06-04,512,2,175.5,87.75,1,90.0,4,2,2010-06-04,2010-07-16,42,Europe,45.0,1.95
14487,United Kingdom,2010-11-25,27,7,1266.27,180.9,0,761.0,129,7,2010-11-25,2011-11-13,353,Europe,108.71,1.66
14488,United Kingdom,2011-10-03,68,1,1064.28,1064.28,0,799.0,46,1,2011-10-03,2011-10-03,0,Europe,799.0,1.33
14489,United Kingdom,2010-04-06,208,4,1574.93,393.73,1,1011.0,65,4,2010-04-06,2011-05-16,405,Europe,252.75,1.56
14490,United Kingdom,2010-10-07,407,2,1273.47,636.74,1,933.0,72,2,2010-10-07,2010-10-29,22,Europe,466.5,1.36
14491,United Kingdom,2010-12-02,176,2,340.93,170.47,1,139.0,17,2,2010-12-02,2011-06-17,197,Europe,69.5,2.45
14492,United Kingdom,2010-03-30,431,7,1921.91,274.56,1,751.0,70,7,2010-03-30,2010-10-05,189,Europe,107.29,2.56
14493,United Kingdom,2010-03-08,8,10,5087.86,508.79,0,3148.0,292,10,2010-03-08,2011-12-02,634,Europe,314.8,1.62
14494,United Kingdom,2009-12-08,26,3,401.46,133.82,0,210.0,17,3,2009-12-08,2011-11-14,706,Europe,70.0,1.91
14495,United Kingdom,2010-02-18,51,3,174.8,58.27,0,68.0,7,3,2010-02-18,2011-10-20,609,Europe,22.67,2.57
14496,United Kingdom,2010-03-16,312,7,2363.89,337.7,1,905.0,64,7,2010-03-16,2011-02-01,322,Europe,129.29,2.61
14497,United Kingdom,2010-02-04,310,2,697.06,348.53,1,332.0,40,2,2010-02-04,2011-02-03,364,Europe,166.0,2.1
14498,United Kingdom,2010-06-07,43,10,3900.83,390.08,0,2120.0,276,10,2010-06-07,2011-10-28,508,Europe,212.0,1.84
14499,United Kingdom,2010-08-27,27,7,2101.79,300.26,0,1231.0,199,7,2010-08-27,2011-11-13,443,Europe,175.86,1.71
14500,United Kingdom,2011-06-03,89,3,356.85,118.95,0,117.0,6,3,2011-06-03,2011-09-12,101,Europe,39.0,3.05
14501,United Kingdom,2011-01-24,184,2,251.21,125.61,1,161.0,9,2,2011-01-24,2011-06-09,136,Europe,80.5,1.56
14502,United Kingdom,2011-01-30,20,11,2429.83,220.89,0,1480.0,368,11,2011-01-30,2011-11-20,294,Europe,134.55,1.64
14503,United Kingdom,2011-06-14,4,6,3543.26,590.54,0,2004.0,113,6,2011-06-14,2011-12-06,175,Europe,334.0,1.77
14504,United Kingdom,2011-03-06,48,4,673.26,168.32,0,308.0,85,4,2011-03-06,2011-10-23,231,Europe,77.0,2.19
14505,United Kingdom,2009-12-09,18,19,11879.08,625.21,0,5325.0,898,19,2009-12-09,2011-11-22,713,Europe,280.26,2.23
14506,United Kingdom,2010-04-19,18,7,2960.25,422.89,0,936.0,251,7,2010-04-19,2011-11-22,582,Europe,133.71,3.16
14507,United Kingdom,2009-12-10,24,11,3216.74,292.43,0,1491.0,182,11,2009-12-10,2011-11-16,706,Europe,135.55,2.16
14508,United Kingdom,2010-06-17,23,5,822.92,164.58,0,347.0,142,5,2010-06-17,2011-11-17,518,Europe,69.4,2.37
14509,United Kingdom,2010-06-23,535,1,110.95,110.95,1,38.0,25,1,2010-06-23,2010-06-23,0,Europe,38.0,2.92
14510,United Kingdom,2010-09-29,376,3,979.85,326.62,1,793.0,67,3,2010-09-29,2010-11-29,61,Europe,264.33,1.24
14511,United Kingdom,2011-07-29,12,5,1314.81,262.96,0,784.0,53,5,2011-07-29,2011-11-28,122,Europe,156.8,1.68
14512,United Kingdom,2009-12-07,188,7,1215.97,173.71,1,736.0,55,7,2009-12-07,2011-06-05,545,Europe,105.14,1.65
14513,United Kingdom,2010-05-20,101,6,788.01,131.34,0,593.0,15,6,2010-05-20,2011-08-31,468,Europe,98.83,1.33
14514,United Kingdom,2009-12-13,62,9,4380.04,486.67,0,2362.0,212,9,2009-12-13,2011-10-09,665,Europe,262.44,1.85
14515,United Kingdom,2010-06-07,18,12,3724.06,310.34,0,1893.0,109,12,2010-06-07,2011-11-22,533,Europe,157.75,1.97
14516,United Kingdom,2010-07-11,517,1,151.17,151.17,1,63.0,35,1,2010-07-11,2010-07-11,0,Europe,63.0,2.4
14517,United Kingdom,2011-07-21,34,2,330.45,165.23,0,91.0,17,2,2011-07-21,2011-11-06,108,Europe,45.5,3.63
14518,United Kingdom,2011-10-06,65,1,174.37,174.37,0,278.0,16,1,2011-10-06,2011-10-06,0,Europe,278.0,0.63
14519,United Kingdom,2009-12-11,684,2,203.14,101.57,1,81.0,38,2,2009-12-11,2010-01-25,45,Europe,40.5,2.51
14520,United Kingdom,2011-02-22,2,2,270.6,135.3,0,146.0,3,2,2011-02-22,2011-12-08,289,Europe,73.0,1.85
14521,United Kingdom,2010-08-05,492,1,199.45,199.45,1,211.0,17,1,2010-08-05,2010-08-05,0,Europe,211.0,0.95
14522,United Kingdom,2010-01-24,25,8,1748.42,218.55,0,956.0,34,8,2010-01-24,2011-11-15,660,Europe,119.5,1.83
14523,United Kingdom,2011-08-23,109,1,241.09,241.09,1,251.0,12,1,2011-08-23,2011-08-23,0,Europe,251.0,0.96
14524,United Kingdom,2010-10-19,32,13,2909.86,223.84,0,1169.0,250,13,2010-10-19,2011-11-08,385,Europe,89.92,2.49
14525,United Kingdom,2009-12-13,20,17,8026.54,472.15,0,5106.0,340,17,2009-12-13,2011-11-20,707,Europe,300.35,1.57
14526,United Kingdom,2010-11-15,390,1,258.65,258.65,1,178.0,41,1,2010-11-15,2010-11-15,0,Europe,178.0,1.45
14527,United Kingdom,2009-12-02,3,122,27246.88,223.34,0,6647.0,607,122,2009-12-02,2011-12-07,735,Europe,54.48,4.1
14528,United Kingdom,2011-11-02,38,1,364.22,364.22,0,278.0,18,1,2011-11-02,2011-11-02,0,Europe,278.0,1.31
14529,United Kingdom,2011-08-21,61,3,578.61,192.87,0,325.0,177,3,2011-08-21,2011-10-10,50,Europe,108.33,1.78
14530,United Kingdom,2010-01-21,26,16,6088.87,380.55,0,2989.0,269,16,2010-01-21,2011-11-14,662,Europe,186.81,2.04
14531,United Kingdom,2010-08-17,480,1,376.34,376.34,1,260.0,29,1,2010-08-17,2010-08-17,0,Europe,260.0,1.45
14532,United Kingdom,2010-01-10,237,11,3845.78,349.62,1,1111.0,209,11,2010-01-10,2011-04-17,462,Europe,101.0,3.46
14533,United Kingdom,2010-04-08,25,11,3466.37,315.12,0,6038.0,74,11,2010-04-08,2011-11-15,586,Europe,548.91,0.57
14534,United Kingdom,2010-03-15,3,26,6187.66,237.99,0,2822.0,437,26,2010-03-15,2011-12-07,632,Europe,108.54,2.19
14535,United Kingdom,2010-02-24,61,9,5973.23,663.69,0,3214.0,589,9,2010-02-24,2011-10-10,593,Europe,357.11,1.86
14536,United Kingdom,2011-03-25,260,1,170.95,170.95,1,39.0,18,1,2011-03-25,2011-03-25,0,Europe,39.0,4.38
14537,United Kingdom,2010-03-26,58,2,641.4,320.7,0,228.0,23,2,2010-03-26,2011-10-13,566,Europe,114.0,2.81
14538,United Kingdom,2010-01-25,65,5,1370.84,274.17,0,284.0,45,5,2010-01-25,2011-10-06,619,Europe,56.8,4.83
14539,United Kingdom,2011-10-26,16,2,537.48,268.74,0,428.0,31,2,2011-10-26,2011-11-24,29,Europe,214.0,1.26
14540,United Kingdom,2009-12-07,10,11,3709.64,337.24,0,1595.0,197,11,2009-12-07,2011-11-30,723,Europe,145.0,2.33
14541,United Kingdom,2010-01-07,59,14,2491.38,177.96,0,1123.0,99,14,2010-01-07,2011-10-12,643,Europe,80.21,2.22
14542,United Kingdom,2011-06-07,186,1,103.25,103.25,1,19.0,5,1,2011-06-07,2011-06-07,0,Europe,19.0,5.43
14543,United Kingdom,2009-12-01,29,39,14587.87,374.05,0,2639.0,106,39,2009-12-01,2011-11-11,710,Europe,67.67,5.53
14544,United Kingdom,2010-08-26,25,3,2938.53,979.51,0,2412.0,148,3,2010-08-26,2011-11-15,446,Europe,804.0,1.22
14545,United Kingdom,2010-02-03,675,1,349.25,349.25,1,236.0,23,1,2010-02-03,2010-02-03,0,Europe,236.0,1.48
14546,United Kingdom,2009-12-06,6,11,5184.84,471.35,0,2688.0,410,11,2009-12-06,2011-12-04,728,Europe,244.36,1.93
14547,United Kingdom,2011-10-16,4,8,3974.75,496.84,0,2639.0,198,8,2011-10-16,2011-12-06,51,Europe,329.88,1.51
14548,United Kingdom,2009-12-06,151,9,2541.29,282.37,0,986.0,66,9,2009-12-06,2011-07-12,583,Europe,109.56,2.58
14549,United Kingdom,2009-12-02,312,4,913.6,228.4,1,394.0,117,4,2009-12-02,2011-02-01,426,Europe,98.5,2.32
14550,United Kingdom,2010-08-13,11,4,1345.06,336.27,0,771.0,77,4,2010-08-13,2011-11-29,473,Europe,192.75,1.74
14551,United Kingdom,2010-01-27,19,7,878.09,125.44,0,486.0,69,7,2010-01-27,2011-11-21,663,Europe,69.43,1.81
14552,United Kingdom,2010-04-26,152,3,507.93,169.31,0,258.0,124,3,2010-04-26,2011-07-11,441,Europe,86.0,1.97
14553,United Kingdom,2010-07-18,20,9,1818.6,202.07,0,1118.0,233,9,2010-07-18,2011-11-20,490,Europe,124.22,1.63
14554,United Kingdom,2011-10-18,11,4,2279.49,569.87,0,1443.0,147,4,2011-10-18,2011-11-29,42,Europe,360.75,1.58
14555,United Kingdom,2009-12-18,58,6,2304.03,384.01,0,842.0,94,6,2009-12-18,2011-10-13,664,Europe,140.33,2.74
14556,United Kingdom,2010-01-20,597,3,815.69,271.9,1,323.0,158,3,2010-01-20,2010-04-22,92,Europe,107.67,2.53
14557,United Kingdom,2011-09-15,86,1,788.38,788.38,0,510.0,16,1,2011-09-15,2011-09-15,0,Europe,510.0,1.55
14558,United Kingdom,2009-12-08,655,3,655.5,218.5,1,162.0,13,3,2009-12-08,2010-02-23,77,Europe,54.0,4.05
14559,United Kingdom,2010-11-14,391,1,75.6,75.6,1,72.0,2,1,2010-11-14,2010-11-14,0,Europe,72.0,1.05
14560,United Kingdom,2009-12-02,8,44,6114.03,138.96,0,4580.0,60,44,2009-12-02,2011-12-02,730,Europe,104.09,1.33
14561,United Kingdom,2011-06-08,76,3,1080.76,360.25,0,1014.0,67,3,2011-06-08,2011-09-25,109,Europe,338.0,1.07
14562,United Kingdom,2010-02-07,4,26,6638.15,255.31,0,2574.0,245,26,2010-02-07,2011-12-06,667,Europe,99.0,2.58
14563,United Kingdom,2010-04-26,510,2,640.54,320.27,1,279.0,95,2,2010-04-26,2010-07-18,83,Europe,139.5,2.3
14564,Channel Islands,2009-12-04,435,2,2605.62,1302.81,1,1295.0,107,2,2009-12-04,2010-10-01,301,Europe,647.5,2.01
14565,United Kingdom,2010-08-23,96,5,3859.22,771.84,0,1940.0,139,5,2010-08-23,2011-09-05,378,Europe,388.0,1.99
14566,Channel Islands,2010-06-24,111,4,4092.0,1023.0,0,2400.0,9,4,2010-06-24,2011-08-21,423,Europe,600.0,1.71
14567,United Kingdom,2011-08-01,57,2,1530.36,765.18,0,412.0,33,2,2011-08-01,2011-10-14,74,Europe,206.0,3.71
14568,Channel Islands,2010-09-30,436,1,919.7,919.7,1,645.0,47,1,2010-09-30,2010-09-30,0,Europe,645.0,1.43
14569,United Kingdom,2010-04-15,2,4,597.33,149.33,0,257.0,31,4,2010-04-15,2011-12-08,602,Europe,64.25,2.32
14570,United Kingdom,2010-09-22,281,3,613.75,204.58,1,431.0,64,3,2010-09-22,2011-03-04,163,Europe,143.67,1.42
14571,United Kingdom,2010-10-10,426,1,160.0,160.0,1,56.0,30,1,2010-10-10,2010-10-10,0,Europe,56.0,2.86
14572,United Kingdom,2010-03-28,4,11,5526.88,502.44,0,2878.0,336,11,2010-03-28,2011-12-06,618,Europe,261.64,1.92
14573,United Kingdom,2010-01-08,180,13,2163.12,166.39,0,683.0,183,13,2010-01-08,2011-06-13,521,Europe,52.54,3.17
14574,United Kingdom,2009-12-07,733,1,143.7,143.7,1,63.0,11,1,2009-12-07,2009-12-07,0,Europe,63.0,2.28
14575,United Kingdom,2010-08-08,489,1,420.22,420.22,1,163.0,71,1,2010-08-08,2010-08-08,0,Europe,163.0,2.58
14576,United Kingdom,2010-12-02,373,1,35.4,35.4,1,12.0,1,1,2010-12-02,2010-12-02,0,Europe,12.0,2.95
14577,United Kingdom,2009-12-11,13,7,1364.15,194.88,0,569.0,104,7,2009-12-11,2011-11-27,716,Europe,81.29,2.4
14578,United Kingdom,2011-12-06,4,1,168.63,168.63,0,240.0,24,1,2011-12-06,2011-12-06,0,Europe,240.0,0.7
14579,United Kingdom,2010-10-03,433,1,105.56,105.56,1,56.0,24,1,2010-10-03,2010-10-03,0,Europe,56.0,1.89
14580,United Kingdom,2010-07-09,519,1,14.85,14.85,1,3.0,1,1,2010-07-09,2010-07-09,0,Europe,3.0,4.95
14581,United Kingdom,2010-06-13,17,2,409.65,204.83,0,304.0,59,2,2010-06-13,2011-11-23,528,Europe,152.0,1.35
14582,United Kingdom,2011-10-30,41,1,114.11,114.11,0,73.0,6,1,2011-10-30,2011-10-30,0,Europe,73.0,1.56
14583,United Kingdom,2010-03-28,6,8,1660.29,207.54,0,1071.0,353,8,2010-03-28,2011-12-04,616,Europe,133.88,1.55
14584,United Kingdom,2010-02-17,170,8,1738.16,217.27,0,960.0,127,8,2010-02-17,2011-06-23,491,Europe,120.0,1.81
14585,United Kingdom,2010-10-19,51,5,1143.27,228.65,0,630.0,88,5,2010-10-19,2011-10-20,366,Europe,126.0,1.81
14586,United Kingdom,2011-03-08,277,1,237.36,237.36,1,444.0,19,1,2011-03-08,2011-03-08,0,Europe,444.0,0.53
14587,United Kingdom,2011-01-12,19,9,1580.29,175.59,0,749.0,170,9,2011-01-12,2011-11-21,313,Europe,83.22,2.11
14588,United Kingdom,2010-05-10,579,1,135.39,135.39,1,62.0,16,1,2010-05-10,2010-05-10,0,Europe,62.0,2.18
14589,United Kingdom,2010-12-03,372,1,39.75,39.75,1,5.0,3,1,2010-12-03,2010-12-03,0,Europe,5.0,7.95
14590,United Kingdom,2009-12-07,425,20,2993.37,149.67,1,901.0,124,20,2009-12-07,2010-10-11,308,Europe,45.05,3.32
14591,United Kingdom,2011-05-10,16,4,1320.21,330.05,0,1228.0,138,4,2011-05-10,2011-11-24,198,Europe,307.0,1.08
14592,United Kingdom,2011-10-06,36,3,557.94,185.98,0,407.0,132,3,2011-10-06,2011-11-04,29,Europe,135.67,1.37
14593,United Kingdom,2009-12-09,22,12,3665.53,305.46,0,1848.0,436,12,2009-12-09,2011-11-18,709,Europe,154.0,1.98
14594,United Kingdom,2010-12-01,8,2,363.33,181.67,0,183.0,48,2,2010-12-01,2011-12-02,366,Europe,91.5,1.99
14595,United Kingdom,2010-01-20,20,8,2164.45,270.56,0,1228.0,119,8,2010-01-20,2011-11-20,669,Europe,153.5,1.76
14596,United Kingdom,2010-03-23,627,1,222.22,222.22,1,75.0,50,1,2010-03-23,2010-03-23,0,Europe,75.0,2.96
14597,United Kingdom,2010-09-28,12,6,2184.63,364.11,0,1436.0,79,6,2010-09-28,2011-11-28,426,Europe,239.33,1.52
14598,United Kingdom,2010-05-19,45,2,384.04,192.02,0,354.0,83,2,2010-05-19,2011-10-26,525,Europe,177.0,1.08
14599,United Kingdom,2010-07-18,391,2,457.89,228.95,1,292.0,77,2,2010-07-18,2010-11-14,119,Europe,146.0,1.57
14600,United Kingdom,2010-11-11,306,2,865.17,432.59,1,487.0,53,2,2010-11-11,2011-02-07,88,Europe,243.5,1.78
14601,United Kingdom,2011-11-29,11,1,213.96,213.96,0,168.0,7,1,2011-11-29,2011-11-29,0,Europe,168.0,1.27
14602,United Kingdom,2010-02-21,657,1,205.36,205.36,1,80.0,31,1,2010-02-21,2010-02-21,0,Europe,80.0,2.57
14603,United Kingdom,2011-03-10,275,1,660.0,660.0,1,400.0,2,1,2011-03-10,2011-03-10,0,Europe,400.0,1.65
14604,United Kingdom,2010-03-16,634,1,143.86,143.86,1,88.0,20,1,2010-03-16,2010-03-16,0,Europe,88.0,1.63
14605,United Kingdom,2009-12-08,375,4,921.56,230.39,1,416.0,88,4,2009-12-08,2010-11-30,357,Europe,104.0,2.22
14606,United Kingdom,2009-12-03,2,192,29951.37,156.0,0,15217.0,1262,192,2009-12-03,2011-12-08,735,Europe,79.26,1.97
14607,United Kingdom,2009-12-15,16,22,23763.13,1080.14,0,15335.0,106,22,2009-12-15,2011-11-24,709,Europe,697.05,1.55
14608,United Kingdom,2009-12-06,5,11,3352.94,304.81,0,927.0,15,11,2009-12-06,2011-12-05,729,Europe,84.27,3.62
14609,United Kingdom,2010-02-09,73,10,1486.2,148.62,0,12720.0,6,10,2010-02-09,2011-09-28,596,Europe,1272.0,0.12
14610,United Kingdom,2010-07-13,396,2,24.35,12.18,1,15.0,10,2,2010-07-13,2010-11-09,119,Europe,7.5,1.62
14611,United Kingdom,2010-04-20,444,2,604.33,302.17,1,582.0,37,2,2010-04-20,2010-09-22,155,Europe,291.0,1.04
14612,United Kingdom,2010-10-20,416,1,877.7,877.7,1,134.0,14,1,2010-10-20,2010-10-20,0,Europe,134.0,6.55
14613,United Kingdom,2010-01-28,681,1,76.32,76.32,1,72.0,1,1,2010-01-28,2010-01-28,0,Europe,72.0,1.06
14614,United Kingdom,2010-11-18,387,1,295.13,295.13,1,189.0,19,1,2010-11-18,2010-11-18,0,Europe,189.0,1.56
14615,United Kingdom,2010-06-09,395,5,951.76,190.35,1,495.0,40,5,2010-06-09,2010-11-10,154,Europe,99.0,1.92
14616,United Kingdom,2010-06-09,243,5,527.78,105.56,1,170.0,3,5,2010-06-09,2011-04-11,306,Europe,34.0,3.1
14617,United Kingdom,2010-10-20,403,2,190.47,95.24,1,81.0,7,2,2010-10-20,2010-11-02,13,Europe,40.5,2.35
14618,United Kingdom,2010-06-11,10,7,1342.32,191.76,0,704.0,40,7,2010-06-11,2011-11-30,537,Europe,100.57,1.91
14619,United Kingdom,2010-06-16,246,2,1291.24,645.62,1,594.0,58,2,2010-06-16,2011-04-08,296,Europe,297.0,2.17
14620,United Kingdom,2011-03-01,206,2,412.78,206.39,1,214.0,26,2,2011-03-01,2011-05-18,78,Europe,107.0,1.93
14621,United Kingdom,2010-01-25,2,9,3000.57,333.4,0,1706.0,134,9,2010-01-25,2011-12-08,682,Europe,189.56,1.76
14622,United Kingdom,2011-06-08,185,1,320.58,320.58,1,146.0,21,1,2011-06-08,2011-06-08,0,Europe,146.0,2.2
14623,United Kingdom,2010-04-16,33,10,2016.98,201.7,0,1025.0,193,10,2010-04-16,2011-11-07,570,Europe,102.5,1.97
14624,United Kingdom,2010-04-14,58,6,814.07,135.68,0,645.0,39,6,2010-04-14,2011-10-13,547,Europe,107.5,1.26
14625,United Kingdom,2009-12-16,197,11,4497.88,408.9,1,2155.0,167,11,2009-12-16,2011-05-27,527,Europe,195.91,2.09
14626,United Kingdom,2009-12-10,24,11,5410.92,491.9,0,3135.0,181,11,2009-12-10,2011-11-16,706,Europe,285.0,1.73
14627,United Kingdom,2010-11-25,380,1,462.75,462.75,1,284.0,29,1,2010-11-25,2010-11-25,0,Europe,284.0,1.63
14628,United Kingdom,2010-01-25,92,5,1998.0,399.6,0,1147.0,65,5,2010-01-25,2011-09-09,592,Europe,229.4,1.74
14629,United Kingdom,2011-10-23,5,2,955.26,477.63,0,378.0,133,2,2011-10-23,2011-12-05,43,Europe,189.0,2.53
14630,United Kingdom,2010-08-12,485,1,338.65,338.65,1,111.0,21,1,2010-08-12,2010-08-12,0,Europe,111.0,3.05
14631,United Kingdom,2010-08-09,51,6,2025.69,337.62,0,1407.0,65,6,2010-08-09,2011-10-20,437,Europe,234.5,1.44
14632,United Kingdom,2011-03-22,263,1,114.56,114.56,1,96.0,8,1,2011-03-22,2011-03-22,0,Europe,96.0,1.19
14633,United Kingdom,2011-03-18,267,1,344.9,344.9,1,96.0,20,1,2011-03-18,2011-03-18,0,Europe,96.0,3.59
14634,United Kingdom,2010-06-16,438,4,2124.46,531.12,1,1906.0,105,4,2010-06-16,2010-09-28,104,Europe,476.5,1.11
14635,United Kingdom,2010-09-12,454,1,215.22,215.22,1,118.0,15,1,2010-09-12,2010-09-12,0,Europe,118.0,1.82
14636,United Kingdom,2011-03-16,37,2,609.85,304.93,0,241.0,27,2,2011-03-16,2011-11-03,232,Europe,120.5,2.53
14637,United Kingdom,2010-01-31,678,1,106.68,106.68,1,100.0,7,1,2010-01-31,2010-01-31,0,Europe,100.0,1.07
14638,United Kingdom,2011-10-20,51,1,443.6,443.6,0,166.0,16,1,2011-10-20,2011-10-20,0,Europe,166.0,2.67
14639,United Kingdom,2010-02-16,53,9,4978.96,553.22,0,2410.0,203,9,2010-02-16,2011-10-18,609,Europe,267.78,2.07
14640,United Kingdom,2010-01-22,25,10,3649.36,364.94,0,1645.0,165,10,2010-01-22,2011-11-15,662,Europe,164.5,2.22
14641,United Kingdom,2011-11-18,22,1,110.46,110.46,0,90.0,7,1,2011-11-18,2011-11-18,0,Europe,90.0,1.23
14642,United Kingdom,2011-10-12,59,1,96.12,96.12,0,76.0,2,1,2011-10-12,2011-10-12,0,Europe,76.0,1.26
14643,United Kingdom,2009-12-11,171,5,1679.89,335.98,0,1377.0,57,5,2009-12-11,2011-06-22,558,Europe,275.4,1.22
14644,United Kingdom,2009-12-03,68,7,2247.72,321.1,0,770.0,50,7,2009-12-03,2011-10-03,669,Europe,110.0,2.92
14645,United Kingdom,2010-03-15,157,3,876.89,292.3,0,587.0,45,3,2010-03-15,2011-07-06,478,Europe,195.67,1.49
14646,Netherlands,2009-12-02,2,151,528602.52,3500.68,0,367193.0,961,151,2009-12-02,2011-12-08,736,Europe,2431.74,1.44
14647,United Kingdom,2010-07-04,202,2,506.04,253.02,1,175.0,42,2,2010-07-04,2011-05-22,322,Europe,87.5,2.89
14648,United Kingdom,2009-12-10,417,15,4466.65,297.78,1,3265.0,286,15,2009-12-10,2010-10-19,313,Europe,217.67,1.37
14649,United Kingdom,2010-01-20,5,9,3651.19,405.69,0,2415.0,374,9,2010-01-20,2011-12-05,684,Europe,268.33,1.51
14650,United Kingdom,2010-04-29,590,1,62.5,62.5,1,22.0,4,1,2010-04-29,2010-04-29,0,Europe,22.0,2.84
14651,United Kingdom,2010-03-18,68,9,2025.52,225.06,0,880.0,216,9,2010-03-18,2011-10-03,564,Europe,97.78,2.3
14652,United Kingdom,2011-09-23,78,1,114.18,114.18,0,53.0,29,1,2011-09-23,2011-09-23,0,Europe,53.0,2.15
14653,United Kingdom,2009-12-02,2,12,3593.06,299.42,0,1969.0,271,12,2009-12-02,2011-12-08,736,Europe,164.08,1.82
14654,United Kingdom,2009-12-01,739,1,246.86,246.86,1,273.0,27,1,2009-12-01,2009-12-01,0,Europe,273.0,0.9
14655,United Kingdom,2010-04-22,9,7,3878.51,554.07,0,2341.0,72,7,2010-04-22,2011-12-01,588,Europe,334.43,1.66
14656,United Kingdom,2010-04-15,170,5,790.0,158.0,0,309.0,148,5,2010-04-15,2011-06-23,434,Europe,61.8,2.56
14657,United Kingdom,2010-09-30,18,6,1450.19,241.7,0,879.0,143,6,2010-09-30,2011-11-22,418,Europe,146.5,1.65
14658,United Kingdom,2011-08-14,6,2,247.15,123.58,0,47.0,27,2,2011-08-14,2011-12-04,112,Europe,23.5,5.26
14659,United Kingdom,2011-01-28,9,9,2529.93,281.1,0,1195.0,147,9,2011-01-28,2011-12-01,307,Europe,132.78,2.12
14660,United Kingdom,2011-08-31,87,2,285.74,142.87,0,228.0,24,2,2011-08-31,2011-09-14,14,Europe,114.0,1.25
14661,United Kingdom,2011-11-13,27,1,107.95,107.95,0,35.0,4,1,2011-11-13,2011-11-13,0,Europe,35.0,3.08
14662,United Kingdom,2009-12-03,29,7,1376.43,196.63,0,907.0,199,7,2009-12-03,2011-11-11,708,Europe,129.57,1.52
14663,United Kingdom,2010-10-05,431,2,490.6,245.3,1,397.0,60,2,2010-10-05,2010-10-05,0,Europe,198.5,1.24
14664,United Kingdom,2011-11-06,20,2,636.24,318.12,0,465.0,78,2,2011-11-06,2011-11-20,14,Europe,232.5,1.37
14665,United Kingdom,2010-04-26,61,7,2749.65,392.81,0,1144.0,94,7,2010-04-26,2011-10-10,532,Europe,163.43,2.4
14666,United Kingdom,2011-11-15,25,1,195.25,195.25,0,161.0,14,1,2011-11-15,2011-11-15,0,Europe,161.0,1.21
14667,United Kingdom,2009-12-02,11,54,20395.34,377.69,0,11939.0,578,54,2009-12-02,2011-11-29,727,Europe,221.09,1.71
14668,United Kingdom,2010-09-20,446,1,111.63,111.63,1,49.0,10,1,2010-09-20,2010-09-20,0,Europe,49.0,2.28
14669,United Kingdom,2009-12-02,242,7,3216.78,459.54,1,2043.0,334,7,2009-12-02,2011-04-12,496,Europe,291.86,1.57
14670,United Kingdom,2009-12-07,281,3,583.33,194.44,1,423.0,159,3,2009-12-07,2011-03-04,452,Europe,141.0,1.38
14671,United Kingdom,2010-05-20,550,2,1127.45,563.73,1,571.0,48,2,2010-05-20,2010-06-08,19,Europe,285.5,1.97
14672,United Kingdom,2010-01-28,235,4,1113.14,278.29,1,646.0,93,4,2010-01-28,2011-04-19,446,Europe,161.5,1.72
14673,United Kingdom,2010-10-26,4,7,3037.32,433.9,0,1822.0,86,7,2010-10-26,2011-12-06,406,Europe,260.29,1.67
14674,United Kingdom,2010-07-18,510,1,173.66,173.66,1,103.0,14,1,2010-07-18,2010-07-18,0,Europe,103.0,1.69
14675,United Kingdom,2010-11-16,17,2,1015.58,507.79,0,660.0,196,2,2010-11-16,2011-11-23,372,Europe,330.0,1.54
14676,United Kingdom,2010-03-10,32,12,8356.79,696.4,0,8792.0,77,12,2010-03-10,2011-11-08,608,Europe,732.67,0.95
14677,United Kingdom,2010-04-26,593,1,184.91,184.91,1,139.0,14,1,2010-04-26,2010-04-26,0,Europe,139.0,1.33
14678,United Kingdom,2010-05-09,580,1,403.39,403.39,1,179.0,24,1,2010-05-09,2010-05-09,0,Europe,179.0,2.25
14679,United Kingdom,2009-12-08,382,3,1289.44,429.81,1,794.0,49,3,2009-12-08,2010-11-23,350,Europe,264.67,1.62
14680,United Kingdom,2009-12-04,26,58,55688.5,960.15,0,26894.0,222,58,2009-12-04,2011-11-14,710,Europe,463.69,2.07
14681,United Kingdom,2010-02-24,72,6,875.15,145.86,0,172.0,19,6,2010-02-24,2011-09-29,582,Europe,28.67,5.09
14682,United Kingdom,2010-02-05,188,6,1514.81,252.47,1,949.0,79,6,2010-02-05,2011-06-05,485,Europe,158.17,1.6
14683,United Kingdom,2010-04-30,589,1,146.56,146.56,1,386.0,21,1,2010-04-30,2010-04-30,0,Europe,386.0,0.38
14684,United Kingdom,2010-11-14,26,6,1430.03,238.34,0,1005.0,272,6,2010-11-14,2011-11-14,365,Europe,167.5,1.42
14685,United Kingdom,2009-12-13,577,8,4536.64,567.08,1,1969.0,109,8,2009-12-13,2010-05-12,150,Europe,246.13,2.3
14686,United Kingdom,2010-02-18,415,5,852.53,170.51,1,457.0,185,5,2010-02-18,2010-10-21,245,Europe,91.4,1.87
14687,United Kingdom,2010-06-06,107,3,1402.06,467.35,0,850.0,34,3,2010-06-06,2011-08-25,445,Europe,283.33,1.65
14688,United Kingdom,2010-09-09,8,28,7190.42,256.8,0,5041.0,197,28,2010-09-09,2011-12-02,449,Europe,180.04,1.43
14689,United Kingdom,2011-05-15,209,1,112.8,112.8,1,76.0,13,1,2011-05-15,2011-05-15,0,Europe,76.0,1.48
14690,United Kingdom,2010-10-25,45,4,777.68,194.42,0,341.0,69,4,2010-10-25,2011-10-26,366,Europe,85.25,2.28
14691,United Kingdom,2011-05-11,31,5,2114.33,422.87,0,707.0,50,5,2011-05-11,2011-11-09,182,Europe,141.4,2.99
14692,United Kingdom,2010-04-01,138,12,1715.14,142.93,0,890.0,101,12,2010-04-01,2011-07-25,480,Europe,74.17,1.93
14693,United Kingdom,2010-07-02,265,7,1165.36,166.48,1,388.0,43,7,2010-07-02,2011-03-20,261,Europe,55.43,3.0
14694,United Kingdom,2010-04-01,618,1,244.31,244.31,1,193.0,15,1,2010-04-01,2010-04-01,0,Europe,193.0,1.27
14695,United Kingdom,2009-12-07,520,3,1534.22,511.41,1,661.0,76,3,2009-12-07,2010-07-08,213,Europe,220.33,2.32
14696,United Kingdom,2010-10-14,5,8,2473.28,309.16,0,1867.0,137,8,2010-10-14,2011-12-05,417,Europe,233.38,1.32
14697,United Kingdom,2011-05-05,219,2,188.61,94.31,1,181.0,22,2,2011-05-05,2011-05-05,0,Europe,90.5,1.04
14698,United Kingdom,2011-10-19,2,5,1217.27,243.45,0,602.0,148,5,2011-10-19,2011-12-08,50,Europe,120.4,2.02
14699,United Kingdom,2010-07-02,215,4,702.6,175.65,1,484.0,45,4,2010-07-02,2011-05-09,311,Europe,121.0,1.45
14700,United Kingdom,2010-08-11,33,5,3076.06,615.21,0,1606.0,111,5,2010-08-11,2011-11-07,453,Europe,321.2,1.92
14701,United Kingdom,2010-01-24,11,15,4487.11,299.14,0,1744.0,455,15,2010-01-24,2011-11-29,674,Europe,116.27,2.57
14702,United Kingdom,2009-12-10,2,29,6368.78,219.61,0,2878.0,338,29,2009-12-10,2011-12-08,728,Europe,99.24,2.21
14703,United Kingdom,2011-11-25,15,1,318.17,318.17,0,183.0,22,1,2011-11-25,2011-11-25,0,Europe,183.0,1.74
14704,United Kingdom,2010-03-25,12,11,1752.92,159.36,0,1164.0,319,11,2010-03-25,2011-11-28,613,Europe,105.82,1.51
14705,United Kingdom,2011-05-25,199,1,179.0,179.0,1,100.0,1,1,2011-05-25,2011-05-25,0,Europe,100.0,1.79
14706,United Kingdom,2010-03-31,619,1,367.54,367.54,1,246.0,25,1,2010-03-31,2010-03-31,0,Europe,246.0,1.49
14707,United Kingdom,2010-05-12,436,2,139.2,69.6,1,96.0,1,2,2010-05-12,2010-09-30,141,Europe,48.0,1.45
14708,United Kingdom,2010-09-10,3,5,1793.22,358.64,0,1159.0,27,5,2010-09-10,2011-12-07,453,Europe,231.8,1.55
14709,United Kingdom,2009-12-05,16,25,8886.33,355.45,0,4141.0,105,25,2009-12-05,2011-11-24,719,Europe,165.64,2.15
14710,United Kingdom,2009-12-03,15,13,1899.79,146.14,0,1135.0,310,13,2009-12-03,2011-11-25,722,Europe,87.31,1.67
14711,United Kingdom,2011-03-22,11,11,2839.62,258.15,0,966.0,221,11,2011-03-22,2011-11-29,252,Europe,87.82,2.94
14712,United Kingdom,2010-10-17,30,4,1328.07,332.02,0,411.0,24,4,2010-10-17,2011-11-10,389,Europe,102.75,3.23
14713,United Kingdom,2009-12-03,10,21,5115.76,243.61,0,3329.0,222,21,2009-12-03,2011-11-30,727,Europe,158.52,1.54
14714,United Kingdom,2010-01-21,25,4,906.24,226.56,0,642.0,64,4,2010-01-21,2011-11-15,663,Europe,160.5,1.41
14715,United Kingdom,2010-01-19,25,8,1825.45,228.18,0,1030.0,102,8,2010-01-19,2011-11-15,665,Europe,128.75,1.77
14716,United Kingdom,2010-09-21,44,3,543.28,181.09,0,643.0,85,3,2010-09-21,2011-10-27,401,Europe,214.33,0.84
14717,United Kingdom,2009-12-06,734,1,81.3,81.3,1,32.0,11,1,2009-12-06,2009-12-06,0,Europe,32.0,2.54
14718,United Kingdom,2010-10-25,411,1,226.42,226.42,1,202.0,11,1,2010-10-25,2010-10-25,0,Europe,202.0,1.12
14719,United Kingdom,2011-04-04,2,5,1581.84,316.37,0,1025.0,177,5,2011-04-04,2011-12-08,248,Europe,205.0,1.54
14720,United Kingdom,2011-08-05,6,3,663.81,221.27,0,219.0,34,3,2011-08-05,2011-12-04,121,Europe,73.0,3.03
14721,United Kingdom,2010-11-25,380,1,109.07,109.07,1,57.0,24,1,2010-11-25,2010-11-25,0,Europe,57.0,1.91
14722,United Kingdom,2010-08-10,148,3,489.52,163.17,0,214.0,72,3,2010-08-10,2011-07-15,339,Europe,71.33,2.29
14723,United Kingdom,2009-12-04,11,11,1803.06,163.91,0,1168.0,287,11,2009-12-04,2011-11-29,725,Europe,106.18,1.54
14724,United Kingdom,2010-04-28,591,1,341.9,341.9,1,184.0,40,1,2010-04-28,2010-04-28,0,Europe,184.0,1.86
14725,United Kingdom,2010-06-23,25,4,1252.74,313.19,0,1335.0,85,4,2010-06-23,2011-11-15,510,Europe,333.75,0.94
14726,United Kingdom,2010-02-23,655,1,116.5,116.5,1,82.0,15,1,2010-02-23,2010-02-23,0,Europe,82.0,1.42
14727,United Kingdom,2010-06-11,275,3,463.73,154.58,1,458.0,43,3,2010-06-11,2011-03-10,272,Europe,152.67,1.01
14728,United Kingdom,2010-10-22,414,1,190.58,190.58,1,68.0,14,1,2010-10-22,2010-10-22,0,Europe,68.0,2.8
14729,United Kingdom,2010-03-24,374,3,586.24,195.41,1,372.0,126,3,2010-03-24,2010-12-01,252,Europe,124.0,1.58
14730,United Kingdom,2011-03-08,2,8,1897.57,237.2,0,1078.0,317,8,2011-03-08,2011-12-08,275,Europe,134.75,1.76
14731,United Kingdom,2011-05-11,48,3,380.02,126.67,0,256.0,38,3,2011-05-11,2011-10-23,165,Europe,85.33,1.48
14732,United Kingdom,2009-12-09,9,19,5517.07,290.37,0,2273.0,162,19,2009-12-09,2011-12-01,722,Europe,119.63,2.43
14733,United Kingdom,2010-11-02,17,15,14335.15,955.68,0,5799.0,140,15,2010-11-02,2011-11-23,386,Europe,386.6,2.47
14734,United Kingdom,2010-06-06,426,4,1056.42,264.11,1,378.0,48,4,2010-06-06,2010-10-10,126,Europe,94.5,2.79
14735,United Kingdom,2009-12-04,4,56,12240.16,218.57,0,4513.0,198,56,2009-12-04,2011-12-06,732,Europe,80.59,2.71
14736,United Kingdom,2010-08-11,486,2,374.05,187.03,1,148.0,70,2,2010-08-11,2010-08-11,0,Europe,74.0,2.53
14737,United Kingdom,2010-11-04,4,4,3554.17,888.54,0,1071.0,28,4,2010-11-04,2011-12-06,397,Europe,267.75,3.32
14738,United Kingdom,2009-12-07,43,9,1821.9,202.43,0,757.0,58,9,2009-12-07,2011-10-28,690,Europe,84.11,2.41
14739,United Kingdom,2009-12-02,5,25,11573.62,462.94,0,9696.0,129,25,2009-12-02,2011-12-05,733,Europe,387.84,1.19
14740,United Kingdom,2010-02-25,198,11,4161.06,378.28,1,2081.0,173,11,2010-02-25,2011-05-26,455,Europe,189.18,2.0
14741,United Kingdom,2010-10-18,12,7,1713.09,244.73,0,1006.0,48,7,2010-10-18,2011-11-28,406,Europe,143.71,1.7
14742,United Kingdom,2010-09-30,436,1,579.85,579.85,1,374.0,34,1,2010-09-30,2010-09-30,0,Europe,374.0,1.55
14743,United Kingdom,2010-04-26,593,1,50.48,50.48,1,40.0,3,1,2010-04-26,2010-04-26,0,Europe,40.0,1.26
14744,United Kingdom,2010-05-18,17,14,3660.08,261.43,0,2399.0,57,14,2010-05-18,2011-11-23,554,Europe,171.36,1.53
14745,United Kingdom,2010-03-12,113,12,2551.41,212.62,0,1969.0,74,12,2010-03-12,2011-08-19,525,Europe,164.08,1.3
14746,United Kingdom,2010-10-12,407,4,593.5,148.38,1,398.0,7,4,2010-10-12,2010-10-29,17,Europe,99.5,1.49
14747,United Kingdom,2011-04-04,250,1,328.2,328.2,1,84.0,18,1,2011-04-04,2011-04-04,0,Europe,84.0,3.91
14748,United Kingdom,2010-03-04,30,10,2681.9,268.19,0,2422.0,129,10,2010-03-04,2011-11-10,616,Europe,242.2,1.11
14749,United Kingdom,2010-08-17,480,1,310.15,310.15,1,403.0,18,1,2010-08-17,2010-08-17,0,Europe,403.0,0.77
14750,United Kingdom,2009-12-03,737,1,112.03,112.03,1,65.0,32,1,2009-12-03,2009-12-03,0,Europe,65.0,1.72
14751,United Kingdom,2009-12-13,685,2,126.45,63.23,1,65.0,7,2,2009-12-13,2010-01-24,42,Europe,32.5,1.95
14752,United Kingdom,2011-10-27,44,1,389.64,389.64,0,260.0,5,1,2011-10-27,2011-10-27,0,Europe,260.0,1.5
14753,United Kingdom,2010-09-05,88,2,869.51,434.76,0,412.0,45,2,2010-09-05,2011-09-13,373,Europe,206.0,2.11
14754,United Kingdom,2010-01-18,45,6,1547.93,257.99,0,1010.0,110,6,2010-01-18,2011-10-26,646,Europe,168.33,1.53
14755,United Kingdom,2009-12-03,10,25,9972.55,398.9,0,4401.0,219,25,2009-12-03,2011-11-30,727,Europe,176.04,2.27
14756,United Kingdom,2010-10-11,16,3,2653.76,884.59,0,1423.0,102,3,2010-10-11,2011-11-24,409,Europe,474.33,1.86
14757,United Kingdom,2011-09-25,76,1,420.5,420.5,0,160.0,19,1,2011-09-25,2011-09-25,0,Europe,160.0,2.63
14758,United Kingdom,2010-04-08,145,7,2864.97,409.28,0,840.0,91,7,2010-04-08,2011-07-18,466,Europe,120.0,3.41
14759,United Kingdom,2011-04-21,5,3,1625.97,541.99,0,569.0,92,3,2011-04-21,2011-12-05,228,Europe,189.67,2.86
14760,United Kingdom,2011-02-15,298,1,89.2,89.2,1,40.0,5,1,2011-02-15,2011-02-15,0,Europe,40.0,2.23
14761,United Kingdom,2010-09-21,59,3,447.92,149.31,0,206.0,21,3,2010-09-21,2011-10-12,386,Europe,68.67,2.17
14762,United Kingdom,2010-03-23,264,2,417.57,208.79,1,428.0,28,2,2010-03-23,2011-03-21,363,Europe,214.0,0.98
14764,United Kingdom,2011-10-24,47,1,278.3,278.3,0,190.0,6,1,2011-10-24,2011-10-24,0,Europe,190.0,1.46
14765,United Kingdom,2011-06-16,30,3,254.11,84.7,0,135.0,38,3,2011-06-16,2011-11-10,147,Europe,45.0,1.88
14766,United Kingdom,2010-06-06,9,11,6375.73,579.61,0,3999.0,251,11,2010-06-06,2011-12-01,543,Europe,363.55,1.59
14767,United Kingdom,2010-08-22,475,1,382.81,382.81,1,117.0,18,1,2010-08-22,2010-08-22,0,Europe,117.0,3.27
14768,United Kingdom,2011-08-04,18,2,192.6,96.3,0,52.0,4,2,2011-08-04,2011-11-22,110,Europe,26.0,3.7
14769,United Kingdom,2009-12-16,3,17,15514.11,912.59,0,11056.0,834,17,2009-12-16,2011-12-07,721,Europe,650.35,1.4
14770,United Kingdom,2010-02-25,233,8,3637.64,454.71,1,1598.0,152,8,2010-02-25,2011-04-21,420,Europe,199.75,2.28
14771,United Kingdom,2009-12-03,622,2,594.62,297.31,1,622.0,46,2,2009-12-03,2010-03-28,115,Europe,311.0,0.96
14772,United Kingdom,2011-08-19,113,1,139.26,139.26,1,82.0,9,1,2011-08-19,2011-08-19,0,Europe,82.0,1.7
14773,United Kingdom,2010-04-26,593,1,140.55,140.55,1,53.0,10,1,2010-04-26,2010-04-26,0,Europe,53.0,2.65
14774,United Kingdom,2010-06-29,529,1,241.45,241.45,1,99.0,13,1,2010-06-29,2010-06-29,0,Europe,99.0,2.44
14775,United Kingdom,2010-12-02,59,3,1011.9,337.3,0,1174.0,57,3,2010-12-02,2011-10-12,314,Europe,391.33,0.86
14776,United Kingdom,2010-09-19,52,15,3708.3,247.22,0,4658.0,68,15,2010-09-19,2011-10-19,395,Europe,310.53,0.8
14777,United Kingdom,2010-11-01,404,1,307.56,307.56,1,212.0,16,1,2010-11-01,2010-11-01,0,Europe,212.0,1.45
14778,United Kingdom,2011-02-04,128,2,730.86,365.43,1,306.0,34,2,2011-02-04,2011-08-04,181,Europe,153.0,2.39
14779,United Kingdom,2011-01-20,281,3,386.15,128.72,1,84.0,40,3,2011-01-20,2011-03-04,43,Europe,28.0,4.6
14780,United Kingdom,2011-09-21,55,2,447.68,223.84,0,310.0,26,2,2011-09-21,2011-10-16,25,Europe,155.0,1.44
14782,United Kingdom,2011-01-24,320,1,200.1,200.1,1,114.0,6,1,2011-01-24,2011-01-24,0,Europe,114.0,1.76
14783,United Kingdom,2010-02-18,660,1,307.3,307.3,1,262.0,17,1,2010-02-18,2010-02-18,0,Europe,262.0,1.17
14784,United Kingdom,2010-11-15,27,3,449.93,149.98,0,363.0,25,3,2010-11-15,2011-11-13,363,Europe,121.0,1.24
14785,United Kingdom,2011-11-24,11,2,77.4,38.7,0,84.0,2,2,2011-11-24,2011-11-29,5,Europe,42.0,0.92
14786,United Kingdom,2010-06-07,551,1,90.96,90.96,1,112.0,7,1,2010-06-07,2010-06-07,0,Europe,112.0,0.81
14787,United Kingdom,2010-08-25,472,1,110.65,110.65,1,59.0,14,1,2010-08-25,2010-08-25,0,Europe,59.0,1.88
14788,United Kingdom,2010-04-22,8,3,1156.32,385.44,0,719.0,53,3,2010-04-22,2011-12-02,589,Europe,239.67,1.61
14789,United Kingdom,2011-11-11,29,1,197.64,197.64,0,116.0,6,1,2011-11-11,2011-11-11,0,Europe,116.0,1.7
14790,United Kingdom,2009-12-11,17,10,2526.62,252.66,0,2642.0,65,10,2009-12-11,2011-11-23,712,Europe,264.2,0.96
14791,United Kingdom,2010-04-12,607,1,303.63,303.63,1,127.0,19,1,2010-04-12,2010-04-12,0,Europe,127.0,2.39
14792,United Kingdom,2011-10-07,64,1,6.2,6.2,1,2.0,2,1,2011-10-07,2011-10-07,0,Europe,2.0,3.1
14793,United Kingdom,2010-06-22,22,2,625.9,312.95,0,361.0,39,2,2010-06-22,2011-11-18,514,Europe,180.5,1.73
14794,United Kingdom,2010-08-09,3,10,1953.9,195.39,0,783.0,85,10,2010-08-09,2011-12-07,485,Europe,78.3,2.5
14795,United Kingdom,2011-06-26,167,1,131.45,131.45,1,17.0,6,1,2011-06-26,2011-06-26,0,Europe,17.0,7.73
14796,United Kingdom,2009-12-14,2,27,10169.33,376.64,0,7188.0,487,27,2009-12-14,2011-12-08,724,Europe,266.22,1.41
14797,United Kingdom,2010-07-20,508,1,300.31,300.31,1,99.0,16,1,2010-07-20,2010-07-20,0,Europe,99.0,3.03
14798,United Kingdom,2010-03-01,53,8,724.31,90.54,0,601.0,30,8,2010-03-01,2011-10-18,596,Europe,75.13,1.21
14799,United Kingdom,2009-12-02,52,2,338.15,169.08,0,495.0,20,2,2009-12-02,2011-10-19,686,Europe,247.5,0.68
14800,United Kingdom,2010-09-30,48,17,7191.33,423.02,0,6501.0,337,17,2010-09-30,2011-10-23,388,Europe,382.41,1.11
14801,United Kingdom,2011-10-09,62,1,189.34,189.34,0,173.0,56,1,2011-10-09,2011-10-09,0,Europe,173.0,1.09
14802,United Kingdom,2010-09-27,439,2,1502.98,751.49,1,2.0,1,2,2010-09-27,2010-09-27,0,Europe,1.0,751.49
14803,United Kingdom,2011-02-20,163,3,845.55,281.85,0,370.0,35,3,2011-02-20,2011-06-30,130,Europe,123.33,2.29
14804,United Kingdom,2011-12-01,9,1,353.27,353.27,0,121.0,12,1,2011-12-01,2011-12-01,0,Europe,121.0,2.92
14805,United Kingdom,2010-03-28,16,7,1082.55,154.65,0,416.0,88,7,2010-03-28,2011-11-24,606,Europe,59.43,2.6
14806,United Kingdom,2010-09-26,76,2,303.43,151.72,0,423.0,17,2,2010-09-26,2011-09-25,364,Europe,211.5,0.72
14807,United Kingdom,2010-02-28,391,2,504.14,252.07,1,234.0,37,2,2010-02-28,2010-11-14,259,Europe,117.0,2.15
14808,United Kingdom,2011-06-20,40,8,2718.6,339.83,0,2120.0,176,8,2011-06-20,2011-10-31,133,Europe,265.0,1.28
14809,United Kingdom,2010-03-28,622,2,686.76,343.38,1,232.0,18,2,2010-03-28,2010-03-28,0,Europe,116.0,2.96
14810,United Kingdom,2010-10-06,41,13,2354.03,181.08,0,1162.0,125,13,2010-10-06,2011-10-30,389,Europe,89.38,2.03
14811,United Kingdom,2010-11-17,388,1,170.5,170.5,1,74.0,28,1,2010-11-17,2010-11-17,0,Europe,74.0,2.3
14812,United Kingdom,2010-04-20,599,1,178.85,178.85,1,135.0,36,1,2010-04-20,2010-04-20,0,Europe,135.0,1.32
14813,United Kingdom,2010-04-08,370,4,888.91,222.23,1,392.0,110,4,2010-04-08,2010-12-05,241,Europe,98.0,2.27
14814,United Kingdom,2010-05-07,582,1,154.21,154.21,1,93.0,28,1,2010-05-07,2010-05-07,0,Europe,93.0,1.66
14815,United Kingdom,2011-10-03,37,2,778.5,389.25,0,744.0,53,2,2011-10-03,2011-11-03,31,Europe,372.0,1.05
14816,United Kingdom,2011-05-26,198,1,271.85,271.85,1,5.0,4,1,2011-05-26,2011-05-26,0,Europe,5.0,54.37
14817,United Kingdom,2010-03-22,201,7,3959.86,565.69,1,2462.0,142,7,2010-03-22,2011-05-23,427,Europe,351.71,1.61
14818,United Kingdom,2010-03-02,74,6,1153.56,192.26,0,543.0,87,6,2010-03-02,2011-09-27,574,Europe,90.5,2.12
14819,United Kingdom,2009-12-21,65,4,456.41,114.1,0,170.0,52,4,2009-12-21,2011-10-06,654,Europe,42.5,2.68
14820,United Kingdom,2010-01-31,22,9,1274.76,141.64,0,724.0,51,9,2010-01-31,2011-11-18,656,Europe,80.44,1.76
14821,United Kingdom,2010-02-01,367,7,1230.15,175.74,1,459.0,65,7,2010-02-01,2010-12-08,310,Europe,65.57,2.68
14822,United Kingdom,2010-08-11,486,1,157.7,157.7,1,94.0,9,1,2010-08-11,2010-08-11,0,Europe,94.0,1.68
14823,United Kingdom,2011-05-29,181,3,321.43,107.14,1,88.0,56,3,2011-05-29,2011-06-12,14,Europe,29.33,3.65
14824,United Kingdom,2010-03-12,11,10,4022.91,402.29,0,1954.0,84,10,2010-03-12,2011-11-29,627,Europe,195.4,2.06
14825,United Kingdom,2010-04-06,4,24,4735.08,197.3,0,2774.0,187,24,2010-04-06,2011-12-06,609,Europe,115.58,1.71
14826,United Kingdom,2010-01-13,582,2,385.2,192.6,1,152.0,10,2,2010-01-13,2010-05-07,114,Europe,76.0,2.53
14828,United Kingdom,2009-12-07,197,13,9839.46,756.88,1,9718.0,72,13,2009-12-07,2011-05-27,536,Europe,747.54,1.01
14829,United Kingdom,2010-09-29,30,7,1455.87,207.98,0,957.0,77,7,2010-09-29,2011-11-10,407,Europe,136.71,1.52
14830,United Kingdom,2011-10-17,54,1,188.88,188.88,0,164.0,39,1,2011-10-17,2011-10-17,0,Europe,164.0,1.15
14831,United Kingdom,2009-12-02,681,3,1676.57,558.86,1,885.0,67,3,2009-12-02,2010-01-28,57,Europe,295.0,1.89
14832,United Kingdom,2010-03-19,631,1,322.69,322.69,1,1.0,1,1,2010-03-19,2010-03-19,0,Europe,1.0,322.69
14833,United Kingdom,2010-07-29,499,1,94.8,94.8,1,58.0,7,1,2010-07-29,2010-07-29,0,Europe,58.0,1.63
14834,United Kingdom,2010-10-28,18,7,2206.16,315.17,0,872.0,55,7,2010-10-28,2011-11-22,390,Europe,124.57,2.53
14835,United Kingdom,2010-04-01,529,2,297.0,148.5,1,180.0,1,2,2010-04-01,2010-06-29,89,Europe,90.0,1.65
14836,United Kingdom,2011-11-09,11,3,102.45,34.15,0,45.0,5,3,2011-11-09,2011-11-29,20,Europe,15.0,2.28
14837,United Kingdom,2010-01-24,90,9,3460.32,384.48,0,3030.0,171,9,2010-01-24,2011-09-11,595,Europe,336.67,1.14
14838,United Kingdom,2009-12-03,424,2,769.92,384.96,1,361.0,69,2,2009-12-03,2010-10-12,313,Europe,180.5,2.13
14839,United Kingdom,2010-01-04,419,3,915.28,305.09,1,927.0,61,3,2010-01-04,2010-10-17,286,Europe,309.0,0.99
14840,United Kingdom,2010-06-18,268,2,362.71,181.36,1,179.0,20,2,2010-06-18,2011-03-17,272,Europe,89.5,2.03
14841,United Kingdom,2009-12-02,54,14,7163.0,511.64,0,4164.0,196,14,2009-12-02,2011-10-17,684,Europe,297.43,1.72
14842,United Kingdom,2011-02-04,44,4,2824.69,706.17,0,1166.0,128,4,2011-02-04,2011-10-27,265,Europe,291.5,2.42
14843,United Kingdom,2010-09-29,437,1,211.8,211.8,1,132.0,9,1,2010-09-29,2010-09-29,0,Europe,132.0,1.6
14844,United Kingdom,2010-04-12,64,10,6702.43,670.24,0,4369.0,158,10,2010-04-12,2011-10-07,543,Europe,436.9,1.53
14845,United Kingdom,2010-04-19,600,1,150.0,150.0,1,600.0,1,1,2010-04-19,2010-04-19,0,Europe,600.0,0.25
14846,United Kingdom,2010-10-08,428,1,437.4,437.4,1,193.0,12,1,2010-10-08,2010-10-08,0,Europe,193.0,2.27
14847,United Kingdom,2010-05-24,149,3,1348.95,449.65,0,533.0,56,3,2010-05-24,2011-07-14,416,Europe,177.67,2.53
14848,United Kingdom,2010-10-31,405,1,310.56,310.56,1,260.0,11,1,2010-10-31,2010-10-31,0,Europe,260.0,1.19
14849,United Kingdom,2010-01-10,22,43,15407.61,358.32,0,11838.0,279,43,2010-01-10,2011-11-18,677,Europe,275.3,1.3
14850,United Kingdom,2010-05-20,312,7,1770.96,252.99,1,1393.0,129,7,2010-05-20,2011-02-01,257,Europe,199.0,1.27
14851,United Kingdom,2010-03-19,24,3,829.41,276.47,0,631.0,38,3,2010-03-19,2011-11-16,607,Europe,210.33,1.31
14852,United Kingdom,2010-03-05,59,18,6132.43,340.69,0,4366.0,152,18,2010-03-05,2011-10-12,586,Europe,242.56,1.4
14853,United Kingdom,2010-04-13,25,5,1376.87,275.37,0,345.0,26,5,2010-04-13,2011-11-15,581,Europe,69.0,3.99
14854,United Kingdom,2010-01-22,79,11,4303.06,391.19,0,2987.0,170,11,2010-01-22,2011-09-22,608,Europe,271.55,1.44
14855,United Kingdom,2010-04-08,120,7,6520.3,931.47,0,3510.0,168,7,2010-04-08,2011-08-12,491,Europe,501.43,1.86
14856,United Kingdom,2011-10-14,37,3,1290.53,430.18,0,711.0,65,3,2011-10-14,2011-11-03,20,Europe,237.0,1.82
14857,United Kingdom,2010-03-15,60,7,3651.85,521.69,0,2080.0,169,7,2010-03-15,2011-10-11,575,Europe,297.14,1.76
14858,United Kingdom,2010-07-22,506,1,180.75,180.75,1,105.0,11,1,2010-07-22,2010-07-22,0,Europe,105.0,1.72
14859,United Kingdom,2010-06-03,13,5,1705.64,341.13,0,888.0,51,5,2010-06-03,2011-11-27,542,Europe,177.6,1.92
14860,United Kingdom,2011-11-20,20,1,170.32,170.32,0,232.0,11,1,2011-11-20,2011-11-20,0,Europe,232.0,0.73
14861,United Kingdom,2009-12-08,53,10,1380.73,138.07,0,1076.0,62,10,2009-12-08,2011-10-18,679,Europe,107.6,1.28
14862,United Kingdom,2011-07-14,26,2,841.2,420.6,0,772.0,47,2,2011-07-14,2011-11-14,123,Europe,386.0,1.09
14863,United Kingdom,2011-11-10,30,1,266.76,266.76,0,132.0,11,1,2011-11-10,2011-11-10,0,Europe,132.0,2.02
14865,United Kingdom,2009-12-01,8,4,92.52,23.13,0,204.0,4,4,2009-12-01,2011-12-02,731,Europe,51.0,0.45
14866,United Kingdom,2010-08-26,11,19,20746.54,1091.92,0,9089.0,40,19,2010-08-26,2011-11-29,460,Europe,478.37,2.28
14867,United Kingdom,2009-12-05,186,16,2952.06,184.5,1,996.0,67,16,2009-12-05,2011-06-07,549,Europe,62.25,2.96
14868,United Kingdom,2010-10-15,4,12,4184.01,348.67,0,2230.0,132,12,2010-10-15,2011-12-06,417,Europe,185.83,1.88
14869,United Kingdom,2009-12-16,9,6,2778.14,463.02,0,2130.0,187,6,2009-12-16,2011-12-01,715,Europe,355.0,1.3
14870,United Kingdom,2010-01-25,262,6,1838.95,306.49,1,483.0,43,6,2010-01-25,2011-03-23,422,Europe,80.5,3.81
14871,United Kingdom,2009-12-01,4,9,1228.17,136.46,0,446.0,123,9,2009-12-01,2011-12-06,735,Europe,49.56,2.75
14872,United Kingdom,2010-03-16,484,3,816.6,272.2,1,662.0,34,3,2010-03-16,2010-08-13,150,Europe,220.67,1.23
14873,United Kingdom,2010-03-16,211,2,854.13,427.07,1,311.0,48,2,2010-03-16,2011-05-13,423,Europe,155.5,2.75
14874,United Kingdom,2010-06-22,536,1,116.18,116.18,1,148.0,6,1,2010-06-22,2010-06-22,0,Europe,148.0,0.79
14875,United Kingdom,2010-09-24,108,3,2862.4,954.13,0,1332.0,88,3,2010-09-24,2011-08-24,334,Europe,444.0,2.15
14876,United Kingdom,2010-05-27,522,2,256.7,128.35,1,162.0,12,2,2010-05-27,2010-07-06,40,Europe,81.0,1.58
14877,United Kingdom,2010-03-07,419,2,425.85,212.93,1,168.0,57,2,2010-03-07,2010-10-17,224,Europe,84.0,2.53
14878,United Kingdom,2010-02-21,13,25,4076.5,163.06,0,2416.0,159,25,2010-02-21,2011-11-27,644,Europe,96.64,1.69
14879,United Kingdom,2010-01-24,685,1,185.06,185.06,1,104.0,27,1,2010-01-24,2010-01-24,0,Europe,104.0,1.78
14880,United Kingdom,2011-02-24,78,3,690.59,230.2,0,365.0,45,3,2011-02-24,2011-09-23,211,Europe,121.67,1.89
14881,United Kingdom,2011-11-20,20,1,255.4,255.4,0,316.0,17,1,2011-11-20,2011-11-20,0,Europe,316.0,0.81
14882,United Kingdom,2010-03-30,27,14,3546.65,253.33,0,1614.0,32,14,2010-03-30,2011-11-13,593,Europe,115.29,2.2
14883,United Kingdom,2011-05-12,19,6,761.59,126.93,0,790.0,39,6,2011-05-12,2011-11-21,193,Europe,131.67,0.96
14884,United Kingdom,2010-02-08,670,1,120.6,120.6,1,72.0,8,1,2010-02-08,2010-02-08,0,Europe,72.0,1.68
14885,United Kingdom,2010-08-31,132,3,1598.12,532.71,0,1308.0,24,3,2010-08-31,2011-07-31,334,Europe,436.0,1.22
14886,United Kingdom,2011-04-01,253,1,364.8,364.8,1,160.0,18,1,2011-04-01,2011-04-01,0,Europe,160.0,2.28
14887,United Kingdom,2011-09-21,80,1,1862.0,1862.0,0,1100.0,6,1,2011-09-21,2011-09-21,0,Europe,1100.0,1.69
14888,United Kingdom,2011-05-16,208,1,369.2,369.2,1,184.0,20,1,2011-05-16,2011-05-16,0,Europe,184.0,2.01
14889,United Kingdom,2011-01-07,337,1,135.9,135.9,1,90.0,10,1,2011-01-07,2011-01-07,0,Europe,90.0,1.51
14890,United Kingdom,2010-02-18,254,3,817.25,272.42,1,636.0,55,3,2010-02-18,2011-03-31,406,Europe,212.0,1.28
14891,United Kingdom,2010-09-29,149,4,1106.73,276.68,0,788.0,55,4,2010-09-29,2011-07-14,288,Europe,197.0,1.4
14892,United Kingdom,2010-01-18,691,1,202.35,202.35,1,79.0,13,1,2010-01-18,2010-01-18,0,Europe,79.0,2.56
14893,United Kingdom,2010-04-01,10,3,1809.61,603.2,0,1047.0,98,3,2010-04-01,2011-11-30,608,Europe,349.0,1.73
14894,United Kingdom,2009-12-02,86,3,1492.81,497.6,0,603.0,39,3,2009-12-02,2011-09-15,652,Europe,201.0,2.48
14895,United Kingdom,2009-12-10,8,38,25119.54,661.04,0,10714.0,441,38,2009-12-10,2011-12-02,722,Europe,281.95,2.34
14896,United Kingdom,2009-12-06,205,8,1826.0,228.25,1,931.0,150,8,2009-12-06,2011-05-19,529,Europe,116.38,1.96
14897,United Kingdom,2009-12-15,8,8,3140.54,392.57,0,1162.0,94,8,2009-12-15,2011-12-02,717,Europe,145.25,2.7
14898,United Kingdom,2009-12-03,24,14,3365.95,240.43,0,2207.0,185,14,2009-12-03,2011-11-16,713,Europe,157.64,1.53
14899,United Kingdom,2010-11-09,396,1,1331.38,1331.38,1,570.0,126,1,2010-11-09,2010-11-09,0,Europe,570.0,2.34
14900,United Kingdom,2010-07-05,523,1,13.92,13.92,1,48.0,1,1,2010-07-05,2010-07-05,0,Europe,48.0,0.29
14901,United Kingdom,2010-07-29,12,12,1919.0,159.92,0,880.0,103,12,2010-07-29,2011-11-28,487,Europe,73.33,2.18
14902,United Kingdom,2010-06-04,26,3,1035.62,345.21,0,716.0,51,3,2010-06-04,2011-11-14,528,Europe,238.67,1.45
14903,United Kingdom,2011-03-06,22,5,2795.33,559.07,0,1531.0,227,5,2011-03-06,2011-11-18,257,Europe,306.2,1.83
14904,United Kingdom,2010-10-08,3,4,1630.49,407.62,0,2522.0,127,4,2010-10-08,2011-12-07,425,Europe,630.5,0.65
14905,United Kingdom,2009-12-03,158,8,1971.39,246.42,0,1009.0,45,8,2009-12-03,2011-07-05,579,Europe,126.13,1.95
14906,United Kingdom,2010-09-20,446,1,68.44,68.44,1,1.0,1,1,2010-09-20,2010-09-20,0,Europe,1.0,68.44
14907,United Kingdom,2010-04-16,4,16,5547.72,346.73,0,2583.0,153,16,2010-04-16,2011-12-06,599,Europe,161.44,2.15
14908,United Kingdom,2010-09-02,75,2,381.9,190.95,0,182.0,14,2,2010-09-02,2011-09-26,389,Europe,91.0,2.1
14909,United Kingdom,2010-02-14,438,3,1404.68,468.23,1,888.0,61,3,2010-02-14,2010-09-28,226,Europe,296.0,1.58
14910,United Kingdom,2011-10-16,3,4,434.35,108.59,0,238.0,25,4,2011-10-16,2011-12-07,52,Europe,59.5,1.83
14911,EIRE,2009-12-01,2,398,291420.81,732.21,0,147972.0,2550,398,2009-12-01,2011-12-08,737,Europe,371.79,1.97
14912,Italy,2010-01-26,17,6,1889.25,314.88,0,1819.0,44,6,2010-01-26,2011-11-23,666,Europe,303.17,1.04
14913,United Kingdom,2010-08-11,36,8,4073.13,509.14,0,3955.0,176,8,2010-08-11,2011-11-04,450,Europe,494.38,1.03
14915,United Kingdom,2009-12-03,92,11,1811.25,164.66,0,707.0,65,11,2009-12-03,2011-09-09,645,Europe,64.27,2.56
14916,United Kingdom,2010-04-01,71,8,3042.95,380.37,0,2415.0,113,8,2010-04-01,2011-09-30,547,Europe,301.88,1.26
14917,United Kingdom,2010-04-22,597,2,1123.75,561.88,1,891.0,29,2,2010-04-22,2010-04-22,0,Europe,445.5,1.26
14918,United Kingdom,2010-04-08,116,9,5955.81,661.76,0,2551.0,79,9,2010-04-08,2011-08-16,495,Europe,283.44,2.33
14919,United Kingdom,2010-06-18,540,1,359.35,359.35,1,129.0,13,1,2010-06-18,2010-06-18,0,Europe,129.0,2.79
14920,United Kingdom,2010-05-23,213,3,1607.17,535.72,1,886.0,90,3,2010-05-23,2011-05-11,353,Europe,295.33,1.81
14921,United Kingdom,2011-05-22,31,2,1316.07,658.04,0,953.0,78,2,2011-05-22,2011-11-09,171,Europe,476.5,1.38
14922,United Kingdom,2010-07-20,394,2,843.74,421.87,1,376.0,49,2,2010-07-20,2010-11-11,114,Europe,188.0,2.24
14923,United Kingdom,2011-10-20,51,1,749.1,749.1,0,418.0,44,1,2011-10-20,2011-10-20,0,Europe,418.0,1.79
14924,United Kingdom,2010-03-10,246,3,931.01,310.34,1,312.0,30,3,2010-03-10,2011-04-08,394,Europe,104.0,2.98
14926,United Kingdom,2010-04-20,382,2,359.4,179.7,1,204.0,2,2,2010-04-20,2010-11-23,217,Europe,102.0,1.76
14927,United Kingdom,2010-11-08,397,1,308.2,308.2,1,196.0,20,1,2010-11-08,2010-11-08,0,Europe,196.0,1.57
14928,United Kingdom,2010-03-22,628,1,223.91,223.91,1,268.0,21,1,2010-03-22,2010-03-22,0,Europe,268.0,0.84
14929,United Kingdom,2010-10-14,33,2,836.69,418.35,0,487.0,34,2,2010-10-14,2011-11-07,389,Europe,243.5,1.72
14930,Channel Islands,2010-04-12,109,6,5236.73,872.79,0,2193.0,213,6,2010-04-12,2011-08-23,498,Europe,365.5,2.39
14931,Channel Islands,2011-04-13,5,5,1257.68,251.54,0,417.0,30,5,2011-04-13,2011-12-05,236,Europe,83.4,3.02
14932,Channel Islands,2010-11-19,366,2,666.13,333.07,1,257.0,29,2,2010-11-19,2010-12-09,20,Europe,128.5,2.59
14933,Channel Islands,2010-09-21,444,4,1770.0,442.5,1,600.0,1,4,2010-09-21,2010-09-22,1,Europe,150.0,2.95
14934,Channel Islands,2010-09-24,82,5,3503.5,700.7,0,2100.0,115,5,2010-09-24,2011-09-19,360,Europe,420.0,1.67
14935,Channel Islands,2010-03-30,298,2,2849.83,1424.92,1,1931.0,25,2,2010-03-30,2011-02-15,322,Europe,965.5,1.48
14936,Channel Islands,2010-05-05,34,12,12410.81,1034.23,0,6274.0,267,12,2010-05-05,2011-11-06,550,Europe,522.83,1.98
14937,Channel Islands,2011-08-01,57,3,1621.88,540.63,0,484.0,33,3,2011-08-01,2011-10-14,74,Europe,161.33,3.35
14938,Channel Islands,2010-05-26,563,2,2322.43,1161.22,1,1369.0,71,2,2010-05-26,2010-05-26,0,Europe,684.5,1.7
14940,United Kingdom,2009-12-06,418,2,531.49,265.75,1,384.0,32,2,2009-12-06,2010-10-18,316,Europe,192.0,1.38
14941,United Kingdom,2010-05-10,579,1,182.1,182.1,1,80.0,7,1,2010-05-10,2010-05-10,0,Europe,80.0,2.28
14942,United Kingdom,2009-12-10,402,4,746.56,186.64,1,354.0,12,4,2009-12-10,2010-11-03,328,Europe,88.5,2.11
14943,United Kingdom,2010-02-14,664,1,107.62,107.62,1,46.0,5,1,2010-02-14,2010-02-14,0,Europe,46.0,2.34
14944,United Kingdom,2010-02-17,30,19,9784.67,514.98,0,4864.0,184,19,2010-02-17,2011-11-10,631,Europe,256.0,2.01
14945,United Kingdom,2010-10-22,414,1,179.4,179.4,1,156.0,11,1,2010-10-22,2010-10-22,0,Europe,156.0,1.15
14946,United Kingdom,2011-11-25,15,1,100.9,100.9,0,22.0,3,1,2011-11-25,2011-11-25,0,Europe,22.0,4.59
14947,United Kingdom,2010-03-25,73,6,1049.79,174.97,0,416.0,47,6,2010-03-25,2011-09-28,552,Europe,69.33,2.52
14948,United Kingdom,2011-05-04,24,6,1101.97,183.66,0,673.0,56,6,2011-05-04,2011-11-16,196,Europe,112.17,1.64
14949,United Kingdom,2009-12-18,470,4,515.0,128.75,1,250.0,16,4,2009-12-18,2010-08-27,252,Europe,62.5,2.06
14950,United Kingdom,2011-11-20,20,1,371.2,371.2,0,136.0,19,1,2011-11-20,2011-11-20,0,Europe,136.0,2.73
14951,United Kingdom,2011-09-21,80,1,311.69,311.69,0,311.0,20,1,2011-09-21,2011-09-21,0,Europe,311.0,1.0
14952,United Kingdom,2009-12-03,60,32,17629.35,550.92,0,6977.0,240,32,2009-12-03,2011-10-11,677,Europe,218.03,2.53
14953,United Kingdom,2010-09-30,26,4,971.32,242.83,0,1014.0,202,4,2010-09-30,2011-11-14,410,Europe,253.5,0.96
14954,United Kingdom,2010-01-05,13,2,462.12,231.06,0,209.0,111,2,2010-01-05,2011-11-27,691,Europe,104.5,2.21
14955,United Kingdom,2009-12-07,733,1,163.77,163.77,1,74.0,30,1,2009-12-07,2009-12-07,0,Europe,74.0,2.21
14956,United Kingdom,2010-10-14,422,1,1325.0,1325.0,1,2500.0,4,1,2010-10-14,2010-10-14,0,Europe,2500.0,0.53
14957,United Kingdom,2010-03-05,254,2,261.69,130.85,1,97.0,27,2,2010-03-05,2011-03-31,391,Europe,48.5,2.7
14958,United Kingdom,2009-12-03,148,6,941.99,157.0,0,248.0,52,6,2009-12-03,2011-07-15,589,Europe,41.33,3.8
14959,United Kingdom,2011-02-16,65,4,695.42,173.86,0,494.0,37,4,2011-02-16,2011-10-06,232,Europe,123.5,1.41
14960,United Kingdom,2011-06-21,9,2,221.27,110.64,0,221.0,23,2,2011-06-21,2011-12-01,163,Europe,110.5,1.0
14961,United Kingdom,2009-12-04,11,22,16410.15,745.92,0,8372.0,328,22,2009-12-04,2011-11-29,725,Europe,380.55,1.96
14962,United Kingdom,2010-05-04,271,4,366.91,91.73,1,123.0,14,4,2010-05-04,2011-03-14,314,Europe,30.75,2.98
14963,United Kingdom,2010-07-02,10,12,3123.57,260.3,0,2287.0,304,12,2010-07-02,2011-11-30,516,Europe,190.58,1.37
14964,United Kingdom,2011-04-06,248,1,206.21,206.21,1,143.0,13,1,2011-04-06,2011-04-06,0,Europe,143.0,1.44
14965,United Kingdom,2011-09-04,97,2,596.09,298.05,1,363.0,80,2,2011-09-04,2011-09-04,0,Europe,181.5,1.64
14966,United Kingdom,2009-12-15,15,6,1064.26,177.38,0,1060.0,125,6,2009-12-15,2011-11-25,710,Europe,176.67,1.0
14967,United Kingdom,2009-12-03,50,6,1982.61,330.44,0,652.0,22,6,2009-12-03,2011-10-21,687,Europe,108.67,3.04
14968,United Kingdom,2010-09-07,31,2,501.24,250.62,0,257.0,83,2,2010-09-07,2011-11-09,428,Europe,128.5,1.95
14969,United Kingdom,2010-01-05,704,1,906.23,906.23,1,665.0,13,1,2010-01-05,2010-01-05,0,Europe,665.0,1.36
14970,United Kingdom,2010-02-14,69,12,4919.35,409.95,0,982.0,71,12,2010-02-14,2011-10-02,595,Europe,81.83,5.01
14971,United Kingdom,2011-10-27,36,3,1097.98,365.99,0,639.0,144,3,2011-10-27,2011-11-04,8,Europe,213.0,1.72
14972,United Kingdom,2010-11-23,129,2,145.07,72.54,1,40.0,20,2,2010-11-23,2011-08-03,253,Europe,20.0,3.63
14973,United Kingdom,2011-04-28,108,3,1314.45,438.15,0,369.0,29,3,2011-04-28,2011-08-24,118,Europe,123.0,3.56
14974,United Kingdom,2011-11-02,38,1,89.94,89.94,0,37.0,17,1,2011-11-02,2011-11-02,0,Europe,37.0,2.43
14975,United Kingdom,2010-10-14,58,2,472.39,236.2,0,507.0,25,2,2010-10-14,2011-10-13,364,Europe,253.5,0.93
14976,United Kingdom,2011-01-17,58,7,790.86,112.98,0,234.0,47,7,2011-01-17,2011-10-13,269,Europe,33.43,3.38
14977,United Kingdom,2009-12-14,726,1,31.93,31.93,1,17.0,4,1,2009-12-14,2009-12-14,0,Europe,17.0,1.88
14978,United Kingdom,2010-04-28,73,10,3112.19,311.22,0,736.0,175,10,2010-04-28,2011-09-28,518,Europe,73.6,4.23
14979,United Kingdom,2009-12-04,736,1,429.66,429.66,1,209.0,42,1,2009-12-04,2009-12-04,0,Europe,209.0,2.06
14980,United Kingdom,2009-12-02,738,1,150.68,150.68,1,79.0,24,1,2009-12-02,2009-12-02,0,Europe,79.0,1.91
14981,United Kingdom,2010-10-12,247,2,372.92,186.46,1,241.0,20,2,2010-10-12,2011-04-07,177,Europe,120.5,1.55
14982,United Kingdom,2010-05-16,573,1,237.78,237.78,1,125.0,39,1,2010-05-16,2010-05-16,0,Europe,125.0,1.9
14983,United Kingdom,2010-01-19,690,1,183.2,183.2,1,90.0,30,1,2010-01-19,2010-01-19,0,Europe,90.0,2.04
14984,United Kingdom,2010-01-11,20,6,1260.51,210.09,0,348.0,48,6,2010-01-11,2011-11-20,678,Europe,58.0,3.62
14985,United Kingdom,2010-12-16,199,2,292.01,146.01,1,256.0,78,2,2010-12-16,2011-05-25,160,Europe,128.0,1.14
14986,United Kingdom,2010-01-24,377,2,563.1,281.55,1,338.0,87,2,2010-01-24,2010-11-28,308,Europe,169.0,1.67
14987,United Kingdom,2009-12-02,16,8,1550.65,193.83,0,607.0,4,8,2009-12-02,2011-11-24,722,Europe,75.88,2.55
14988,United Kingdom,2010-04-16,212,7,2038.65,291.24,1,1260.0,171,7,2010-04-16,2011-05-12,391,Europe,180.0,1.62
14989,United Kingdom,2010-02-16,662,1,342.4,342.4,1,200.0,18,1,2010-02-16,2010-02-16,0,Europe,200.0,1.71
14990,United Kingdom,2009-12-09,613,2,304.17,152.09,1,129.0,41,2,2009-12-09,2010-04-06,118,Europe,64.5,2.36
14991,United Kingdom,2010-10-05,431,1,314.67,314.67,1,191.0,21,1,2010-10-05,2010-10-05,0,Europe,191.0,1.65
14992,United Kingdom,2010-09-23,443,1,210.5,210.5,1,145.0,27,1,2010-09-23,2010-09-23,0,Europe,145.0,1.45
14993,United Kingdom,2010-05-25,564,1,36.13,36.13,1,21.0,9,1,2010-05-25,2010-05-25,0,Europe,21.0,1.72
14994,United Kingdom,2010-03-26,383,5,946.72,189.34,1,568.0,233,5,2010-03-26,2010-11-22,241,Europe,113.6,1.67
14995,United Kingdom,2011-03-04,39,2,231.98,115.99,0,102.0,53,2,2011-03-04,2011-11-01,242,Europe,51.0,2.27
14996,United Kingdom,2010-08-15,482,2,442.29,221.15,1,404.0,37,2,2010-08-15,2010-08-15,0,Europe,202.0,1.09
14997,United Kingdom,2010-02-22,47,4,776.6,194.15,0,1408.0,36,4,2010-02-22,2011-10-24,609,Europe,352.0,0.55
14998,United Kingdom,2010-04-13,171,4,753.18,188.3,0,352.0,111,4,2010-04-13,2011-06-22,435,Europe,88.0,2.14
14999,United Kingdom,2010-04-26,593,1,129.48,129.48,1,88.0,9,1,2010-04-26,2010-04-26,0,Europe,88.0,1.47
15000,United Kingdom,2011-10-23,48,1,490.52,490.52,0,218.0,76,1,2011-10-23,2011-10-23,0,Europe,218.0,2.25
15001,United Kingdom,2010-11-10,395,2,199.11,99.56,1,70.0,44,2,2010-11-10,2010-11-10,0,Europe,35.0,2.84
15002,United Kingdom,2010-01-12,116,9,4138.08,459.79,0,2214.0,220,9,2010-01-12,2011-08-16,581,Europe,246.0,1.87
15003,United Kingdom,2010-01-26,474,6,1027.03,171.17,1,525.0,253,6,2010-01-26,2010-08-23,209,Europe,87.5,1.96
15004,United Kingdom,2011-07-15,148,1,1220.77,1220.77,1,623.0,154,1,2011-07-15,2011-07-15,0,Europe,623.0,1.96
15005,United Kingdom,2009-12-01,16,56,13754.58,245.62,0,8666.0,591,56,2009-12-01,2011-11-24,723,Europe,154.75,1.59
15006,United Kingdom,2010-09-12,52,2,757.78,378.89,0,387.0,165,2,2010-09-12,2011-10-19,402,Europe,193.5,1.96
15007,United Kingdom,2011-07-03,160,1,156.91,156.91,1,69.0,12,1,2011-07-03,2011-07-03,0,Europe,69.0,2.27
15008,United Kingdom,2010-03-12,481,2,360.0,180.0,1,1500.0,6,2,2010-03-12,2010-08-16,157,Europe,750.0,0.24
15009,United Kingdom,2011-11-14,13,3,1259.43,419.81,0,639.0,148,3,2011-11-14,2011-11-27,13,Europe,213.0,1.97
15010,United Kingdom,2011-11-04,36,1,308.94,308.94,0,184.0,20,1,2011-11-04,2011-11-04,0,Europe,184.0,1.68
15011,United Kingdom,2010-10-19,396,2,416.6,208.3,1,289.0,17,2,2010-10-19,2010-11-09,21,Europe,144.5,1.44
15012,United Kingdom,2010-05-12,54,3,646.26,215.42,0,383.0,165,3,2010-05-12,2011-10-17,523,Europe,127.67,1.69
15013,United Kingdom,2010-01-31,488,10,1610.82,161.08,1,1715.0,177,10,2010-01-31,2010-08-09,190,Europe,171.5,0.94
15014,United Kingdom,2011-06-16,44,2,257.67,128.84,0,149.0,29,2,2011-06-16,2011-10-27,133,Europe,74.5,1.73
15015,United Kingdom,2009-12-14,502,13,2354.97,181.15,1,1584.0,158,13,2009-12-14,2010-07-26,224,Europe,121.85,1.49
15016,United Kingdom,2010-06-14,173,5,620.89,124.18,0,243.0,93,5,2010-06-14,2011-06-20,371,Europe,48.6,2.56
15017,United Kingdom,2011-11-06,34,1,125.58,125.58,0,63.0,20,1,2011-11-06,2011-11-06,0,Europe,63.0,1.99
15018,United Kingdom,2010-12-07,39,3,496.21,165.4,0,189.0,30,3,2010-12-07,2011-11-01,329,Europe,63.0,2.63
15019,United Kingdom,2011-03-18,267,1,252.81,252.81,1,150.0,64,1,2011-03-18,2011-03-18,0,Europe,150.0,1.69
15020,United Kingdom,2010-11-25,380,1,198.47,198.47,1,111.0,27,1,2010-11-25,2010-11-25,0,Europe,111.0,1.79
15021,United Kingdom,2010-07-29,9,12,2500.59,208.38,0,1079.0,355,12,2010-07-29,2011-12-01,490,Europe,89.92,2.32
15022,United Kingdom,2010-01-31,12,5,1133.44,226.69,0,640.0,115,5,2010-01-31,2011-11-28,666,Europe,128.0,1.77
15023,United Kingdom,2010-02-03,4,20,11578.65,578.93,0,4758.0,486,20,2010-02-03,2011-12-06,671,Europe,237.9,2.43
15024,United Kingdom,2010-10-11,10,16,3559.39,222.46,0,1924.0,168,16,2010-10-11,2011-11-30,415,Europe,120.25,1.85
15025,United Kingdom,2010-05-20,34,2,979.79,489.9,0,503.0,132,2,2010-05-20,2011-11-06,535,Europe,251.5,1.95
15026,United Kingdom,2010-09-17,81,5,1048.89,209.78,0,655.0,109,5,2010-09-17,2011-09-20,368,Europe,131.0,1.6
15027,United Kingdom,2010-03-25,31,10,3195.6,319.56,0,2782.0,69,10,2010-03-25,2011-11-09,594,Europe,278.2,1.15
15028,United Kingdom,2010-11-10,9,6,962.94,160.49,0,673.0,65,6,2010-11-10,2011-12-01,386,Europe,112.17,1.43
15029,United Kingdom,2010-03-30,620,1,365.1,365.1,1,234.0,10,1,2010-03-30,2010-03-30,0,Europe,234.0,1.56
15030,United Kingdom,2010-03-04,72,8,1979.91,247.49,0,1225.0,25,8,2010-03-04,2011-09-29,574,Europe,153.13,1.62
15031,United Kingdom,2009-12-08,5,14,3102.94,221.64,0,1576.0,237,14,2009-12-08,2011-12-05,727,Europe,112.57,1.97
15032,United Kingdom,2009-12-10,257,8,11010.05,1376.26,1,6601.0,39,8,2009-12-10,2011-03-28,473,Europe,825.13,1.67
15033,United Kingdom,2011-01-14,5,10,2557.18,255.72,0,1672.0,315,10,2011-01-14,2011-12-05,325,Europe,167.2,1.53
15034,United Kingdom,2010-05-11,16,14,8231.2,587.94,0,4748.0,416,14,2010-05-11,2011-11-24,562,Europe,339.14,1.73
15035,United Kingdom,2011-09-11,90,1,252.73,252.73,0,245.0,26,1,2011-09-11,2011-09-11,0,Europe,245.0,1.03
15036,United Kingdom,2011-06-13,73,3,429.56,143.19,0,316.0,107,3,2011-06-13,2011-09-28,107,Europe,105.33,1.36
15037,United Kingdom,2010-11-28,377,2,397.76,198.88,1,298.0,40,2,2010-11-28,2010-11-28,0,Europe,149.0,1.33
15038,United Kingdom,2010-10-10,59,9,1146.53,127.39,0,381.0,190,9,2010-10-10,2011-10-12,367,Europe,42.33,3.01
15039,United Kingdom,2009-12-10,10,93,39141.48,420.88,0,17780.0,562,93,2009-12-10,2011-11-30,720,Europe,191.18,2.2
15040,United Kingdom,2010-06-16,542,1,7.49,7.49,1,1.0,1,1,2010-06-16,2010-06-16,0,Europe,1.0,7.49
15041,United Kingdom,2010-09-21,171,2,289.4,144.7,1,194.0,98,2,2010-09-21,2011-06-22,274,Europe,97.0,1.49
15042,United Kingdom,2010-04-23,200,2,315.45,157.73,1,238.0,9,2,2010-04-23,2011-05-24,396,Europe,119.0,1.33
15043,United Kingdom,2010-06-24,32,6,2870.32,478.39,0,1019.0,39,6,2010-06-24,2011-11-08,502,Europe,169.83,2.82
15044,United Kingdom,2009-12-16,20,35,16024.15,457.83,0,5241.0,344,35,2009-12-16,2011-11-20,704,Europe,149.74,3.06
15045,United Kingdom,2011-03-27,152,2,735.66,367.83,1,114.0,11,2,2011-03-27,2011-07-11,106,Europe,57.0,6.45
15046,United Kingdom,2010-01-14,10,25,7623.79,304.95,0,4585.0,248,25,2010-01-14,2011-11-30,685,Europe,183.4,1.66
15047,United Kingdom,2011-03-15,270,1,343.62,343.62,1,222.0,22,1,2011-03-15,2011-03-15,0,Europe,222.0,1.55
15048,United Kingdom,2010-12-06,66,4,381.0,95.25,0,192.0,86,4,2010-12-06,2011-10-05,303,Europe,48.0,1.98
15049,United Kingdom,2011-03-11,274,1,121.17,121.17,1,63.0,3,1,2011-03-11,2011-03-11,0,Europe,63.0,1.92
15050,United Kingdom,2010-08-16,26,5,4087.19,817.44,0,2600.0,116,5,2010-08-16,2011-11-14,455,Europe,520.0,1.57
15051,United Kingdom,2009-12-01,24,9,3926.91,436.32,0,3052.0,226,9,2009-12-01,2011-11-16,715,Europe,339.11,1.29
15052,United Kingdom,2011-01-24,320,1,207.73,207.73,1,79.0,27,1,2011-01-24,2011-01-24,0,Europe,79.0,2.63
15053,United Kingdom,2011-03-03,5,3,693.95,231.32,0,984.0,49,3,2011-03-03,2011-12-05,277,Europe,328.0,0.71
15054,United Kingdom,2011-10-30,13,2,302.1,151.05,0,198.0,105,2,2011-10-30,2011-11-27,28,Europe,99.0,1.53
15055,United Kingdom,2009-12-16,475,3,549.12,183.04,1,225.0,77,3,2009-12-16,2010-08-22,249,Europe,75.0,2.44
15056,United Kingdom,2010-07-07,521,1,113.65,113.65,1,69.0,6,1,2010-07-07,2010-07-07,0,Europe,69.0,1.65
15057,United Kingdom,2009-12-05,276,5,3255.96,651.19,1,1394.0,62,5,2009-12-05,2011-03-09,459,Europe,278.8,2.34
15058,United Kingdom,2010-02-24,26,16,3387.58,211.72,0,1645.0,232,16,2010-02-24,2011-11-14,628,Europe,102.81,2.06
15059,United Kingdom,2009-12-06,41,19,3491.2,183.75,0,1599.0,308,19,2009-12-06,2011-10-30,693,Europe,84.16,2.18
15060,United Kingdom,2011-11-30,9,4,294.25,73.56,0,257.0,81,4,2011-11-30,2011-12-01,1,Europe,64.25,1.14
15061,United Kingdom,2009-12-01,4,127,126389.02,995.19,0,74280.0,131,127,2009-12-01,2011-12-06,735,Europe,584.88,1.7
15062,United Kingdom,2010-04-08,72,8,2585.62,323.2,0,1872.0,98,8,2010-04-08,2011-09-29,539,Europe,234.0,1.38
15063,United Kingdom,2011-05-10,214,1,370.8,370.8,1,56.0,5,1,2011-05-10,2011-05-10,0,Europe,56.0,6.62
15064,United Kingdom,2009-12-22,411,4,1254.41,313.6,1,810.0,75,4,2009-12-22,2010-10-25,307,Europe,202.5,1.55
15065,United Kingdom,2010-10-25,38,5,3326.86,665.37,0,1446.0,156,5,2010-10-25,2011-11-02,373,Europe,289.2,2.3
15066,United Kingdom,2011-10-17,54,1,893.59,893.59,0,317.0,42,1,2011-10-17,2011-10-17,0,Europe,317.0,2.82
15067,United Kingdom,2010-04-11,79,5,3862.88,772.58,0,2151.0,170,5,2010-04-11,2011-09-22,529,Europe,430.2,1.8
15068,United Kingdom,2010-03-28,47,4,1174.9,293.73,0,832.0,178,4,2010-03-28,2011-10-24,575,Europe,208.0,1.41
15069,United Kingdom,2011-06-13,180,1,1109.53,1109.53,1,520.0,70,1,2011-06-13,2011-06-13,0,Europe,520.0,2.13
15070,United Kingdom,2009-12-15,373,3,737.05,245.68,1,339.0,26,3,2009-12-15,2010-12-02,352,Europe,113.0,2.17
15071,United Kingdom,2010-05-18,94,4,1455.56,363.89,0,416.0,41,4,2010-05-18,2011-09-07,477,Europe,104.0,3.5
15072,United Kingdom,2010-08-17,480,1,187.52,187.52,1,164.0,13,1,2010-08-17,2010-08-17,0,Europe,164.0,1.14
15073,United Kingdom,2010-01-27,10,8,2788.02,348.5,0,1410.0,115,8,2010-01-27,2011-11-30,672,Europe,176.25,1.98
15074,United Kingdom,2010-08-29,106,3,1553.13,517.71,0,1039.0,63,3,2010-08-29,2011-08-26,362,Europe,346.33,1.49
15075,United Kingdom,2011-09-23,78,1,773.03,773.03,0,447.0,27,1,2011-09-23,2011-09-23,0,Europe,447.0,1.73
15076,United Kingdom,2010-07-05,173,3,1447.74,482.58,0,866.0,68,3,2010-07-05,2011-06-20,350,Europe,288.67,1.67
15077,United Kingdom,2009-12-09,495,2,2428.08,1214.04,1,528.0,28,2,2009-12-09,2010-08-02,236,Europe,264.0,4.6
15078,United Kingdom,2009-12-04,8,53,17286.73,326.16,0,8777.0,118,53,2009-12-04,2011-12-02,728,Europe,165.6,1.97
15079,United Kingdom,2009-12-08,213,11,3625.4,329.58,1,1459.0,119,11,2009-12-08,2011-05-11,519,Europe,132.64,2.48
15080,United Kingdom,2010-07-26,428,2,546.25,273.13,1,287.0,31,2,2010-07-26,2010-10-08,74,Europe,143.5,1.9
15081,United Kingdom,2010-06-22,23,12,1854.57,154.55,0,749.0,75,12,2010-06-22,2011-11-17,513,Europe,62.42,2.48
15082,United Kingdom,2010-02-09,669,1,93.35,93.35,1,43.0,6,1,2010-02-09,2010-02-09,0,Europe,43.0,2.17
15083,United Kingdom,2011-03-28,257,1,88.2,88.2,1,38.0,5,1,2011-03-28,2011-03-28,0,Europe,38.0,2.32
15084,United Kingdom,2010-03-04,380,2,965.2,482.6,1,600.0,31,2,2010-03-04,2010-11-25,266,Europe,300.0,1.61
15085,United Kingdom,2009-12-10,730,1,347.54,347.54,1,169.0,9,1,2009-12-10,2009-12-10,0,Europe,169.0,2.06
15086,United Kingdom,2010-03-24,565,2,218.53,109.27,1,95.0,10,2,2010-03-24,2010-05-24,61,Europe,47.5,2.3
15087,United Kingdom,2011-03-03,282,1,306.94,306.94,1,470.0,15,1,2011-03-03,2011-03-03,0,Europe,470.0,0.65
15088,United Kingdom,2011-10-03,22,2,1160.07,580.04,0,460.0,53,2,2011-10-03,2011-11-18,46,Europe,230.0,2.52
15089,United Kingdom,2011-08-03,11,6,2420.84,403.47,0,1359.0,139,6,2011-08-03,2011-11-29,118,Europe,226.5,1.78
15090,United Kingdom,2011-02-04,309,1,381.32,381.32,1,208.0,23,1,2011-02-04,2011-02-04,0,Europe,208.0,1.83
15091,United Kingdom,2010-02-03,68,3,1046.61,348.87,0,582.0,55,3,2010-02-03,2011-10-03,607,Europe,194.0,1.8
15092,United Kingdom,2010-09-03,216,3,776.46,258.82,1,230.0,39,3,2010-09-03,2011-05-08,247,Europe,76.67,3.38
15093,United Kingdom,2009-12-08,19,23,13702.38,595.76,0,10778.0,104,23,2009-12-08,2011-11-21,713,Europe,468.61,1.27
15094,United Kingdom,2010-03-05,464,2,83.0,41.5,1,28.0,4,2,2010-03-05,2010-09-02,181,Europe,14.0,2.96
15095,United Kingdom,2010-01-21,104,10,3141.64,314.16,0,2233.0,90,10,2010-01-21,2011-08-28,584,Europe,223.3,1.41
15096,United Kingdom,2011-10-28,43,1,219.39,219.39,0,120.0,11,1,2011-10-28,2011-10-28,0,Europe,120.0,1.83
15097,United Kingdom,2010-05-05,5,3,908.35,302.78,0,424.0,59,3,2010-05-05,2011-12-05,579,Europe,141.33,2.14
15098,United Kingdom,2011-06-10,183,3,39916.5,13305.5,1,121.0,1,3,2011-06-10,2011-06-10,0,Europe,40.33,329.89
15099,United Kingdom,2011-09-16,85,1,410.48,410.48,0,343.0,23,1,2011-09-16,2011-09-16,0,Europe,343.0,1.2
15100,United Kingdom,2010-01-07,334,7,2193.9,313.41,1,270.0,11,7,2010-01-07,2011-01-10,368,Europe,38.57,8.13
15101,United Kingdom,2010-04-28,9,6,1477.94,246.32,0,676.0,52,6,2010-04-28,2011-12-01,582,Europe,112.67,2.19
15102,United Kingdom,2010-06-11,531,2,554.67,277.34,1,339.0,26,2,2010-06-11,2010-06-27,16,Europe,169.5,1.64
15103,United Kingdom,2011-09-14,32,2,703.36,351.68,0,329.0,35,2,2011-09-14,2011-11-08,55,Europe,164.5,2.14
15104,United Kingdom,2011-03-02,197,2,993.54,496.77,1,635.0,66,2,2011-03-02,2011-05-27,86,Europe,317.5,1.56
15105,United Kingdom,2010-03-23,19,9,3094.91,343.88,0,1747.0,129,9,2010-03-23,2011-11-21,608,Europe,194.11,1.77
15106,United Kingdom,2011-03-15,18,5,1422.52,284.5,0,1181.0,90,5,2011-03-15,2011-11-22,252,Europe,236.2,1.2
15107,United Kingdom,2010-09-14,312,9,824.35,91.59,1,330.0,32,9,2010-09-14,2011-02-01,140,Europe,36.67,2.5
15108,European Community,2011-04-26,142,4,1300.25,325.06,0,499.0,50,4,2011-04-26,2011-07-21,86,Europe,124.75,2.61
15109,United Kingdom,2009-12-04,246,3,983.1,327.7,1,258.0,46,3,2009-12-04,2011-04-08,490,Europe,86.0,3.81
15110,United Kingdom,2010-08-11,24,6,1505.85,250.98,0,337.0,23,6,2010-08-11,2011-11-16,462,Europe,56.17,4.47
15111,United Kingdom,2010-04-26,30,5,2442.37,488.47,0,1058.0,109,5,2010-04-26,2011-11-10,563,Europe,211.6,2.31
15112,United Kingdom,2010-04-07,612,1,209.4,209.4,1,72.0,7,1,2010-04-07,2010-04-07,0,Europe,72.0,2.91
15113,United Kingdom,2011-10-16,10,3,3509.43,1169.81,0,2344.0,77,3,2011-10-16,2011-11-30,45,Europe,781.33,1.5
15114,United Kingdom,2010-10-14,31,12,3400.12,283.34,0,3532.0,151,12,2010-10-14,2011-11-09,391,Europe,294.33,0.96
15115,United Kingdom,2009-12-07,19,2,531.85,265.93,0,245.0,35,2,2009-12-07,2011-11-21,714,Europe,122.5,2.17
15116,United Kingdom,2011-05-19,18,4,1352.75,338.19,0,648.0,37,4,2011-05-19,2011-11-22,187,Europe,162.0,2.09
15117,United Kingdom,2010-03-15,15,8,2485.97,310.75,0,3093.0,89,8,2010-03-15,2011-11-25,620,Europe,386.63,0.8
15118,United Kingdom,2011-07-28,135,1,244.8,244.8,1,1440.0,1,1,2011-07-28,2011-07-28,0,Europe,1440.0,0.17
15119,United Kingdom,2011-04-08,246,1,266.4,266.4,1,88.0,14,1,2011-04-08,2011-04-08,0,Europe,88.0,3.03
15120,United Kingdom,2011-07-29,134,1,358.82,358.82,1,296.0,21,1,2011-07-29,2011-07-29,0,Europe,296.0,1.21
15121,United Kingdom,2011-02-24,51,2,457.72,228.86,0,199.0,28,2,2011-02-24,2011-10-20,238,Europe,99.5,2.3
15122,United Kingdom,2010-03-30,115,11,4487.27,407.93,0,2033.0,155,11,2010-03-30,2011-08-17,505,Europe,184.82,2.21
15123,United Kingdom,2010-03-16,8,5,4656.17,931.23,0,2524.0,149,5,2010-03-16,2011-12-02,626,Europe,504.8,1.84
15124,United Kingdom,2010-02-26,23,4,450.82,112.71,0,462.0,30,4,2010-02-26,2011-11-17,629,Europe,115.5,0.98
15125,United Kingdom,2010-03-31,26,24,17024.87,709.37,0,8433.0,151,24,2010-03-31,2011-11-14,593,Europe,351.38,2.02
15126,United Kingdom,2010-01-21,537,2,449.49,224.75,1,273.0,25,2,2010-01-21,2010-06-21,151,Europe,136.5,1.65
15127,United Kingdom,2010-07-08,66,2,711.5,355.75,0,464.0,27,2,2010-07-08,2011-10-05,454,Europe,232.0,1.53
15128,United Kingdom,2010-10-05,61,5,1783.68,356.74,0,1583.0,87,5,2010-10-05,2011-10-10,370,Europe,316.6,1.13
15129,United Kingdom,2010-04-08,51,23,6860.18,298.27,0,4002.0,86,23,2010-04-08,2011-10-20,560,Europe,174.0,1.71
15130,United Kingdom,2011-06-23,170,1,330.11,330.11,1,197.0,22,1,2011-06-23,2011-06-23,0,Europe,197.0,1.68
15131,United Kingdom,2010-11-10,395,1,80.28,80.28,1,88.0,7,1,2010-11-10,2010-11-10,0,Europe,88.0,0.91
15132,United Kingdom,2011-03-22,19,5,977.93,195.59,0,679.0,49,5,2011-03-22,2011-11-21,244,Europe,135.8,1.44
15133,United Kingdom,2010-07-07,128,5,1806.9,361.38,0,960.0,45,5,2010-07-07,2011-08-04,393,Europe,192.0,1.88
15134,United Kingdom,2010-10-13,15,10,1596.29,159.63,0,1057.0,47,10,2010-10-13,2011-11-25,408,Europe,105.7,1.51
15135,United Kingdom,2010-06-01,240,2,305.68,152.84,1,84.0,17,2,2010-06-01,2011-04-14,317,Europe,42.0,3.64
15136,United Kingdom,2011-09-04,3,4,1286.7,321.68,0,776.0,61,4,2011-09-04,2011-12-07,94,Europe,194.0,1.66
15137,United Kingdom,2010-01-28,521,2,823.4,411.7,1,596.0,34,2,2010-01-28,2010-07-07,160,Europe,298.0,1.38
15138,United Kingdom,2010-11-11,394,1,502.52,502.52,1,300.0,31,1,2010-11-11,2010-11-11,0,Europe,300.0,1.68
15139,United Kingdom,2011-01-07,240,2,178.96,89.48,1,208.0,13,2,2011-01-07,2011-04-14,97,Europe,104.0,0.86
15140,United Kingdom,2010-09-23,53,8,3243.69,405.46,0,2010.0,103,8,2010-09-23,2011-10-18,390,Europe,251.25,1.61
15141,United Kingdom,2010-03-28,458,7,1388.47,198.35,1,1197.0,44,7,2010-03-28,2010-09-08,164,Europe,171.0,1.16
15142,United Kingdom,2010-07-27,47,6,2619.92,436.65,0,2155.0,115,6,2010-07-27,2011-10-24,454,Europe,359.17,1.22
15143,United Kingdom,2010-10-03,226,2,563.63,281.82,1,320.0,27,2,2010-10-03,2011-04-28,207,Europe,160.0,1.76
15144,United Kingdom,2009-12-13,9,29,12160.31,419.32,0,5251.0,199,29,2009-12-13,2011-12-01,718,Europe,181.07,2.32
15145,United Kingdom,2011-04-05,5,4,1194.73,298.68,0,756.0,54,4,2011-04-05,2011-12-05,244,Europe,189.0,1.58
15146,United Kingdom,2011-02-21,165,2,1327.16,663.58,1,1473.0,90,2,2011-02-21,2011-06-28,127,Europe,736.5,0.9
15147,United Kingdom,2011-04-13,241,1,623.5,623.5,1,366.0,28,1,2011-04-13,2011-04-13,0,Europe,366.0,1.7
15148,United Kingdom,2011-11-29,11,1,301.29,301.29,0,187.0,20,1,2011-11-29,2011-11-29,0,Europe,187.0,1.61
15149,United Kingdom,2010-02-28,134,5,1554.61,310.92,0,380.0,62,5,2010-02-28,2011-07-29,516,Europe,76.0,4.09
15150,United Kingdom,2010-06-14,18,13,8977.94,690.61,0,6167.0,495,13,2010-06-14,2011-11-22,526,Europe,474.38,1.46
15151,United Kingdom,2010-07-18,424,2,2085.61,1042.81,1,795.0,56,2,2010-07-18,2010-10-12,86,Europe,397.5,2.62
15152,United Kingdom,2010-01-07,10,14,5263.83,375.99,0,2994.0,214,14,2010-01-07,2011-11-30,692,Europe,213.86,1.76
15153,United Kingdom,2011-11-08,32,1,329.25,329.25,0,198.0,22,1,2011-11-08,2011-11-08,0,Europe,198.0,1.66
15154,United Kingdom,2010-08-18,76,3,1343.72,447.91,0,333.0,166,3,2010-08-18,2011-09-25,403,Europe,111.0,4.04
15155,United Kingdom,2010-11-21,384,1,383.97,383.97,1,192.0,24,1,2010-11-21,2010-11-21,0,Europe,192.0,2.0
15156,United Kingdom,2011-11-06,2,3,961.49,320.5,0,597.0,51,3,2011-11-06,2011-12-08,32,Europe,199.0,1.61
15157,United Kingdom,2009-12-10,4,5,2654.11,530.82,0,3466.0,152,5,2009-12-10,2011-12-06,726,Europe,693.2,0.77
15158,United Kingdom,2010-11-03,46,2,606.02,303.01,0,219.0,11,2,2010-11-03,2011-10-25,356,Europe,109.5,2.77
15159,United Kingdom,2010-10-04,2,34,22116.73,650.49,0,13512.0,413,34,2010-10-04,2011-12-08,430,Europe,397.41,1.64
15160,United Kingdom,2010-10-14,358,4,589.27,147.32,1,307.0,17,4,2010-10-14,2010-12-17,64,Europe,76.75,1.92
15161,United Kingdom,2010-11-16,389,1,119.92,119.92,1,144.0,33,1,2010-11-16,2010-11-16,0,Europe,144.0,0.83
15162,United Kingdom,2009-12-08,732,1,312.9,312.9,1,74.0,12,1,2009-12-08,2009-12-08,0,Europe,74.0,4.23
15163,United Kingdom,2011-05-31,19,2,304.47,152.24,0,186.0,29,2,2011-05-31,2011-11-21,174,Europe,93.0,1.64
15164,United Kingdom,2010-01-18,69,9,2028.11,225.35,0,912.0,243,9,2010-01-18,2011-10-02,622,Europe,101.33,2.22
15165,United Kingdom,2010-12-01,374,1,487.75,487.75,1,160.0,27,1,2010-12-01,2010-12-01,0,Europe,160.0,3.05
15166,United Kingdom,2010-08-29,468,1,167.16,167.16,1,140.0,12,1,2010-08-29,2010-08-29,0,Europe,140.0,1.19
15167,United Kingdom,2010-02-04,321,5,1627.62,325.52,1,863.0,262,5,2010-02-04,2011-01-23,353,Europe,172.6,1.89
15168,United Kingdom,2011-11-14,26,1,106.56,106.56,0,52.0,5,1,2011-11-14,2011-11-14,0,Europe,52.0,2.05
15169,United Kingdom,2009-12-13,383,2,569.22,284.61,1,356.0,58,2,2009-12-13,2010-11-22,344,Europe,178.0,1.6
15170,United Kingdom,2010-10-29,407,1,81.15,81.15,1,33.0,4,1,2010-10-29,2010-10-29,0,Europe,33.0,2.46
15171,United Kingdom,2011-01-12,332,1,1289.5,1289.5,1,290.0,5,1,2011-01-12,2011-01-12,0,Europe,290.0,4.45
15172,United Kingdom,2011-04-17,9,5,1624.05,324.81,0,1611.0,106,5,2011-04-17,2011-12-01,228,Europe,322.2,1.01
15173,United Kingdom,2010-04-01,381,7,1494.6,213.51,1,840.0,68,7,2010-04-01,2010-11-24,237,Europe,120.0,1.78
15174,United Kingdom,2010-10-25,323,2,481.46,240.73,1,382.0,34,2,2010-10-25,2011-01-21,88,Europe,191.0,1.26
15175,United Kingdom,2011-09-29,72,1,224.14,224.14,0,454.0,23,1,2011-09-29,2011-09-29,0,Europe,454.0,0.49
15176,United Kingdom,2010-02-10,668,1,988.04,988.04,1,448.0,52,1,2010-02-10,2010-02-10,0,Europe,448.0,2.21
15177,United Kingdom,2010-10-10,426,1,948.93,948.93,1,485.0,26,1,2010-10-10,2010-10-10,0,Europe,485.0,1.96
15178,United Kingdom,2011-03-24,261,1,40.5,40.5,1,30.0,3,1,2011-03-24,2011-03-24,0,Europe,30.0,1.35
15179,United Kingdom,2009-12-03,19,13,7491.92,576.3,0,5416.0,225,13,2009-12-03,2011-11-21,718,Europe,416.62,1.38
15180,United Kingdom,2010-04-29,368,3,816.93,272.31,1,654.0,46,3,2010-04-29,2010-12-07,222,Europe,218.0,1.25
15181,United Kingdom,2009-12-08,67,5,1200.2,240.04,0,688.0,15,5,2009-12-08,2011-10-04,665,Europe,137.6,1.74
15182,United Kingdom,2010-02-21,155,11,2998.95,272.63,0,1184.0,77,11,2010-02-21,2011-07-08,502,Europe,107.64,2.53
15183,United Kingdom,2010-05-04,548,3,639.93,213.31,1,297.0,33,3,2010-05-04,2010-06-10,37,Europe,99.0,2.15
15184,United Kingdom,2009-12-16,30,4,685.39,171.35,0,462.0,72,4,2009-12-16,2011-11-10,694,Europe,115.5,1.48
15185,United Kingdom,2011-09-30,71,1,310.62,310.62,0,666.0,21,1,2011-09-30,2011-09-30,0,Europe,666.0,0.47
15186,United Kingdom,2010-01-12,15,5,1403.2,280.64,0,716.0,29,5,2010-01-12,2011-11-25,682,Europe,143.2,1.96
15187,United Kingdom,2011-05-11,2,16,4777.18,298.57,0,1887.0,61,16,2011-05-11,2011-12-08,211,Europe,117.94,2.53
15188,United Kingdom,2009-12-14,726,1,310.43,310.43,1,233.0,23,1,2009-12-14,2009-12-14,0,Europe,233.0,1.33
15189,United Kingdom,2010-07-18,2,46,17524.38,380.96,0,6902.0,90,46,2010-07-18,2011-12-08,508,Europe,150.04,2.54
15190,United Kingdom,2010-10-01,435,1,834.44,834.44,1,790.0,40,1,2010-10-01,2010-10-01,0,Europe,790.0,1.06
15191,United Kingdom,2010-01-20,464,3,588.05,196.02,1,287.0,33,3,2010-01-20,2010-09-02,225,Europe,95.67,2.05
15192,United Kingdom,2010-01-29,120,5,1666.39,333.28,0,1448.0,56,5,2010-01-29,2011-08-12,560,Europe,289.6,1.15
15193,United Kingdom,2011-10-10,61,1,499.32,499.32,0,144.0,19,1,2011-10-10,2011-10-10,0,Europe,144.0,3.47
15194,United Kingdom,2009-12-03,4,28,12021.53,429.34,0,8922.0,274,28,2009-12-03,2011-12-06,733,Europe,318.64,1.35
15195,United Kingdom,2011-12-07,3,1,3861.0,3861.0,0,1404.0,1,1,2011-12-07,2011-12-07,0,Europe,1404.0,2.75
15196,United Kingdom,2009-12-13,433,2,313.7,156.85,1,130.0,34,2,2009-12-13,2010-10-03,294,Europe,65.0,2.41
15197,United Kingdom,2009-12-11,11,6,1877.51,312.92,0,1058.0,44,6,2009-12-11,2011-11-29,718,Europe,176.33,1.77
15198,United Kingdom,2010-01-19,93,5,571.35,114.27,0,327.0,28,5,2010-01-19,2011-09-08,597,Europe,65.4,1.75
15199,United Kingdom,2010-05-13,60,10,3122.4,312.24,0,894.0,17,10,2010-05-13,2011-10-11,516,Europe,89.4,3.49
15200,United Kingdom,2010-08-02,495,1,549.05,549.05,1,195.0,30,1,2010-08-02,2010-08-02,0,Europe,195.0,2.82
15201,United Kingdom,2010-04-07,88,7,1842.95,263.28,0,1660.0,44,7,2010-04-07,2011-09-13,524,Europe,237.14,1.11
15202,United Kingdom,2010-10-15,421,3,6001.49,2000.5,1,3.0,1,3,2010-10-15,2010-10-15,0,Europe,1.0,2000.5
15203,United Kingdom,2009-12-08,26,15,4400.18,293.35,0,4182.0,150,15,2009-12-08,2011-11-14,706,Europe,278.8,1.05
15204,United Kingdom,2010-12-17,358,1,316.58,316.58,1,258.0,9,1,2010-12-17,2010-12-17,0,Europe,258.0,1.23
15205,United Kingdom,2011-08-04,86,2,653.24,326.62,0,378.0,37,2,2011-08-04,2011-09-15,42,Europe,189.0,1.73
15206,United Kingdom,2011-03-09,11,4,420.3,105.08,0,162.0,3,4,2011-03-09,2011-11-29,265,Europe,40.5,2.59
15207,United Kingdom,2010-06-10,417,3,683.92,227.97,1,428.0,19,3,2010-06-10,2010-10-19,131,Europe,142.67,1.6
15208,United Kingdom,2010-10-12,2,6,970.52,161.75,0,356.0,27,6,2010-10-12,2011-12-08,422,Europe,59.33,2.73
15209,United Kingdom,2009-12-09,731,1,178.98,178.98,1,94.0,13,1,2009-12-09,2009-12-09,0,Europe,94.0,1.9
15210,United Kingdom,2010-05-13,226,3,1176.19,392.06,1,841.0,66,3,2010-05-13,2011-04-28,350,Europe,280.33,1.4
15211,United Kingdom,2010-12-09,61,2,894.41,447.21,0,240.0,52,2,2010-12-09,2011-10-10,305,Europe,120.0,3.73
15212,United Kingdom,2010-11-28,242,2,208.28,104.14,1,84.0,7,2,2010-11-28,2011-04-12,135,Europe,42.0,2.48
15213,United Kingdom,2011-01-14,319,2,328.35,164.18,1,272.0,22,2,2011-01-14,2011-01-25,11,Europe,136.0,1.21
15214,United Kingdom,2011-04-11,2,8,1661.44,207.68,0,1254.0,109,8,2011-04-11,2011-12-08,241,Europe,156.75,1.32
15215,United Kingdom,2010-04-06,47,7,2422.43,346.06,0,776.0,85,7,2010-04-06,2011-10-24,566,Europe,110.86,3.12
15216,United Kingdom,2010-03-31,88,2,486.09,243.05,0,217.0,24,2,2010-03-31,2011-09-13,531,Europe,108.5,2.24
15217,United Kingdom,2010-05-25,564,1,426.24,426.24,1,190.0,28,1,2010-05-25,2010-05-25,0,Europe,190.0,2.24
15218,United Kingdom,2010-01-26,11,22,11468.83,521.31,0,6530.0,139,22,2010-01-26,2011-11-29,672,Europe,296.82,1.76
15219,United Kingdom,2010-03-01,177,2,685.45,342.73,1,271.0,26,2,2010-03-01,2011-06-16,472,Europe,135.5,2.53
15220,United Kingdom,2011-03-04,52,6,1778.96,296.49,0,1393.0,110,6,2011-03-04,2011-10-19,229,Europe,232.17,1.28
15221,United Kingdom,2010-03-12,367,4,2062.2,515.55,1,244.0,21,4,2010-03-12,2010-12-08,271,Europe,61.0,8.45
15222,United Kingdom,2009-12-16,319,11,3550.91,322.81,1,4458.0,98,11,2009-12-16,2011-01-25,405,Europe,405.27,0.8
15223,United Kingdom,2009-12-05,226,5,1417.95,283.59,1,385.0,26,5,2009-12-05,2011-04-28,509,Europe,77.0,3.68
15224,United Kingdom,2010-01-15,359,5,871.36,174.27,1,443.0,24,5,2010-01-15,2010-12-16,335,Europe,88.6,1.97
15225,United Kingdom,2011-04-19,235,1,409.4,409.4,1,226.0,23,1,2011-04-19,2011-04-19,0,Europe,226.0,1.81
15226,United Kingdom,2011-02-02,311,1,154.41,154.41,1,71.0,8,1,2011-02-02,2011-02-02,0,Europe,71.0,2.17
15227,United Kingdom,2010-03-16,37,9,2488.49,276.5,0,1217.0,86,9,2010-03-16,2011-11-03,597,Europe,135.22,2.04
15228,United Kingdom,2010-07-28,67,6,5580.27,930.05,0,3375.0,184,6,2010-07-28,2011-10-04,433,Europe,562.5,1.65
15229,United Kingdom,2010-05-02,587,1,160.5,160.5,1,114.0,9,1,2010-05-02,2010-05-02,0,Europe,114.0,1.41
15230,United Kingdom,2011-04-13,240,2,429.6,214.8,1,351.0,23,2,2011-04-13,2011-04-14,1,Europe,175.5,1.22
15231,United Kingdom,2010-03-28,622,1,250.26,250.26,1,190.0,14,1,2010-03-28,2010-03-28,0,Europe,190.0,1.32
15232,United Kingdom,2011-07-22,114,2,612.06,306.03,1,686.0,26,2,2011-07-22,2011-08-18,27,Europe,343.0,0.89
15233,United Kingdom,2010-11-03,402,1,59.4,59.4,1,12.0,1,1,2010-11-03,2010-11-03,0,Europe,12.0,4.95
15234,United Kingdom,2011-03-08,277,1,197.0,197.0,1,196.0,14,1,2011-03-08,2011-03-08,0,Europe,196.0,1.01
15235,United Kingdom,2010-11-16,218,16,2772.76,173.3,1,1676.0,161,16,2010-11-16,2011-05-06,171,Europe,104.75,1.65
15236,United Kingdom,2011-02-14,299,1,321.05,321.05,1,269.0,15,1,2011-02-14,2011-02-14,0,Europe,269.0,1.19
15237,United Kingdom,2011-04-26,2,4,1412.32,353.08,0,1071.0,94,4,2011-04-26,2011-12-08,226,Europe,267.75,1.32
15238,United Kingdom,2011-06-08,30,3,1071.99,357.33,0,692.0,49,3,2011-06-08,2011-11-10,155,Europe,230.67,1.55
15239,United Kingdom,2011-09-22,11,2,780.59,390.3,0,594.0,48,2,2011-09-22,2011-11-29,68,Europe,297.0,1.31
15240,United Kingdom,2009-12-05,45,12,4459.98,371.67,0,3214.0,134,12,2009-12-05,2011-10-26,690,Europe,267.83,1.39
15241,United Kingdom,2010-02-23,67,11,3050.16,277.29,0,3328.0,120,11,2010-02-23,2011-10-04,588,Europe,302.55,0.92
15242,United Kingdom,2010-10-13,423,1,302.04,302.04,1,196.0,4,1,2010-10-13,2010-10-13,0,Europe,196.0,1.54
15243,United Kingdom,2010-09-30,75,2,927.28,463.64,0,543.0,56,2,2010-09-30,2011-09-26,361,Europe,271.5,1.71
15244,United Kingdom,2010-02-11,66,3,912.08,304.03,0,472.0,44,3,2010-02-11,2011-10-05,601,Europe,157.33,1.93
15245,United Kingdom,2010-04-23,135,8,4610.84,576.36,0,3021.0,72,8,2010-04-23,2011-07-28,461,Europe,377.63,1.53
15246,United Kingdom,2010-06-02,239,3,780.4,260.13,1,359.0,45,3,2010-06-02,2011-04-15,317,Europe,119.67,2.17
15247,United Kingdom,2010-06-20,123,3,976.06,325.35,0,514.0,13,3,2010-06-20,2011-08-09,415,Europe,171.33,1.9
15248,United Kingdom,2010-06-23,412,3,1893.93,631.31,1,1065.0,103,3,2010-06-23,2010-10-24,123,Europe,355.0,1.78
15249,United Kingdom,2010-03-26,32,18,9266.0,514.78,0,4980.0,304,18,2010-03-26,2011-11-08,592,Europe,276.67,1.86
15250,United Kingdom,2010-03-09,641,1,60.0,60.0,1,48.0,3,1,2010-03-09,2010-03-09,0,Europe,48.0,1.25
15251,United Kingdom,2010-01-29,10,21,20324.54,967.84,0,12108.0,183,21,2010-01-29,2011-11-30,670,Europe,576.57,1.68
15252,United Kingdom,2010-04-07,37,5,2103.41,420.68,0,1430.0,106,5,2010-04-07,2011-11-03,575,Europe,286.0,1.47
15253,United Kingdom,2010-05-02,17,8,2055.09,256.89,0,1588.0,102,8,2010-05-02,2011-11-23,570,Europe,198.5,1.29
15254,United Kingdom,2010-05-28,128,3,1088.35,362.78,0,711.0,64,3,2010-05-28,2011-08-04,433,Europe,237.0,1.53
15255,United Kingdom,2009-12-03,67,9,3706.02,411.78,0,2214.0,137,9,2009-12-03,2011-10-04,670,Europe,246.0,1.67
15256,United Kingdom,2010-05-27,149,2,170.4,85.2,1,92.0,6,2,2010-05-27,2011-07-14,413,Europe,46.0,1.85
15257,United Kingdom,2010-10-21,284,2,685.9,342.95,1,71.0,11,2,2010-10-21,2011-03-01,131,Europe,35.5,9.66
15258,United Kingdom,2011-05-06,169,2,623.16,311.58,1,142.0,32,2,2011-05-06,2011-06-24,49,Europe,71.0,4.39
15259,United Kingdom,2010-01-26,513,4,1182.38,295.6,1,631.0,50,4,2010-01-26,2010-07-15,170,Europe,157.75,1.87
15260,United Kingdom,2009-12-06,101,25,8767.73,350.71,0,4468.0,186,25,2009-12-06,2011-08-31,633,Europe,178.72,1.96
15261,United Kingdom,2010-10-01,136,4,1508.0,377.0,0,806.0,87,4,2010-10-01,2011-07-27,299,Europe,201.5,1.87
15262,United Kingdom,2010-08-08,324,3,418.82,139.61,1,218.0,22,3,2010-08-08,2011-01-20,165,Europe,72.67,1.92
15263,United Kingdom,2011-08-25,107,1,156.51,156.51,1,89.0,12,1,2011-08-25,2011-08-25,0,Europe,89.0,1.76
15264,United Kingdom,2010-06-27,65,2,848.4,424.2,0,443.0,52,2,2010-06-27,2011-10-06,466,Europe,221.5,1.92
15265,United Kingdom,2009-12-01,152,4,3345.64,836.41,0,1570.0,179,4,2009-12-01,2011-07-11,587,Europe,392.5,2.13
15266,United Kingdom,2010-01-07,339,5,852.21,170.44,1,236.0,38,5,2010-01-07,2011-01-05,363,Europe,47.2,3.61
15267,United Kingdom,2011-06-10,23,5,1717.36,343.47,0,944.0,8,5,2011-06-10,2011-11-17,160,Europe,188.8,1.82
15268,United Kingdom,2010-04-13,479,3,961.9,320.63,1,428.0,21,3,2010-04-13,2010-08-18,127,Europe,142.67,2.25
15269,United Kingdom,2010-11-14,24,3,1225.36,408.45,0,372.0,33,3,2010-11-14,2011-11-16,367,Europe,124.0,3.29
15270,United Kingdom,2009-12-17,16,21,8524.86,405.95,0,4010.0,66,21,2009-12-17,2011-11-24,707,Europe,190.95,2.13
15271,United Kingdom,2010-08-05,8,24,4528.54,188.69,0,2412.0,369,24,2010-08-05,2011-12-02,484,Europe,100.5,1.88
15272,United Kingdom,2010-02-14,58,6,2030.95,338.49,0,665.0,257,6,2010-02-14,2011-10-13,606,Europe,110.83,3.05
15273,United Kingdom,2010-04-19,600,1,228.96,228.96,1,216.0,1,1,2010-04-19,2010-04-19,0,Europe,216.0,1.06
15274,United Kingdom,2011-11-21,5,2,716.57,358.29,0,619.0,44,2,2011-11-21,2011-12-05,14,Europe,309.5,1.16
15275,United Kingdom,2011-11-02,38,1,615.14,615.14,0,498.0,41,1,2011-11-02,2011-11-02,0,Europe,498.0,1.24
15276,United Kingdom,2010-10-01,67,4,619.8,154.95,0,317.0,160,4,2010-10-01,2011-10-04,368,Europe,79.25,1.96
15277,United Kingdom,2010-10-10,47,2,476.34,238.17,0,373.0,23,2,2010-10-10,2011-10-24,379,Europe,186.5,1.28
15278,United Kingdom,2010-02-12,562,4,496.16,124.04,1,458.0,29,4,2010-02-12,2010-05-27,104,Europe,114.5,1.08
15279,United Kingdom,2010-02-02,355,5,1580.54,316.11,1,802.0,74,5,2010-02-02,2010-12-20,321,Europe,160.4,1.97
15280,United Kingdom,2010-05-17,173,3,397.52,132.51,0,507.0,48,3,2010-05-17,2011-06-20,399,Europe,169.0,0.78
15281,United Kingdom,2010-10-08,59,16,8543.57,533.97,0,5233.0,427,16,2010-10-08,2011-10-12,369,Europe,327.06,1.63
15282,United Kingdom,2010-05-18,571,1,348.59,348.59,1,395.0,27,1,2010-05-18,2010-05-18,0,Europe,395.0,0.88
15283,United Kingdom,2010-07-09,391,3,148.33,49.44,1,27.0,9,3,2010-07-09,2010-11-14,128,Europe,9.0,5.49
15284,United Kingdom,2010-07-27,501,1,24.75,24.75,1,5.0,1,1,2010-07-27,2010-07-27,0,Europe,5.0,4.95
15285,United Kingdom,2010-10-28,408,1,94.92,94.92,1,120.0,6,1,2010-10-28,2010-10-28,0,Europe,120.0,0.79
15286,United Kingdom,2011-10-21,50,1,240.55,240.55,0,55.0,3,1,2011-10-21,2011-10-21,0,Europe,55.0,4.37
15287,United Kingdom,2009-12-02,23,5,856.03,171.21,0,1010.0,23,5,2009-12-02,2011-11-17,715,Europe,202.0,0.85
15288,United Kingdom,2010-02-12,44,10,3715.38,371.54,0,1336.0,128,10,2010-02-12,2011-10-27,622,Europe,133.6,2.78
15289,United Kingdom,2010-03-28,30,5,1593.09,318.62,0,1627.0,67,5,2010-03-28,2011-11-10,592,Europe,325.4,0.98
15290,United Kingdom,2010-02-24,5,26,10496.28,403.7,0,6567.0,106,26,2010-02-24,2011-12-05,649,Europe,252.58,1.6
15291,United Kingdom,2009-12-03,26,40,13517.76,337.94,0,4905.0,116,40,2009-12-03,2011-11-14,711,Europe,122.63,2.76
15292,United Kingdom,2011-05-22,202,1,178.39,178.39,1,55.0,24,1,2011-05-22,2011-05-22,0,Europe,55.0,3.24
15293,United Kingdom,2010-02-12,666,1,247.5,247.5,1,178.0,19,1,2010-02-12,2010-02-12,0,Europe,178.0,1.39
15294,United Kingdom,2010-10-25,411,1,233.35,233.35,1,97.0,15,1,2010-10-25,2010-10-25,0,Europe,97.0,2.41
15295,United Kingdom,2010-02-23,655,1,207.04,207.04,1,139.0,50,1,2010-02-23,2010-02-23,0,Europe,139.0,1.49
15296,United Kingdom,2010-01-21,51,12,10323.03,860.25,0,5452.0,342,12,2010-01-21,2011-10-20,637,Europe,454.33,1.89
15297,United Kingdom,2011-10-07,11,3,641.94,213.98,0,292.0,30,3,2011-10-07,2011-11-29,53,Europe,97.33,2.2
15298,United Kingdom,2009-12-08,3,23,9061.77,393.99,0,6000.0,199,23,2009-12-08,2011-12-07,729,Europe,260.87,1.51
15299,United Kingdom,2010-01-12,68,10,6156.53,615.65,0,3356.0,9,10,2010-01-12,2011-10-03,629,Europe,335.6,1.83
15300,United Kingdom,2011-10-06,65,1,496.44,496.44,0,292.0,28,1,2011-10-06,2011-10-06,0,Europe,292.0,1.7
15301,United Kingdom,2010-09-15,51,17,6909.67,406.45,0,3763.0,231,17,2010-09-15,2011-10-20,400,Europe,221.35,1.84
15302,United Kingdom,2009-12-09,731,1,308.0,308.0,1,102.0,15,1,2009-12-09,2009-12-09,0,Europe,102.0,3.02
15303,United Kingdom,2010-01-25,291,3,1224.18,408.06,1,514.0,63,3,2010-01-25,2011-02-22,393,Europe,171.33,2.38
15304,United Kingdom,2010-10-14,61,9,796.4,88.49,0,112.0,8,9,2010-10-14,2011-10-10,361,Europe,12.44,7.11
15305,United Kingdom,2010-06-02,556,1,93.6,93.6,1,40.0,5,1,2010-06-02,2010-06-02,0,Europe,40.0,2.34
15306,United Kingdom,2010-02-18,65,9,3484.73,387.19,0,3074.0,123,9,2010-02-18,2011-10-06,595,Europe,341.56,1.13
15307,United Kingdom,2011-09-05,96,1,205.3,205.3,1,37.0,12,1,2011-09-05,2011-09-05,0,Europe,37.0,5.55
15308,United Kingdom,2011-03-10,275,1,310.47,310.47,1,175.0,19,1,2011-03-10,2011-03-10,0,Europe,175.0,1.77
15309,United Kingdom,2009-12-04,611,4,797.96,199.49,1,440.0,49,4,2009-12-04,2010-04-08,125,Europe,110.0,1.81
15310,United Kingdom,2010-08-18,479,1,1634.64,1634.64,1,1476.0,45,1,2010-08-18,2010-08-18,0,Europe,1476.0,1.11
15311,United Kingdom,2009-12-01,1,208,114966.42,552.72,0,70149.0,864,208,2009-12-01,2011-12-09,738,Europe,337.25,1.64
15312,United Kingdom,2009-12-16,76,12,2930.19,244.18,0,1693.0,118,12,2009-12-16,2011-09-25,648,Europe,141.08,1.73
15313,United Kingdom,2011-08-21,111,1,52.0,52.0,1,25.0,1,1,2011-08-21,2011-08-21,0,Europe,25.0,2.08
15314,United Kingdom,2010-10-07,200,3,820.45,273.48,1,750.0,49,3,2010-10-07,2011-05-24,229,Europe,250.0,1.09
15315,United Kingdom,2011-08-15,65,2,570.5,285.25,0,862.0,35,2,2011-08-15,2011-10-06,52,Europe,431.0,0.66
15316,United Kingdom,2011-01-17,327,1,165.0,165.0,1,100.0,1,1,2011-01-17,2011-01-17,0,Europe,100.0,1.65
15317,United Kingdom,2010-01-31,678,1,129.75,129.75,1,45.0,5,1,2010-01-31,2010-01-31,0,Europe,45.0,2.88
15318,United Kingdom,2011-12-06,4,1,312.62,312.62,0,642.0,33,1,2011-12-06,2011-12-06,0,Europe,642.0,0.49
15319,United Kingdom,2011-03-01,284,1,204.5,204.5,1,175.0,16,1,2011-03-01,2011-03-01,0,Europe,175.0,1.17
15320,United Kingdom,2011-10-26,45,1,267.13,267.13,0,326.0,36,1,2011-10-26,2011-10-26,0,Europe,326.0,0.82
15321,United Kingdom,2010-02-03,71,12,6709.73,559.14,0,3653.0,242,12,2010-02-03,2011-09-30,604,Europe,304.42,1.84
15322,United Kingdom,2010-08-20,86,2,1390.86,695.43,0,971.0,76,2,2010-08-20,2011-09-15,391,Europe,485.5,1.43
15323,United Kingdom,2010-02-16,563,3,434.6,144.87,1,188.0,29,3,2010-02-16,2010-05-26,99,Europe,62.67,2.31
15324,United Kingdom,2010-01-07,702,1,140.22,140.22,1,74.0,8,1,2010-01-07,2010-01-07,0,Europe,74.0,1.89
15325,United Kingdom,2010-02-16,104,8,1601.46,200.18,0,1382.0,164,8,2010-02-16,2011-08-28,558,Europe,172.75,1.16
15326,United Kingdom,2009-12-01,334,5,1700.52,340.1,1,1351.0,94,5,2009-12-01,2011-01-10,405,Europe,270.2,1.26
15327,United Kingdom,2011-10-18,53,1,208.75,208.75,0,116.0,10,1,2011-10-18,2011-10-18,0,Europe,116.0,1.8
15328,United Kingdom,2010-10-28,408,1,107.24,107.24,1,88.0,8,1,2010-10-28,2010-10-28,0,Europe,88.0,1.22
15329,United Kingdom,2009-12-14,40,11,2958.83,268.98,0,1217.0,98,11,2009-12-14,2011-10-31,686,Europe,110.64,2.43
15330,United Kingdom,2011-10-10,33,2,714.96,357.48,0,1312.0,10,2,2011-10-10,2011-11-07,28,Europe,656.0,0.54
15331,United Kingdom,2010-04-09,500,3,767.91,255.97,1,701.0,41,3,2010-04-09,2010-07-28,110,Europe,233.67,1.1
15332,Lithuania,2010-07-14,367,6,4892.68,815.45,1,2306.0,113,6,2010-07-14,2010-12-08,147,Europe,384.33,2.12
15333,United Kingdom,2011-05-15,209,1,1028.56,1028.56,1,344.0,16,1,2011-05-15,2011-05-15,0,Europe,344.0,2.99
15334,United Kingdom,2011-06-19,157,3,350.82,116.94,0,273.0,67,3,2011-06-19,2011-07-06,17,Europe,91.0,1.29
15335,United Kingdom,2011-10-17,54,1,170.22,170.22,0,79.0,34,1,2011-10-17,2011-10-17,0,Europe,79.0,2.15
15336,United Kingdom,2010-11-03,402,1,240.5,240.5,1,84.0,15,1,2010-11-03,2010-11-03,0,Europe,84.0,2.86
15337,United Kingdom,2010-10-24,412,1,373.02,373.02,1,200.0,21,1,2010-10-24,2010-10-24,0,Europe,200.0,1.87
15338,United Kingdom,2010-01-31,678,1,277.93,277.93,1,148.0,56,1,2010-01-31,2010-01-31,0,Europe,148.0,1.88
15339,United Kingdom,2010-02-08,67,7,1821.02,260.15,0,1138.0,162,7,2010-02-08,2011-10-04,603,Europe,162.57,1.6
15340,United Kingdom,2010-05-27,562,1,105.5,105.5,1,76.0,7,1,2010-05-27,2010-05-27,0,Europe,76.0,1.39
15341,United Kingdom,2010-09-16,81,2,2402.72,1201.36,0,1008.0,22,2,2010-09-16,2011-09-20,369,Europe,504.0,2.38
15342,United Kingdom,2011-08-02,130,1,406.09,406.09,1,283.0,24,1,2011-08-02,2011-08-02,0,Europe,283.0,1.43
15343,United Kingdom,2011-09-13,88,1,364.5,364.5,0,84.0,21,1,2011-09-13,2011-09-13,0,Europe,84.0,4.34
15344,United Kingdom,2011-09-26,1,3,563.94,187.98,0,116.0,21,3,2011-09-26,2011-12-09,74,Europe,38.67,4.86
15345,United Kingdom,2011-10-25,46,1,393.54,393.54,0,81.0,20,1,2011-10-25,2011-10-25,0,Europe,81.0,4.86
15346,United Kingdom,2010-10-04,333,3,596.12,198.71,1,260.0,36,3,2010-10-04,2011-01-11,99,Europe,86.67,2.29
15347,United Kingdom,2010-09-28,367,4,1162.0,290.5,1,542.0,29,4,2010-09-28,2010-12-08,71,Europe,135.5,2.14
15348,United Kingdom,2011-09-28,73,1,158.04,158.04,0,84.0,9,1,2011-09-28,2011-09-28,0,Europe,84.0,1.88
15349,United Kingdom,2011-06-05,159,2,463.91,231.96,1,321.0,65,2,2011-06-05,2011-07-04,29,Europe,160.5,1.45
15350,United Kingdom,2010-11-21,374,2,547.6,273.8,1,272.0,26,2,2010-11-21,2010-12-01,10,Europe,136.0,2.01
15351,United Kingdom,2010-10-03,13,10,3430.22,343.02,0,1350.0,201,10,2010-10-03,2011-11-27,420,Europe,135.0,2.54
15352,United Kingdom,2010-06-09,549,1,111.15,111.15,1,40.0,34,1,2010-06-09,2010-06-09,0,Europe,40.0,2.78
15353,United Kingdom,2009-12-02,255,7,2794.47,399.21,1,1391.0,274,7,2009-12-02,2011-03-30,483,Europe,198.71,2.01
15354,United Kingdom,2010-04-15,604,3,284.4,94.8,1,3.0,1,3,2010-04-15,2010-04-15,0,Europe,1.0,94.8
15355,United Kingdom,2011-10-17,30,2,277.05,138.53,0,45.0,9,2,2011-10-17,2011-11-10,24,Europe,22.5,6.16
15356,United Kingdom,2010-10-13,32,13,3239.57,249.2,0,1892.0,290,13,2010-10-13,2011-11-08,391,Europe,145.54,1.71
15358,United Kingdom,2009-12-07,5,42,16425.86,391.09,0,14902.0,359,42,2009-12-07,2011-12-05,728,Europe,354.81,1.1
15359,United Kingdom,2010-01-15,663,8,181.35,22.67,1,145.0,10,8,2010-01-15,2010-02-15,31,Europe,18.13,1.25
15360,United Kingdom,2011-10-31,40,1,427.93,427.93,0,223.0,13,1,2011-10-31,2011-10-31,0,Europe,223.0,1.92
15361,United Kingdom,2010-06-14,362,4,689.07,172.27,1,373.0,10,4,2010-06-14,2010-12-13,182,Europe,93.25,1.85
15362,United Kingdom,2009-12-01,449,2,613.08,306.54,1,368.0,38,2,2009-12-01,2010-09-17,290,Europe,184.0,1.67
15363,United Kingdom,2010-08-04,373,2,678.11,339.06,1,383.0,32,2,2010-08-04,2010-12-02,120,Europe,191.5,1.77
15364,United Kingdom,2011-03-30,96,2,913.19,456.6,1,493.0,29,2,2011-03-30,2011-09-05,159,Europe,246.5,1.85
15365,United Kingdom,2010-02-04,26,13,4557.13,350.55,0,2131.0,126,13,2010-02-04,2011-11-14,648,Europe,163.92,2.14
15366,United Kingdom,2010-02-26,76,7,2389.08,341.3,0,2447.0,86,7,2010-02-26,2011-09-25,576,Europe,349.57,0.98
15367,United Kingdom,2009-12-10,58,11,5081.33,461.94,0,2944.0,214,11,2009-12-10,2011-10-13,672,Europe,267.64,1.73
15368,United Kingdom,2010-11-10,22,2,722.74,361.37,0,406.0,8,2,2010-11-10,2011-11-18,373,Europe,203.0,1.78
15369,United Kingdom,2009-12-08,493,11,6251.26,568.3,1,3288.0,44,11,2009-12-08,2010-08-04,239,Europe,298.91,1.9
15370,United Kingdom,2010-10-25,41,8,3739.01,467.38,0,1397.0,90,8,2010-10-25,2011-10-30,370,Europe,174.63,2.68
15371,United Kingdom,2010-02-15,663,1,59.4,59.4,1,12.0,1,1,2010-02-15,2010-02-15,0,Europe,12.0,4.95
15372,United Kingdom,2010-02-14,138,8,6017.06,752.13,0,6410.0,45,8,2010-02-14,2011-07-25,526,Europe,801.25,0.94
15373,United Kingdom,2010-05-02,9,17,3084.54,181.44,0,726.0,107,17,2010-05-02,2011-12-01,578,Europe,42.71,4.25
15374,United Kingdom,2010-03-25,129,2,307.32,153.66,1,290.0,8,2,2010-03-25,2011-08-03,496,Europe,145.0,1.06
15375,United Kingdom,2010-01-18,691,1,60.96,60.96,1,84.0,6,1,2010-01-18,2010-01-18,0,Europe,84.0,0.73
15376,United Kingdom,2011-05-01,41,3,1221.56,407.19,0,615.0,100,3,2011-05-01,2011-10-30,182,Europe,205.0,1.99
15377,United Kingdom,2010-10-20,383,4,1211.75,302.94,1,253.0,15,4,2010-10-20,2010-11-22,33,Europe,63.25,4.79
15378,United Kingdom,2010-07-26,463,2,246.5,123.25,1,130.0,8,2,2010-07-26,2010-09-03,39,Europe,65.0,1.9
15379,United Kingdom,2010-11-04,170,8,4877.84,609.73,0,3000.0,177,8,2010-11-04,2011-06-23,231,Europe,375.0,1.63
15380,United Kingdom,2009-12-01,9,11,3248.96,295.36,0,954.0,27,11,2009-12-01,2011-12-01,730,Europe,86.73,3.41
15381,United Kingdom,2010-05-05,214,5,1890.57,378.11,1,802.0,20,5,2010-05-05,2011-05-10,370,Europe,160.4,2.36
15382,United Kingdom,2009-12-04,15,12,13733.55,1144.46,0,9178.0,315,12,2009-12-04,2011-11-25,721,Europe,764.83,1.5
15384,United Kingdom,2010-04-26,170,4,2027.79,506.95,0,1767.0,83,4,2010-04-26,2011-06-23,423,Europe,441.75,1.15
15385,United Kingdom,2010-01-31,41,3,942.08,314.03,0,428.0,18,3,2010-01-31,2011-10-30,637,Europe,142.67,2.2
15386,United Kingdom,2011-06-06,187,1,394.14,394.14,1,446.0,31,1,2011-06-06,2011-06-06,0,Europe,446.0,0.88
15387,United Kingdom,2010-08-04,493,1,468.65,468.65,1,335.0,20,1,2010-08-04,2010-08-04,0,Europe,335.0,1.4
15388,Canada,2011-03-14,271,1,140.54,140.54,1,88.0,10,1,2011-03-14,2011-03-14,0,North America,88.0,1.6
15389,United Kingdom,2010-01-27,173,5,2733.8,546.76,0,3940.0,2,5,2010-01-27,2011-06-20,509,Europe,788.0,0.69
15390,Canada,2010-10-26,397,2,1216.66,608.33,1,894.0,77,2,2010-10-26,2010-11-08,13,North America,447.0,1.36
15391,United Kingdom,2010-05-04,585,1,289.87,289.87,1,109.0,12,1,2010-05-04,2010-05-04,0,Europe,109.0,2.66
15392,United Kingdom,2010-10-04,5,7,2911.62,415.95,0,2144.0,100,7,2010-10-04,2011-12-05,427,Europe,306.29,1.36
15393,United Kingdom,2009-12-15,17,5,891.34,178.27,0,378.0,37,5,2009-12-15,2011-11-23,708,Europe,75.6,2.36
15394,United Kingdom,2009-12-15,10,11,5286.8,480.62,0,2372.0,129,11,2009-12-15,2011-11-30,715,Europe,215.64,2.23
15395,United Kingdom,2011-01-18,326,1,107.45,107.45,1,17.0,7,1,2011-01-18,2011-01-18,0,Europe,17.0,6.32
15396,United Kingdom,2010-05-05,113,2,796.38,398.19,1,278.0,16,2,2010-05-05,2011-08-19,471,Europe,139.0,2.86
15397,United Kingdom,2011-02-23,290,1,94.0,94.0,1,20.0,6,1,2011-02-23,2011-02-23,0,Europe,20.0,4.7
15398,United Kingdom,2011-09-22,17,2,1345.53,672.77,0,769.0,60,2,2011-09-22,2011-11-23,62,Europe,384.5,1.75
15399,United Kingdom,2011-09-21,2,3,815.77,271.92,0,611.0,45,3,2011-09-21,2011-12-08,78,Europe,203.67,1.34
15400,United Kingdom,2010-05-28,93,8,1302.3,162.79,0,662.0,16,8,2010-05-28,2011-09-08,468,Europe,82.75,1.97
15401,United Kingdom,2010-05-20,453,2,216.95,108.48,1,93.0,14,2,2010-05-20,2010-09-13,116,Europe,46.5,2.33
15402,United Kingdom,2010-04-27,149,6,1830.54,305.09,0,2034.0,79,6,2010-04-27,2011-07-14,443,Europe,339.0,0.9
15403,United Kingdom,2009-12-09,492,2,170.88,85.44,1,492.0,6,2,2009-12-09,2010-08-05,239,Europe,246.0,0.35
15404,United Kingdom,2010-11-29,376,1,257.06,257.06,1,334.0,16,1,2010-11-29,2010-11-29,0,Europe,334.0,0.77
15405,United Kingdom,2010-05-12,190,2,659.84,329.92,1,348.0,29,2,2010-05-12,2011-06-03,387,Europe,174.0,1.9
15406,United Kingdom,2010-09-12,32,4,975.87,243.97,0,547.0,108,4,2010-09-12,2011-11-08,422,Europe,136.75,1.78
15407,United Kingdom,2011-02-07,34,4,1046.74,261.69,0,552.0,142,4,2011-02-07,2011-11-06,272,Europe,138.0,1.9
15408,United Kingdom,2011-03-20,265,1,267.18,267.18,1,106.0,34,1,2011-03-20,2011-03-20,0,Europe,106.0,2.52
15409,United Kingdom,2009-12-18,722,1,131.25,131.25,1,59.0,9,1,2009-12-18,2009-12-18,0,Europe,59.0,2.22
15410,United Kingdom,2010-04-19,85,10,4685.72,468.57,0,1902.0,80,10,2010-04-19,2011-09-16,515,Europe,190.2,2.46
15411,United Kingdom,2011-06-10,27,4,1348.93,337.23,0,529.0,86,4,2011-06-10,2011-11-13,156,Europe,132.25,2.55
15412,United Kingdom,2011-06-21,172,1,190.53,190.53,1,108.0,10,1,2011-06-21,2011-06-21,0,Europe,108.0,1.76
15413,United Kingdom,2009-12-01,692,5,6798.72,1359.74,1,2694.0,20,5,2009-12-01,2010-01-17,47,Europe,538.8,2.52
15414,United Kingdom,2011-04-11,10,3,774.9,258.3,0,443.0,37,3,2011-04-11,2011-11-30,233,Europe,147.67,1.75
15415,United Kingdom,2011-01-30,314,1,559.61,559.61,1,551.0,46,1,2011-01-30,2011-01-30,0,Europe,551.0,1.02
15416,United Kingdom,2010-02-01,65,7,4572.82,653.26,0,2420.0,189,7,2010-02-01,2011-10-06,612,Europe,345.71,1.89
15417,United Kingdom,2011-09-15,86,1,508.8,508.8,0,284.0,28,1,2011-09-15,2011-09-15,0,Europe,284.0,1.79
15418,United Kingdom,2010-05-02,426,2,449.42,224.71,1,264.0,64,2,2010-05-02,2010-10-10,161,Europe,132.0,1.7
15419,United Kingdom,2011-11-15,25,1,135.86,135.86,0,230.0,8,1,2011-11-15,2011-11-15,0,Europe,230.0,0.59
15420,United Kingdom,2009-12-05,435,6,743.0,123.83,1,844.0,52,6,2009-12-05,2010-10-01,300,Europe,140.67,0.88
15421,United Kingdom,2009-12-07,59,10,3805.34,380.53,0,1927.0,170,10,2009-12-07,2011-10-12,674,Europe,192.7,1.97
15422,United Kingdom,2010-02-07,324,7,1619.97,231.42,1,710.0,80,7,2010-02-07,2011-01-20,347,Europe,101.43,2.28
15423,United Kingdom,2010-03-28,39,3,266.89,88.96,0,198.0,13,3,2010-03-28,2011-11-01,583,Europe,66.0,1.35
15424,United Kingdom,2010-09-02,255,3,597.78,199.26,1,873.0,33,3,2010-09-02,2011-03-30,209,Europe,291.0,0.68
15425,United Kingdom,2010-02-14,401,4,1941.12,485.28,1,1041.0,114,4,2010-02-14,2010-11-04,263,Europe,260.25,1.86
15426,United Kingdom,2010-05-02,20,9,2156.35,239.59,0,1041.0,327,9,2010-05-02,2011-11-20,567,Europe,115.67,2.07
15427,United Kingdom,2011-10-23,34,3,1430.54,476.85,0,967.0,233,3,2011-10-23,2011-11-06,14,Europe,322.33,1.48
15428,United Kingdom,2009-12-17,16,4,762.75,190.69,0,347.0,39,4,2009-12-17,2011-11-24,707,Europe,86.75,2.2
15429,United Kingdom,2011-09-25,27,2,397.35,198.68,0,380.0,77,2,2011-09-25,2011-11-13,49,Europe,190.0,1.05
15430,United Kingdom,2010-06-29,468,2,954.75,477.38,1,309.0,36,2,2010-06-29,2010-08-29,61,Europe,154.5,3.09
15431,United Kingdom,2010-07-25,503,1,153.24,153.24,1,84.0,2,1,2010-07-25,2010-07-25,0,Europe,84.0,1.82
15432,United Kingdom,2010-06-16,24,2,320.76,160.38,0,92.0,16,2,2010-06-16,2011-11-16,518,Europe,46.0,3.49
15433,United Kingdom,2011-03-17,214,2,533.3,266.65,1,534.0,40,2,2011-03-17,2011-05-10,54,Europe,267.0,1.0
15434,United Kingdom,2010-01-24,9,11,2567.06,233.37,0,1423.0,82,11,2010-01-24,2011-12-01,676,Europe,129.36,1.8
15435,United Kingdom,2011-11-17,23,1,149.29,149.29,0,54.0,29,1,2011-11-17,2011-11-17,0,Europe,54.0,2.76
15436,United Kingdom,2011-04-19,13,3,1067.75,355.92,0,574.0,243,3,2011-04-19,2011-11-27,222,Europe,191.33,1.86
15437,United Kingdom,2010-03-09,263,2,393.45,196.73,1,177.0,56,2,2010-03-09,2011-03-22,378,Europe,88.5,2.22
15438,United Kingdom,2011-07-31,132,1,156.58,156.58,1,59.0,25,1,2011-07-31,2011-07-31,0,Europe,59.0,2.65
15439,United Kingdom,2010-02-24,405,4,1269.05,317.26,1,572.0,49,4,2010-02-24,2010-10-31,249,Europe,143.0,2.22
15440,United Kingdom,2011-05-15,55,3,383.68,127.89,0,197.0,50,3,2011-05-15,2011-10-16,154,Europe,65.67,1.95
15441,United Kingdom,2009-12-09,397,3,1254.21,418.07,1,587.0,45,3,2009-12-09,2010-11-08,334,Europe,195.67,2.14
15442,United Kingdom,2011-04-05,249,1,594.0,594.0,1,120.0,2,1,2011-04-05,2011-04-05,0,Europe,120.0,4.95
15443,United Kingdom,2010-03-07,2,14,5114.23,365.3,0,2699.0,408,14,2010-03-07,2011-12-08,641,Europe,192.79,1.89
15444,United Kingdom,2011-10-30,10,2,1411.21,705.61,0,759.0,191,2,2011-10-30,2011-11-30,31,Europe,379.5,1.86
15445,United Kingdom,2010-04-28,265,2,284.5,142.25,1,118.0,12,2,2010-04-28,2011-03-20,326,Europe,59.0,2.41
15446,United Kingdom,2009-12-13,377,3,399.75,133.25,1,265.0,90,3,2009-12-13,2010-11-28,350,Europe,88.33,1.51
15447,United Kingdom,2010-03-24,331,5,492.88,98.58,1,228.0,27,5,2010-03-24,2011-01-13,295,Europe,45.6,2.16
15448,United Kingdom,2010-02-03,313,2,788.81,394.41,1,487.0,49,2,2010-02-03,2011-01-31,362,Europe,243.5,1.62
15449,United Kingdom,2011-03-23,27,3,974.52,324.84,0,812.0,47,3,2011-03-23,2011-11-13,235,Europe,270.67,1.2
15450,United Kingdom,2011-11-09,31,1,429.84,429.84,0,376.0,30,1,2011-11-09,2011-11-09,0,Europe,376.0,1.14
15451,United Kingdom,2010-04-19,435,2,226.86,113.43,1,76.0,56,2,2010-04-19,2010-10-01,165,Europe,38.0,2.99
15452,United Kingdom,2010-07-16,30,6,1785.11,297.52,0,1087.0,158,6,2010-07-16,2011-11-10,482,Europe,181.17,1.64
15453,United Kingdom,2011-06-05,2,7,1371.77,195.97,0,837.0,169,7,2011-06-05,2011-12-08,186,Europe,119.57,1.64
15454,United Kingdom,2010-03-31,363,2,305.99,153.0,1,146.0,35,2,2010-03-31,2010-12-12,256,Europe,73.0,2.1
15455,United Kingdom,2010-04-21,598,1,38.25,38.25,1,3.0,2,1,2010-04-21,2010-04-21,0,Europe,3.0,12.75
15456,United Kingdom,2009-12-08,284,10,2091.52,209.15,1,2727.0,128,10,2009-12-08,2011-03-01,448,Europe,272.7,0.77
15457,United Kingdom,2011-03-22,263,1,237.07,237.07,1,132.0,56,1,2011-03-22,2011-03-22,0,Europe,132.0,1.8
15458,United Kingdom,2010-11-02,26,2,370.44,185.22,0,300.0,13,2,2010-11-02,2011-11-14,377,Europe,150.0,1.23
15459,United Kingdom,2010-07-30,418,2,202.83,101.42,1,121.0,6,2,2010-07-30,2010-10-18,80,Europe,60.5,1.68
15460,United Kingdom,2010-12-20,355,1,214.26,214.26,1,107.0,53,1,2010-12-20,2010-12-20,0,Europe,107.0,2.0
15461,United Kingdom,2010-03-18,461,2,429.7,214.85,1,230.0,1,2,2010-03-18,2010-09-05,171,Europe,115.0,1.87
15462,United Kingdom,2010-09-20,95,4,737.05,184.26,0,495.0,32,4,2010-09-20,2011-09-06,351,Europe,123.75,1.49
15463,United Kingdom,2011-11-10,30,1,126.14,126.14,0,106.0,7,1,2011-11-10,2011-11-10,0,Europe,106.0,1.19
15464,United Kingdom,2011-01-05,339,1,1044.65,1044.65,1,348.0,155,1,2011-01-05,2011-01-05,0,Europe,348.0,3.0
15465,United Kingdom,2009-12-10,20,32,12100.4,378.14,0,2638.0,94,32,2009-12-10,2011-11-20,710,Europe,82.44,4.59
15466,United Kingdom,2009-12-03,86,4,1560.46,390.12,0,941.0,211,4,2009-12-03,2011-09-15,651,Europe,235.25,1.66
15467,United Kingdom,2011-07-10,10,3,524.88,174.96,0,310.0,41,3,2011-07-10,2011-11-30,143,Europe,103.33,1.69
15468,United Kingdom,2010-11-12,52,3,1430.48,476.83,0,1400.0,80,3,2010-11-12,2011-10-19,341,Europe,466.67,1.02
15469,United Kingdom,2010-09-27,51,3,874.25,291.42,0,287.0,38,3,2010-09-27,2011-10-20,388,Europe,95.67,3.05
15470,United Kingdom,2010-05-13,576,1,63.42,63.42,1,232.0,4,1,2010-05-13,2010-05-13,0,Europe,232.0,0.27
15471,United Kingdom,2010-06-07,3,3,1292.01,430.67,0,670.0,122,3,2010-06-07,2011-12-07,548,Europe,223.33,1.93
15472,United Kingdom,2011-08-18,114,1,371.56,371.56,1,251.0,76,1,2011-08-18,2011-08-18,0,Europe,251.0,1.48
15473,United Kingdom,2010-09-21,15,8,2046.0,255.75,0,776.0,5,8,2010-09-21,2011-11-25,430,Europe,97.0,2.64
15474,United Kingdom,2010-04-23,596,1,150.35,150.35,1,55.0,19,1,2010-04-23,2010-04-23,0,Europe,55.0,2.73
15475,United Kingdom,2011-09-23,78,1,454.11,454.11,0,319.0,29,1,2011-09-23,2011-09-23,0,Europe,319.0,1.42
15476,United Kingdom,2010-09-23,381,4,2209.98,552.5,1,1174.0,67,4,2010-09-23,2010-11-24,62,Europe,293.5,1.88
15477,United Kingdom,2010-02-28,650,1,368.4,368.4,1,216.0,2,1,2010-02-28,2010-02-28,0,Europe,216.0,1.71
15478,United Kingdom,2010-05-13,41,3,1983.48,661.16,0,894.0,53,3,2010-05-13,2011-10-30,535,Europe,298.0,2.22
15479,United Kingdom,2009-12-06,734,1,147.4,147.4,1,38.0,9,1,2009-12-06,2009-12-06,0,Europe,38.0,3.88
15480,Malta,2010-02-01,117,5,6279.0,1255.8,0,1852.0,199,5,2010-02-01,2011-08-15,560,Europe,370.4,3.39
15481,Norway,2010-11-03,402,1,1993.34,1993.34,1,1450.0,38,1,2010-11-03,2010-11-03,0,Europe,1450.0,1.37
15482,United Kingdom,2009-12-02,16,19,14417.36,758.81,0,6516.0,74,19,2009-12-02,2011-11-24,722,Europe,342.95,2.21
15483,United Kingdom,2010-01-24,162,10,817.82,81.78,0,905.0,216,10,2010-01-24,2011-07-01,523,Europe,90.5,0.9
15484,United Kingdom,2009-12-05,2,6,4652.1,775.35,0,4074.0,180,6,2009-12-05,2011-12-08,733,Europe,679.0,1.14
15485,United Kingdom,2009-12-01,31,7,4810.92,687.27,0,2153.0,80,7,2009-12-01,2011-11-09,708,Europe,307.57,2.23
15486,United Kingdom,2010-06-30,528,1,102.0,102.0,1,40.0,1,1,2010-06-30,2010-06-30,0,Europe,40.0,2.55
15487,United Kingdom,2010-01-29,680,1,231.32,231.32,1,144.0,14,1,2010-01-29,2010-01-29,0,Europe,144.0,1.61
15488,United Kingdom,2010-05-05,93,5,431.92,86.38,0,251.0,10,5,2010-05-05,2011-09-08,491,Europe,50.2,1.72
15489,United Kingdom,2010-01-15,23,8,2419.61,302.45,0,1264.0,75,8,2010-01-15,2011-11-17,671,Europe,158.0,1.91
15490,United Kingdom,2010-10-05,431,1,210.85,210.85,1,82.0,22,1,2010-10-05,2010-10-05,0,Europe,82.0,2.57
15491,United Kingdom,2011-04-18,96,6,3100.09,516.68,0,1646.0,108,6,2011-04-18,2011-09-05,140,Europe,274.33,1.88
15492,United Kingdom,2011-09-26,29,2,659.46,329.73,0,483.0,32,2,2011-09-26,2011-11-11,46,Europe,241.5,1.37
15493,United Kingdom,2010-02-23,33,9,4121.68,457.96,0,1206.0,289,9,2010-02-23,2011-11-07,622,Europe,134.0,3.42
15494,United Kingdom,2009-12-10,22,5,3702.6,740.52,0,3052.0,307,5,2009-12-10,2011-11-18,708,Europe,610.4,1.21
15495,United Kingdom,2010-11-25,380,1,246.5,246.5,1,194.0,20,1,2010-11-25,2010-11-25,0,Europe,194.0,1.27
15496,United Kingdom,2010-03-18,632,1,146.14,146.14,1,98.0,22,1,2010-03-18,2010-03-18,0,Europe,98.0,1.49
15497,United Kingdom,2009-12-18,18,9,8657.39,961.93,0,2937.0,66,9,2009-12-18,2011-11-22,704,Europe,326.33,2.95
15498,United Kingdom,2009-12-16,3,44,24972.86,567.57,0,12134.0,597,44,2009-12-16,2011-12-07,721,Europe,275.77,2.06
15499,United Kingdom,2009-12-16,724,1,158.65,158.65,1,59.0,40,1,2009-12-16,2009-12-16,0,Europe,59.0,2.69
15500,United Kingdom,2011-09-19,9,4,1131.56,282.89,0,572.0,64,4,2011-09-19,2011-12-01,73,Europe,143.0,1.98
15501,United Kingdom,2010-10-20,405,2,399.95,199.98,1,205.0,64,2,2010-10-20,2010-10-31,11,Europe,102.5,1.95
15502,United Kingdom,2010-06-03,16,14,13003.87,928.85,0,5559.0,231,14,2010-06-03,2011-11-24,539,Europe,397.07,2.34
15503,United Kingdom,2009-12-13,363,2,257.3,128.65,1,130.0,112,2,2009-12-13,2010-12-12,364,Europe,65.0,1.98
15504,United Kingdom,2010-02-12,82,4,402.7,100.68,0,141.0,42,4,2010-02-12,2011-09-19,584,Europe,35.25,2.86
15505,United Kingdom,2011-07-07,53,5,3610.96,722.19,0,2390.0,90,5,2011-07-07,2011-10-18,103,Europe,478.0,1.51
15506,United Kingdom,2010-08-19,23,6,2030.33,338.39,0,1637.0,180,6,2010-08-19,2011-11-17,455,Europe,272.83,1.24
15507,United Kingdom,2011-06-21,172,1,475.86,475.86,1,160.0,41,1,2011-06-21,2011-06-21,0,Europe,160.0,2.97
15508,United Kingdom,2011-04-18,190,6,1000.27,166.71,1,440.0,78,6,2011-04-18,2011-06-03,46,Europe,73.33,2.27
15509,United Kingdom,2010-11-24,381,1,152.41,152.41,1,58.0,26,1,2010-11-24,2010-11-24,0,Europe,58.0,2.63
15510,United Kingdom,2011-01-13,331,1,250.0,250.0,1,2.0,1,1,2011-01-13,2011-01-13,0,Europe,2.0,125.0
15511,United Kingdom,2011-09-15,12,5,900.53,180.11,0,269.0,117,5,2011-09-15,2011-11-28,74,Europe,53.8,3.35
15512,United Kingdom,2010-02-01,156,4,331.58,82.9,0,235.0,29,4,2010-02-01,2011-07-07,521,Europe,58.75,1.41
15513,United Kingdom,2010-01-13,34,35,26437.05,755.34,0,10477.0,278,35,2010-01-13,2011-11-06,662,Europe,299.34,2.52
15514,United Kingdom,2009-12-04,13,18,6392.06,355.11,0,4087.0,171,18,2009-12-04,2011-11-27,723,Europe,227.06,1.56
15515,United Kingdom,2010-11-17,388,1,171.81,171.81,1,131.0,7,1,2010-11-17,2010-11-17,0,Europe,131.0,1.31
15516,United Kingdom,2011-10-24,45,3,62.43,20.81,0,27.0,15,3,2011-10-24,2011-10-26,2,Europe,9.0,2.31
15517,United Kingdom,2011-04-20,234,1,267.03,267.03,1,293.0,27,1,2011-04-20,2011-04-20,0,Europe,293.0,0.91
15518,United Kingdom,2009-12-20,65,15,4189.99,279.33,0,2810.0,250,15,2009-12-20,2011-10-06,655,Europe,187.33,1.49
15519,United Kingdom,2010-09-19,384,2,344.61,172.31,1,116.0,34,2,2010-09-19,2010-11-21,63,Europe,58.0,2.97
15520,United Kingdom,2011-12-08,2,1,343.5,343.5,0,314.0,18,1,2011-12-08,2011-12-08,0,Europe,314.0,1.09
15521,United Kingdom,2010-01-05,41,16,7098.24,443.64,0,4507.0,186,16,2010-01-05,2011-10-30,663,Europe,281.69,1.57
15522,United Kingdom,2011-09-13,33,2,397.99,199.0,0,572.0,47,2,2011-09-13,2011-11-07,55,Europe,286.0,0.7
15523,United Kingdom,2009-12-02,85,16,17259.19,1078.7,0,15633.0,65,16,2009-12-02,2011-09-16,653,Europe,977.06,1.1
15524,United Kingdom,2010-04-12,25,2,591.4,295.7,0,28.0,9,2,2010-04-12,2011-11-15,582,Europe,14.0,21.12
15525,United Kingdom,2010-11-22,3,4,890.22,222.56,0,527.0,152,4,2010-11-22,2011-12-07,380,Europe,131.75,1.69
15526,United Kingdom,2011-11-06,34,2,148.44,74.22,0,24.0,4,2,2011-11-06,2011-11-06,0,Europe,12.0,6.19
15527,United Kingdom,2009-12-15,19,23,5554.89,241.52,0,2211.0,226,23,2009-12-15,2011-11-21,706,Europe,96.13,2.51
15528,United Kingdom,2011-03-30,255,1,229.33,229.33,1,123.0,26,1,2011-03-30,2011-03-30,0,Europe,123.0,1.86
15529,United Kingdom,2010-11-10,23,12,4783.66,398.64,0,4271.0,451,12,2010-11-10,2011-11-17,372,Europe,355.92,1.12
15530,United Kingdom,2010-07-15,22,5,1808.68,361.74,0,1328.0,111,5,2010-07-15,2011-11-18,491,Europe,265.6,1.36
15531,United Kingdom,2011-11-09,9,2,1972.39,986.2,0,1085.0,196,2,2011-11-09,2011-12-01,22,Europe,542.5,1.82
15532,United Kingdom,2010-06-08,26,10,3738.85,373.89,0,1337.0,417,10,2010-06-08,2011-11-14,524,Europe,133.7,2.8
15533,United Kingdom,2011-09-11,20,3,807.57,269.19,0,289.0,73,3,2011-09-11,2011-11-20,70,Europe,96.33,2.79
15534,United Kingdom,2009-12-14,726,1,162.25,162.25,1,63.0,8,1,2009-12-14,2009-12-14,0,Europe,63.0,2.58
15535,United Kingdom,2010-09-16,174,6,1044.37,174.06,0,314.0,88,6,2010-09-16,2011-06-19,276,Europe,52.33,3.33
15536,United Kingdom,2010-10-26,410,1,259.09,259.09,1,242.0,16,1,2010-10-26,2010-10-26,0,Europe,242.0,1.07
15537,United Kingdom,2011-06-29,164,1,110.92,110.92,1,29.0,24,1,2011-06-29,2011-06-29,0,Europe,29.0,3.82
15538,United Kingdom,2010-02-14,538,6,3358.4,559.73,1,1016.0,3,6,2010-02-14,2010-06-20,126,Europe,169.33,3.31
15539,United Kingdom,2011-12-02,8,1,538.46,538.46,0,410.0,41,1,2011-12-02,2011-12-02,0,Europe,410.0,1.31
15540,United Kingdom,2010-11-29,12,2,460.68,230.34,0,444.0,31,2,2010-11-29,2011-11-28,364,Europe,222.0,1.04
15541,United Kingdom,2011-08-17,115,1,85.13,85.13,1,49.0,29,1,2011-08-17,2011-08-17,0,Europe,49.0,1.74
15542,United Kingdom,2009-12-02,513,3,855.71,285.24,1,418.0,212,3,2009-12-02,2010-07-15,225,Europe,139.33,2.05
15543,United Kingdom,2010-09-06,289,2,242.26,121.13,1,167.0,50,2,2010-09-06,2011-02-24,171,Europe,83.5,1.45
15544,United Kingdom,2010-01-28,10,20,7807.89,390.39,0,6745.0,175,20,2010-01-28,2011-11-30,671,Europe,337.25,1.16
15545,United Kingdom,2010-12-03,55,2,288.97,144.49,0,162.0,78,2,2010-12-03,2011-10-16,317,Europe,81.0,1.78
15546,United Kingdom,2010-04-12,607,2,1079.1,539.55,1,198.0,6,2,2010-04-12,2010-04-12,0,Europe,99.0,5.45
15547,United Kingdom,2009-12-06,8,26,10057.05,386.81,0,7278.0,652,26,2009-12-06,2011-12-02,726,Europe,279.92,1.38
15548,United Kingdom,2010-04-23,596,1,158.09,158.09,1,64.0,23,1,2010-04-23,2010-04-23,0,Europe,64.0,2.47
15549,United Kingdom,2010-01-11,78,8,2334.16,291.77,0,936.0,139,8,2010-01-11,2011-09-23,620,Europe,117.0,2.49
15550,United Kingdom,2009-12-03,5,12,2211.05,184.25,0,1139.0,166,12,2009-12-03,2011-12-05,732,Europe,94.92,1.94
15551,United Kingdom,2010-06-07,37,7,1679.81,239.97,0,796.0,117,7,2010-06-07,2011-11-03,514,Europe,113.71,2.11
15552,United Kingdom,2010-03-26,218,2,252.52,126.26,1,166.0,29,2,2010-03-26,2011-05-06,406,Europe,83.0,1.52
15553,United Kingdom,2011-10-10,61,1,428.93,428.93,0,449.0,51,1,2011-10-10,2011-10-10,0,Europe,449.0,0.96
15554,United Kingdom,2011-03-07,278,1,217.2,217.2,1,74.0,14,1,2011-03-07,2011-03-07,0,Europe,74.0,2.94
15555,United Kingdom,2009-12-06,13,36,11243.91,312.33,0,8511.0,667,36,2009-12-06,2011-11-27,721,Europe,236.42,1.32
15556,United Kingdom,2011-11-15,25,1,279.77,279.77,0,236.0,31,1,2011-11-15,2011-11-15,0,Europe,236.0,1.19
15557,United Kingdom,2011-11-11,29,1,468.91,468.91,0,213.0,16,1,2011-11-11,2011-11-11,0,Europe,213.0,2.2
15558,United Kingdom,2010-03-10,640,1,202.68,202.68,1,73.0,23,1,2010-03-10,2010-03-10,0,Europe,73.0,2.78
15559,United Kingdom,2010-05-20,569,1,1109.4,1109.4,1,526.0,62,1,2010-05-20,2010-05-20,0,Europe,526.0,2.11
15560,United Kingdom,2010-11-07,398,2,153.52,76.76,1,72.0,10,2,2010-11-07,2010-11-07,0,Europe,36.0,2.13
15561,United Kingdom,2010-02-14,12,8,1934.39,241.8,0,1334.0,65,8,2010-02-14,2011-11-28,652,Europe,166.75,1.45
15562,United Kingdom,2009-12-13,352,3,671.43,223.81,1,560.0,32,3,2009-12-13,2010-12-23,375,Europe,186.67,1.2
15563,United Kingdom,2010-01-28,23,7,2859.46,408.49,0,3005.0,179,7,2010-01-28,2011-11-17,658,Europe,429.29,0.95
15564,United Kingdom,2010-02-01,464,2,70.74,35.37,1,42.0,4,2,2010-02-01,2010-09-02,213,Europe,21.0,1.68
15565,United Kingdom,2011-09-30,51,2,173.16,86.58,0,60.0,8,2,2011-09-30,2011-10-20,20,Europe,30.0,2.89
15566,United Kingdom,2009-12-15,393,2,227.87,113.94,1,153.0,9,2,2009-12-15,2010-11-12,332,Europe,76.5,1.49
15567,United Kingdom,2011-11-21,19,1,186.01,186.01,0,223.0,7,1,2011-11-21,2011-11-21,0,Europe,223.0,0.83
15568,United Kingdom,2011-09-27,3,3,758.29,252.76,0,461.0,27,3,2011-09-27,2011-12-07,71,Europe,153.67,1.64
15569,United Kingdom,2010-02-28,104,10,3583.45,358.35,0,1734.0,123,10,2010-02-28,2011-08-28,546,Europe,173.4,2.07
15570,United Kingdom,2010-03-28,8,25,8736.49,349.46,0,4079.0,442,25,2010-03-28,2011-12-02,614,Europe,163.16,2.14
15571,United Kingdom,2009-12-06,12,14,3892.35,278.03,0,2411.0,442,14,2009-12-06,2011-11-28,722,Europe,172.21,1.61
15572,United Kingdom,2010-04-14,5,10,3965.2,396.52,0,2089.0,259,10,2010-04-14,2011-12-05,600,Europe,208.9,1.9
15573,United Kingdom,2009-12-10,32,5,1188.42,237.68,0,770.0,181,5,2009-12-10,2011-11-08,698,Europe,154.0,1.54
15574,United Kingdom,2010-09-01,178,6,1101.44,183.57,0,750.0,191,6,2010-09-01,2011-06-15,287,Europe,125.0,1.47
15575,United Kingdom,2010-03-30,620,1,30.1,30.1,1,6.0,3,1,2010-03-30,2010-03-30,0,Europe,6.0,5.02
15576,United Kingdom,2011-11-02,38,1,921.37,921.37,0,394.0,43,1,2011-11-02,2011-11-02,0,Europe,394.0,2.34
15577,United Kingdom,2009-12-13,152,5,396.03,79.21,0,120.0,58,5,2009-12-13,2011-07-11,575,Europe,24.0,3.3
15578,United Kingdom,2011-06-30,163,1,127.1,127.1,1,52.0,13,1,2011-06-30,2011-06-30,0,Europe,52.0,2.44
15579,United Kingdom,2010-10-03,69,5,1250.63,250.13,0,713.0,140,5,2010-10-03,2011-10-02,364,Europe,142.6,1.75
15580,United Kingdom,2010-02-07,377,8,1375.39,171.92,1,955.0,150,8,2010-02-07,2010-11-28,294,Europe,119.38,1.44
15581,United Kingdom,2009-12-02,121,38,7480.4,196.85,0,3028.0,542,38,2009-12-02,2011-08-11,617,Europe,79.68,2.47
15582,United Kingdom,2011-05-03,25,3,682.91,227.64,0,453.0,39,3,2011-05-03,2011-11-15,196,Europe,151.0,1.51
15583,United Kingdom,2010-11-28,377,1,95.96,95.96,1,56.0,37,1,2010-11-28,2010-11-28,0,Europe,56.0,1.71
15584,United Kingdom,2010-02-07,24,6,1268.2,211.37,0,483.0,174,6,2010-02-07,2011-11-16,647,Europe,80.5,2.63
15585,United Kingdom,2011-06-16,177,1,455.3,455.3,1,320.0,31,1,2011-06-16,2011-06-16,0,Europe,320.0,1.42
15586,United Kingdom,2010-01-08,593,3,1139.1,379.7,1,1338.0,30,3,2010-01-08,2010-04-26,108,Europe,446.0,0.85
15587,United Kingdom,2010-08-05,51,7,1522.08,217.44,0,528.0,3,7,2010-08-05,2011-10-20,441,Europe,75.43,2.88
15588,United Kingdom,2010-01-31,678,1,579.6,579.6,1,96.0,4,1,2010-01-31,2010-01-31,0,Europe,96.0,6.04
15589,United Kingdom,2011-02-02,256,3,478.53,159.51,1,243.0,28,3,2011-02-02,2011-03-29,55,Europe,81.0,1.97
15590,United Kingdom,2010-04-12,383,5,1496.6,299.32,1,832.0,75,5,2010-04-12,2010-11-22,224,Europe,166.4,1.8
15591,United Kingdom,2010-02-04,583,3,217.9,72.63,1,58.0,6,3,2010-02-04,2010-05-06,91,Europe,19.33,3.76
15592,United Kingdom,2011-10-24,47,1,388.58,388.58,0,354.0,24,1,2011-10-24,2011-10-24,0,Europe,354.0,1.1
15593,United Kingdom,2011-09-30,71,1,199.8,199.8,0,60.0,5,1,2011-09-30,2011-09-30,0,Europe,60.0,3.33
15594,United Kingdom,2011-04-19,16,5,1771.78,354.36,0,983.0,85,5,2011-04-19,2011-11-24,219,Europe,196.6,1.8
15595,United Kingdom,2010-08-09,488,1,357.6,357.6,1,144.0,4,1,2010-08-09,2010-08-09,0,Europe,144.0,2.48
15596,United Kingdom,2010-07-28,101,9,2727.72,303.08,0,1208.0,82,9,2010-07-28,2011-08-31,399,Europe,134.22,2.26
15597,United Kingdom,2010-05-13,36,2,563.37,281.69,0,393.0,35,2,2010-05-13,2011-11-04,540,Europe,196.5,1.43
15598,United Kingdom,2010-10-08,54,2,548.02,274.01,0,404.0,32,2,2010-10-08,2011-10-17,374,Europe,202.0,1.36
15599,United Kingdom,2010-09-20,27,3,1250.06,416.69,0,1098.0,77,3,2010-09-20,2011-11-13,419,Europe,366.0,1.14
15600,United Kingdom,2010-04-25,429,4,1199.31,299.83,1,657.0,55,4,2010-04-25,2010-10-07,165,Europe,164.25,1.83
15601,United Kingdom,2009-12-01,12,30,14191.74,473.06,0,10395.0,310,30,2009-12-01,2011-11-28,727,Europe,346.5,1.37
15602,United Kingdom,2009-12-02,9,16,3137.96,196.12,0,2292.0,62,16,2009-12-02,2011-12-01,729,Europe,143.25,1.37
15603,United Kingdom,2010-03-01,79,2,88.48,44.24,0,128.0,4,2,2010-03-01,2011-09-22,570,Europe,64.0,0.69
15604,United Kingdom,2011-10-18,53,1,216.39,216.39,0,159.0,17,1,2011-10-18,2011-10-18,0,Europe,159.0,1.36
15605,United Kingdom,2010-01-14,37,9,1741.95,193.55,0,641.0,80,9,2010-01-14,2011-11-03,658,Europe,71.22,2.72
15606,United Kingdom,2010-03-02,62,17,5230.99,307.71,0,1615.0,84,17,2010-03-02,2011-10-09,586,Europe,95.0,3.24
15607,United Kingdom,2010-01-08,337,9,1708.97,189.89,1,1470.0,95,9,2010-01-08,2011-01-07,364,Europe,163.33,1.16
15608,United Kingdom,2010-10-20,29,5,1785.98,357.2,0,1262.0,93,5,2010-10-20,2011-11-11,387,Europe,252.4,1.42
15609,United Kingdom,2011-06-08,185,1,298.48,298.48,1,148.0,16,1,2011-06-08,2011-06-08,0,Europe,148.0,2.02
15610,United Kingdom,2011-10-19,52,1,112.46,112.46,0,66.0,6,1,2011-10-19,2011-10-19,0,Europe,66.0,1.7
15611,United Kingdom,2010-01-25,10,26,2997.28,115.28,0,747.0,43,26,2010-01-25,2011-11-30,674,Europe,28.73,4.01
15612,United Kingdom,2011-10-09,37,2,195.15,97.58,0,52.0,4,2,2011-10-09,2011-11-03,25,Europe,26.0,3.75
15613,United Kingdom,2010-04-08,611,1,433.72,433.72,1,700.0,27,1,2010-04-08,2010-04-08,0,Europe,700.0,0.62
15614,United Kingdom,2010-03-23,438,4,3147.36,786.84,1,1632.0,73,4,2010-03-23,2010-09-28,189,Europe,408.0,1.93
15615,United Kingdom,2009-12-02,11,47,21373.97,454.77,0,12090.0,292,47,2009-12-02,2011-11-29,727,Europe,257.23,1.77
15616,United Kingdom,2010-09-27,439,1,317.11,317.11,1,137.0,13,1,2010-09-27,2010-09-27,0,Europe,137.0,2.31
15617,United Kingdom,2010-07-20,397,3,828.55,276.18,1,485.0,41,3,2010-07-20,2010-11-08,111,Europe,161.67,1.71
15618,United Kingdom,2011-07-26,33,4,776.85,194.21,0,453.0,38,4,2011-07-26,2011-11-07,104,Europe,113.25,1.71
15619,United Kingdom,2011-11-29,11,1,336.4,336.4,0,136.0,3,1,2011-11-29,2011-11-29,0,Europe,136.0,2.47
15620,United Kingdom,2010-10-26,57,4,1942.36,485.59,0,1249.0,114,4,2010-10-26,2011-10-14,353,Europe,312.25,1.56
15621,United Kingdom,2011-11-18,5,4,1293.03,323.26,0,501.0,11,4,2011-11-18,2011-12-05,17,Europe,125.25,2.58
15622,United Kingdom,2010-03-04,44,17,7852.61,461.92,0,4091.0,331,17,2010-03-04,2011-10-27,602,Europe,240.65,1.92
15623,United Kingdom,2009-12-10,142,8,2437.05,304.63,0,1087.0,91,8,2009-12-10,2011-07-21,588,Europe,135.88,2.24
15624,United Kingdom,2011-03-28,117,4,588.13,147.03,0,357.0,26,4,2011-03-28,2011-08-15,140,Europe,89.25,1.65
15625,United Kingdom,2010-06-15,104,9,3236.4,359.6,0,3020.0,106,9,2010-06-15,2011-08-28,439,Europe,335.56,1.07
15626,United Kingdom,2010-10-14,75,3,1067.52,355.84,0,1138.0,73,3,2010-10-14,2011-09-26,347,Europe,379.33,0.94
15627,United Kingdom,2010-07-05,458,2,566.9,283.45,1,344.0,23,2,2010-07-05,2010-09-08,65,Europe,172.0,1.65
15628,United Kingdom,2009-12-13,5,17,5333.08,313.71,0,3569.0,136,17,2009-12-13,2011-12-05,722,Europe,209.94,1.49
15629,United Kingdom,2010-06-25,451,4,2240.9,560.23,1,1518.0,39,4,2010-06-25,2010-09-15,82,Europe,379.5,1.48
15630,United Kingdom,2010-03-05,46,3,1481.4,493.8,0,987.0,76,3,2010-03-05,2011-10-25,599,Europe,329.0,1.5
15631,United Kingdom,2010-03-07,643,1,596.67,596.67,1,525.0,39,1,2010-03-07,2010-03-07,0,Europe,525.0,1.14
15632,United Kingdom,2011-03-10,16,8,3285.31,410.66,0,2109.0,107,8,2011-03-10,2011-11-24,259,Europe,263.63,1.56
15633,United Kingdom,2009-12-08,510,13,4335.96,333.54,1,2048.0,77,13,2009-12-08,2010-07-18,222,Europe,157.54,2.12
15634,United Kingdom,2010-11-21,18,2,554.65,277.33,0,227.0,34,2,2010-11-21,2011-11-22,366,Europe,113.5,2.44
15635,United Kingdom,2010-11-09,396,1,100.35,100.35,1,5.0,2,1,2010-11-09,2010-11-09,0,Europe,5.0,20.07
15636,United Kingdom,2010-05-19,90,4,1444.58,361.15,0,560.0,39,4,2010-05-19,2011-09-11,480,Europe,140.0,2.58
15637,United Kingdom,2009-12-15,53,5,797.59,159.52,0,651.0,37,5,2009-12-15,2011-10-18,672,Europe,130.2,1.23
15638,United Kingdom,2010-04-08,379,6,2265.2,377.53,1,1134.0,20,6,2010-04-08,2010-11-26,232,Europe,189.0,2.0
15639,United Kingdom,2010-04-13,135,3,1065.08,355.03,0,849.0,61,3,2010-04-13,2011-07-28,471,Europe,283.0,1.25
15640,United Kingdom,2009-12-14,5,29,23494.31,810.15,0,12140.0,303,29,2009-12-14,2011-12-05,721,Europe,418.62,1.94
15641,United Kingdom,2009-12-06,106,12,5345.55,445.46,0,4422.0,249,12,2009-12-06,2011-08-26,628,Europe,368.5,1.21
15642,United Kingdom,2009-12-10,730,1,105.78,105.78,1,270.0,6,1,2009-12-10,2009-12-10,0,Europe,270.0,0.39
15643,United Kingdom,2011-03-02,192,3,664.0,221.33,1,246.0,31,3,2011-03-02,2011-06-01,91,Europe,82.0,2.7
15644,United Kingdom,2011-03-23,167,4,803.54,200.89,0,550.0,166,4,2011-03-23,2011-06-26,95,Europe,137.5,1.46
15645,United Kingdom,2010-10-10,19,3,1055.17,351.72,0,396.0,59,3,2010-10-10,2011-11-21,407,Europe,132.0,2.66
15646,United Kingdom,2010-10-25,158,5,784.81,156.96,0,821.0,65,5,2010-10-25,2011-07-05,253,Europe,164.2,0.96
15647,United Kingdom,2010-10-20,416,1,169.0,169.0,1,124.0,11,1,2010-10-20,2010-10-20,0,Europe,124.0,1.36
15648,United Kingdom,2011-03-17,205,2,639.5,319.75,1,218.0,23,2,2011-03-17,2011-05-19,63,Europe,109.0,2.93
15649,United Kingdom,2010-11-17,337,4,1660.35,415.09,1,365.0,8,4,2010-11-17,2011-01-07,51,Europe,91.25,4.55
15650,United Kingdom,2010-03-21,522,2,553.88,276.94,1,210.0,33,2,2010-03-21,2010-07-06,107,Europe,105.0,2.64
15651,United Kingdom,2010-04-22,37,5,1259.06,251.81,0,871.0,52,5,2010-04-22,2011-11-03,560,Europe,174.2,1.45
15652,United Kingdom,2010-08-11,92,5,1405.94,281.19,0,657.0,93,5,2010-08-11,2011-09-09,394,Europe,131.4,2.14
15653,United Kingdom,2011-08-16,93,2,877.44,438.72,1,1200.0,4,2,2011-08-16,2011-09-08,23,Europe,600.0,0.73
15654,United Kingdom,2011-11-13,10,2,922.53,461.27,0,475.0,15,2,2011-11-13,2011-11-30,17,Europe,237.5,1.94
15655,United Kingdom,2011-04-10,244,1,560.67,560.67,1,324.0,34,1,2011-04-10,2011-04-10,0,Europe,324.0,1.73
15656,United Kingdom,2011-02-28,46,4,748.5,187.13,0,343.0,46,4,2011-02-28,2011-10-25,239,Europe,85.75,2.18
15657,United Kingdom,2011-11-17,23,1,30.0,30.0,0,24.0,1,1,2011-11-17,2011-11-17,0,Europe,24.0,1.25
15658,United Kingdom,2009-12-03,191,8,2117.27,264.66,1,627.0,79,8,2009-12-03,2011-06-02,546,Europe,78.38,3.38
15659,United Kingdom,2010-02-24,44,3,532.49,177.5,0,161.0,14,3,2010-02-24,2011-10-27,610,Europe,53.67,3.31
15660,United Kingdom,2010-02-05,26,15,2603.69,173.58,0,1783.0,73,15,2010-02-05,2011-11-14,647,Europe,118.87,1.46
15661,United Kingdom,2010-05-10,318,8,1215.95,151.99,1,779.0,27,8,2010-05-10,2011-01-26,261,Europe,97.38,1.56
15662,United Kingdom,2009-12-01,662,2,283.73,141.87,1,145.0,12,2,2009-12-01,2010-02-16,77,Europe,72.5,1.96
15663,United Kingdom,2011-08-25,107,1,138.14,138.14,1,106.0,9,1,2011-08-25,2011-08-25,0,Europe,106.0,1.3
15664,United Kingdom,2010-02-28,51,4,1254.03,313.51,0,530.0,54,4,2010-02-28,2011-10-20,599,Europe,132.5,2.37
15665,United Kingdom,2010-03-14,169,5,3987.07,797.41,0,2777.0,163,5,2010-03-14,2011-06-24,467,Europe,555.4,1.44
15666,United Kingdom,2010-08-01,473,2,632.94,316.47,1,469.0,62,2,2010-08-01,2010-08-24,23,Europe,234.5,1.35
15667,United Kingdom,2011-10-31,40,1,301.32,301.32,0,240.0,13,1,2011-10-31,2011-10-31,0,Europe,240.0,1.26
15668,United Kingdom,2011-05-06,218,1,76.32,76.32,1,72.0,1,1,2011-05-06,2011-05-06,0,Europe,72.0,1.06
15669,United Kingdom,2011-03-21,41,4,684.34,171.09,0,342.0,31,4,2011-03-21,2011-10-30,223,Europe,85.5,2.0
15670,United Kingdom,2010-06-01,297,2,325.2,162.6,1,132.0,19,2,2010-06-01,2011-02-16,260,Europe,66.0,2.46
15671,United Kingdom,2011-03-14,19,7,2657.13,379.59,0,1699.0,52,7,2011-03-14,2011-11-21,252,Europe,242.71,1.56
15672,United Kingdom,2009-12-14,726,1,45.3,45.3,1,10.0,3,1,2009-12-14,2009-12-14,0,Europe,10.0,4.53
15673,United Kingdom,2010-02-22,89,9,6204.32,689.37,0,3274.0,177,9,2010-02-22,2011-09-12,567,Europe,363.78,1.9
15674,United Kingdom,2009-12-08,74,13,6948.23,534.48,0,3648.0,262,13,2009-12-08,2011-09-27,658,Europe,280.62,1.9
15675,United Kingdom,2010-10-31,82,4,542.04,135.51,0,624.0,32,4,2010-10-31,2011-09-19,323,Europe,156.0,0.87
15676,United Kingdom,2011-03-01,19,3,3435.76,1145.25,0,2252.0,191,3,2011-03-01,2011-11-21,265,Europe,750.67,1.53
15677,United Kingdom,2010-09-02,50,3,1305.63,435.21,0,675.0,63,3,2010-09-02,2011-10-21,414,Europe,225.0,1.93
15678,United Kingdom,2010-07-05,53,3,1825.94,608.65,0,1022.0,77,3,2010-07-05,2011-10-18,470,Europe,340.67,1.79
15679,United Kingdom,2011-06-10,25,4,781.28,195.32,0,1170.0,98,4,2011-06-10,2011-11-15,158,Europe,292.5,0.67
15680,United Kingdom,2009-12-02,10,10,4028.69,402.87,0,2743.0,155,10,2009-12-02,2011-11-30,728,Europe,274.3,1.47
15681,United Kingdom,2010-05-24,26,14,2989.7,213.55,0,1392.0,48,14,2010-05-24,2011-11-14,539,Europe,99.43,2.15
15682,United Kingdom,2010-01-21,600,2,318.24,159.12,1,222.0,25,2,2010-01-21,2010-04-19,88,Europe,111.0,1.43
15683,United Kingdom,2010-08-23,118,2,524.54,262.27,1,332.0,25,2,2010-08-23,2011-08-14,356,Europe,166.0,1.58
15684,United Kingdom,2009-12-04,548,3,173.95,57.98,1,77.0,9,3,2009-12-04,2010-06-10,188,Europe,25.67,2.26
15685,United Kingdom,2010-09-15,451,1,55.98,55.98,1,36.0,17,1,2010-09-15,2010-09-15,0,Europe,36.0,1.56
15686,United Kingdom,2010-10-15,421,1,90.0,90.0,1,72.0,1,1,2010-10-15,2010-10-15,0,Europe,72.0,1.25
15687,United Kingdom,2011-01-13,9,9,2993.1,332.57,0,1310.0,119,9,2011-01-13,2011-12-01,322,Europe,145.56,2.28
15688,United Kingdom,2010-10-17,419,1,190.57,190.57,1,95.0,26,1,2010-10-17,2010-10-17,0,Europe,95.0,2.01
15689,United Kingdom,2010-04-01,120,3,521.03,173.68,0,207.0,20,3,2010-04-01,2011-08-12,498,Europe,69.0,2.52
15690,United Kingdom,2011-08-31,5,2,239.76,119.88,0,408.0,19,2,2011-08-31,2011-12-05,96,Europe,204.0,0.59
15691,United Kingdom,2009-12-06,253,4,571.3,142.83,1,212.0,12,4,2009-12-06,2011-04-01,481,Europe,53.0,2.69
15692,United Kingdom,2011-11-11,29,1,191.04,191.04,0,138.0,12,1,2011-11-11,2011-11-11,0,Europe,138.0,1.38
15693,United Kingdom,2010-02-18,660,1,37.5,37.5,1,30.0,1,1,2010-02-18,2010-02-18,0,Europe,30.0,1.25
15694,United Kingdom,2009-12-07,1,24,9978.48,415.77,0,2467.0,55,24,2009-12-07,2011-12-09,732,Europe,102.79,4.04
15695,United Kingdom,2010-01-27,267,4,1131.04,282.76,1,484.0,55,4,2010-01-27,2011-03-18,415,Europe,121.0,2.34
15696,United Kingdom,2010-01-24,34,13,3881.22,298.56,0,1386.0,163,13,2010-01-24,2011-11-06,651,Europe,106.62,2.8
15697,United Kingdom,2010-01-19,690,1,246.75,246.75,1,127.0,14,1,2010-01-19,2010-01-19,0,Europe,127.0,1.94
15698,United Kingdom,2010-03-25,625,1,46.2,46.2,1,60.0,2,1,2010-03-25,2010-03-25,0,Europe,60.0,0.77
15699,United Kingdom,2011-11-22,18,1,309.65,309.65,0,113.0,18,1,2011-11-22,2011-11-22,0,Europe,113.0,2.74
15700,United Kingdom,2011-06-19,173,2,696.68,348.34,1,357.0,85,2,2011-06-19,2011-06-20,1,Europe,178.5,1.95
15701,United Kingdom,2011-08-21,3,4,1529.0,382.25,0,912.0,193,4,2011-08-21,2011-12-07,108,Europe,228.0,1.68
15702,Nigeria,2010-01-26,477,2,140.39,70.2,1,103.0,30,2,2010-01-26,2010-08-20,206,Africa,51.5,1.36
15703,United Kingdom,2011-03-20,265,1,211.5,211.5,1,66.0,5,1,2011-03-20,2011-03-20,0,Europe,66.0,3.2
15704,United Kingdom,2010-05-05,141,6,3734.66,622.44,0,1709.0,129,6,2010-05-05,2011-07-22,443,Europe,284.83,2.19
15705,United Kingdom,2011-05-22,202,1,143.1,143.1,1,62.0,6,1,2011-05-22,2011-05-22,0,Europe,62.0,2.31
15706,United Kingdom,2011-08-15,64,4,1060.56,265.14,0,321.0,50,4,2011-08-15,2011-10-07,53,Europe,80.25,3.3
15707,United Kingdom,2011-09-14,36,4,916.98,229.25,0,594.0,126,4,2011-09-14,2011-11-04,51,Europe,148.5,1.54
15708,United Kingdom,2010-10-10,41,9,3887.15,431.91,0,1465.0,135,9,2010-10-10,2011-10-30,385,Europe,162.78,2.65
15709,United Kingdom,2010-04-29,284,2,327.85,163.93,1,169.0,26,2,2010-04-29,2011-03-01,306,Europe,84.5,1.94
15710,United Kingdom,2010-10-18,418,1,898.87,898.87,1,641.0,110,1,2010-10-18,2010-10-18,0,Europe,641.0,1.4
15711,United Kingdom,2010-01-24,557,2,420.25,210.13,1,199.0,25,2,2010-01-24,2010-06-01,128,Europe,99.5,2.11
15712,United Kingdom,2009-12-01,10,12,3472.41,289.37,0,1277.0,86,12,2009-12-01,2011-11-30,729,Europe,106.42,2.72
15713,United Kingdom,2009-12-16,144,4,839.64,209.91,0,451.0,48,4,2009-12-16,2011-07-19,580,Europe,112.75,1.86
15714,United Kingdom,2010-06-02,12,5,783.96,156.79,0,361.0,45,5,2010-06-02,2011-11-28,544,Europe,72.2,2.17
15715,United Kingdom,2010-03-30,556,5,658.02,131.6,1,246.0,33,5,2010-03-30,2010-06-02,64,Europe,49.2,2.67
15716,United Kingdom,2009-12-07,146,11,2485.26,225.93,0,1379.0,188,11,2009-12-07,2011-07-17,587,Europe,125.36,1.8
15717,United Kingdom,2010-04-26,235,5,607.0,121.4,1,224.0,17,5,2010-04-26,2011-04-19,358,Europe,44.8,2.71
15718,United Kingdom,2010-06-17,541,1,293.79,293.79,1,95.0,18,1,2010-06-17,2010-06-17,0,Europe,95.0,3.09
15719,United Kingdom,2009-12-01,33,31,10195.97,328.9,0,5356.0,449,31,2009-12-01,2011-11-07,706,Europe,172.77,1.9
15720,United Kingdom,2010-06-07,25,2,739.22,369.61,0,327.0,152,2,2010-06-07,2011-11-15,526,Europe,163.5,2.26
15721,United Kingdom,2011-11-28,12,1,471.4,471.4,0,388.0,80,1,2011-11-28,2011-11-28,0,Europe,388.0,1.21
15722,United Kingdom,2010-03-09,36,11,5234.0,475.82,0,2279.0,91,11,2010-03-09,2011-11-04,605,Europe,207.18,2.3
15723,United Kingdom,2010-05-14,365,4,930.7,232.68,1,427.0,108,4,2010-05-14,2010-12-10,210,Europe,106.75,2.18
15724,United Kingdom,2010-11-04,202,3,310.85,103.62,1,117.0,17,3,2010-11-04,2011-05-22,199,Europe,39.0,2.66
15725,United Kingdom,2011-11-24,16,1,415.25,415.25,0,221.0,32,1,2011-11-24,2011-11-24,0,Europe,221.0,1.88
15726,United Kingdom,2010-11-14,391,1,321.91,321.91,1,123.0,23,1,2010-11-14,2010-11-14,0,Europe,123.0,2.62
15727,United Kingdom,2010-01-24,17,15,9371.71,624.78,0,5908.0,426,15,2010-01-24,2011-11-23,668,Europe,393.87,1.59
15728,United Kingdom,2010-09-21,380,2,544.6,272.3,1,132.0,10,2,2010-09-21,2010-11-25,65,Europe,66.0,4.13
15729,United Kingdom,2010-11-01,213,3,192.55,64.18,1,47.0,10,3,2010-11-01,2011-05-11,191,Europe,15.67,4.1
15730,United Kingdom,2010-10-04,66,5,1726.58,345.32,0,1061.0,102,5,2010-10-04,2011-10-05,366,Europe,212.2,1.63
15731,United Kingdom,2010-06-04,554,1,125.3,125.3,1,122.0,8,1,2010-06-04,2010-06-04,0,Europe,122.0,1.03
15732,United Kingdom,2010-02-04,213,10,1543.97,154.4,1,1264.0,53,10,2010-02-04,2011-05-11,461,Europe,126.4,1.22
15733,United Kingdom,2011-03-02,283,1,162.3,162.3,1,62.0,10,1,2011-03-02,2011-03-02,0,Europe,62.0,2.62
15734,United Kingdom,2010-06-10,115,4,2263.3,565.83,0,516.0,36,4,2010-06-10,2011-08-17,433,Europe,129.0,4.39
15735,United Kingdom,2010-10-14,422,1,327.68,327.68,1,206.0,19,1,2010-10-14,2010-10-14,0,Europe,206.0,1.59
15736,United Kingdom,2010-09-30,436,2,1767.12,883.56,1,1208.0,95,2,2010-09-30,2010-09-30,0,Europe,604.0,1.46
15737,United Kingdom,2011-04-11,15,8,1188.12,148.52,0,597.0,60,8,2011-04-11,2011-11-25,228,Europe,74.63,1.99
15738,United Kingdom,2009-12-10,19,41,13043.32,318.13,0,9030.0,70,41,2009-12-10,2011-11-21,711,Europe,220.24,1.44
15739,United Kingdom,2011-10-04,67,1,449.12,449.12,0,472.0,8,1,2011-10-04,2011-10-04,0,Europe,472.0,0.95
15740,United Kingdom,2011-10-21,50,1,154.88,154.88,0,152.0,9,1,2011-10-21,2011-10-21,0,Europe,152.0,1.02
15741,United Kingdom,2010-03-31,459,2,208.62,104.31,1,70.0,11,2,2010-03-31,2010-09-07,160,Europe,35.0,2.98
15742,United Kingdom,2010-03-30,620,1,156.87,156.87,1,51.0,41,1,2010-03-30,2010-03-30,0,Europe,51.0,3.08
15743,United Kingdom,2011-06-08,17,4,775.96,193.99,0,214.0,59,4,2011-06-08,2011-11-23,168,Europe,53.5,3.63
15744,United Kingdom,2011-09-23,78,1,34.8,34.8,1,120.0,3,1,2011-09-23,2011-09-23,0,Europe,120.0,0.29
15745,United Kingdom,2011-04-17,20,4,1094.59,273.65,0,421.0,57,4,2011-04-17,2011-11-20,217,Europe,105.25,2.6
15746,United Kingdom,2011-07-28,135,1,196.88,196.88,1,178.0,28,1,2011-07-28,2011-07-28,0,Europe,178.0,1.11
15747,United Kingdom,2010-01-18,13,9,2499.81,277.76,0,1344.0,116,9,2010-01-18,2011-11-27,678,Europe,149.33,1.86
15748,United Kingdom,2010-09-16,41,3,609.81,203.27,0,261.0,34,3,2010-09-16,2011-10-30,409,Europe,87.0,2.34
15749,United Kingdom,2011-01-11,236,3,44534.3,14844.77,1,18028.0,5,3,2011-01-11,2011-04-18,97,Europe,6009.33,2.47
15750,United Kingdom,2009-12-01,3,18,6452.99,358.5,0,4280.0,388,18,2009-12-01,2011-12-07,736,Europe,237.78,1.51
15751,United Kingdom,2009-12-06,461,11,1380.44,125.49,1,443.0,90,11,2009-12-06,2010-09-05,273,Europe,40.27,3.12
15752,United Kingdom,2010-09-08,40,9,3924.91,436.1,0,2792.0,359,9,2010-09-08,2011-10-31,418,Europe,310.22,1.41
15753,United Kingdom,2011-02-08,305,1,79.2,79.2,1,144.0,1,1,2011-02-08,2011-02-08,0,Europe,144.0,0.55
15754,United Kingdom,2010-02-22,52,9,3037.61,337.51,0,1762.0,114,9,2010-02-22,2011-10-19,604,Europe,195.78,1.72
15755,United Kingdom,2009-12-04,11,17,5993.12,352.54,0,4034.0,281,17,2009-12-04,2011-11-29,725,Europe,237.29,1.49
15756,United Kingdom,2011-04-04,62,4,528.01,132.0,0,241.0,160,4,2011-04-04,2011-10-09,188,Europe,60.25,2.19
15757,United Kingdom,2010-06-10,66,6,2940.36,490.06,0,1757.0,162,6,2010-06-10,2011-10-05,482,Europe,292.83,1.67
15758,United Kingdom,2011-11-15,25,1,205.25,205.25,0,47.0,9,1,2011-11-15,2011-11-15,0,Europe,47.0,4.37
15759,United Kingdom,2009-12-02,219,7,830.93,118.7,1,523.0,10,7,2009-12-02,2011-05-05,519,Europe,74.71,1.59
15760,Norway,2010-03-19,631,2,13916.34,6958.17,1,2.0,1,2,2010-03-19,2010-03-19,0,Europe,1.0,6958.17
15761,United Kingdom,2010-09-23,443,1,143.05,143.05,1,31.0,5,1,2010-09-23,2010-09-23,0,Europe,31.0,4.61
15762,United Kingdom,2011-09-23,66,2,583.75,291.88,0,251.0,37,2,2011-09-23,2011-10-05,12,Europe,125.5,2.33
15763,United Kingdom,2011-09-23,32,2,1086.92,543.46,0,271.0,58,2,2011-09-23,2011-11-08,46,Europe,135.5,4.01
15764,United Kingdom,2010-08-18,89,8,4503.08,562.89,0,2945.0,187,8,2010-08-18,2011-09-12,390,Europe,368.13,1.53
15765,United Kingdom,2010-02-11,667,1,370.63,370.63,1,335.0,25,1,2010-02-11,2010-02-11,0,Europe,335.0,1.11
15766,United Kingdom,2010-01-26,65,3,831.06,277.02,0,334.0,21,3,2010-01-26,2011-10-06,618,Europe,111.33,2.49
15768,United Kingdom,2009-12-03,116,34,15308.89,450.26,0,4215.0,437,34,2009-12-03,2011-08-16,621,Europe,123.97,3.63
15769,United Kingdom,2009-12-11,8,46,88612.52,1926.36,0,49068.0,26,46,2009-12-11,2011-12-02,721,Europe,1066.7,1.81
15770,United Kingdom,2010-04-06,613,1,321.45,321.45,1,67.0,18,1,2010-04-06,2010-04-06,0,Europe,67.0,4.8
15771,United Kingdom,2010-01-15,605,3,1006.54,335.51,1,512.0,26,3,2010-01-15,2010-04-14,89,Europe,170.67,1.97
15772,United Kingdom,2010-10-17,419,1,280.88,280.88,1,110.0,16,1,2010-10-17,2010-10-17,0,Europe,110.0,2.55
15773,United Kingdom,2010-10-26,6,2,774.52,387.26,0,410.0,46,2,2010-10-26,2011-12-04,404,Europe,205.0,1.89
15774,United Kingdom,2010-02-21,69,6,1288.34,214.72,0,465.0,88,6,2010-02-21,2011-10-02,588,Europe,77.5,2.77
15775,United Kingdom,2010-03-18,246,2,150.5,75.25,1,260.0,9,2,2010-03-18,2011-04-08,386,Europe,130.0,0.58
15776,United Kingdom,2011-07-29,134,1,241.62,241.62,1,138.0,18,1,2011-07-29,2011-07-29,0,Europe,138.0,1.75
15777,United Kingdom,2010-05-20,242,7,1762.61,251.8,1,599.0,29,7,2010-05-20,2011-04-12,327,Europe,85.57,2.94
15778,United Kingdom,2010-10-04,432,1,307.95,307.95,1,101.0,17,1,2010-10-04,2010-10-04,0,Europe,101.0,3.05
15779,United Kingdom,2010-06-25,464,2,124.08,62.04,1,20.0,8,2,2010-06-25,2010-09-02,69,Europe,10.0,6.2
15780,United Kingdom,2010-12-17,184,3,475.28,158.43,1,220.0,26,3,2010-12-17,2011-06-09,174,Europe,73.33,2.16
15781,United Kingdom,2011-02-07,26,3,345.46,115.15,0,180.0,20,3,2011-02-07,2011-11-14,280,Europe,60.0,1.92
15782,United Kingdom,2010-10-05,10,4,4014.1,1003.53,0,1844.0,51,4,2010-10-05,2011-11-30,421,Europe,461.0,2.18
15783,United Kingdom,2011-11-29,11,1,246.3,246.3,0,212.0,14,1,2011-11-29,2011-11-29,0,Europe,212.0,1.16
15784,United Kingdom,2010-02-05,468,2,848.33,424.17,1,381.0,33,2,2010-02-05,2010-08-29,205,Europe,190.5,2.23
15785,United Kingdom,2009-12-15,33,16,5969.93,373.12,0,4479.0,102,16,2009-12-15,2011-11-07,692,Europe,279.94,1.33
15786,United Kingdom,2010-06-21,47,5,8501.62,1700.32,0,5957.0,358,5,2010-06-21,2011-10-24,490,Europe,1191.4,1.43
15787,United Kingdom,2011-10-09,27,3,933.26,311.09,0,534.0,156,3,2011-10-09,2011-11-13,35,Europe,178.0,1.75
15788,United Kingdom,2010-07-19,509,1,221.83,221.83,1,115.0,14,1,2010-07-19,2010-07-19,0,Europe,115.0,1.93
15789,United Kingdom,2010-03-26,359,6,1962.01,327.0,1,2499.0,110,6,2010-03-26,2010-12-16,265,Europe,416.5,0.79
15790,United Kingdom,2011-11-29,11,1,218.75,218.75,0,113.0,34,1,2011-11-29,2011-11-29,0,Europe,113.0,1.94
15791,United Kingdom,2010-03-08,44,5,3608.34,721.67,0,1970.0,121,5,2010-03-08,2011-10-27,598,Europe,394.0,1.83
15792,United Kingdom,2010-03-31,400,2,933.84,466.92,1,606.0,57,2,2010-03-31,2010-11-05,219,Europe,303.0,1.54
15793,United Kingdom,2009-12-01,15,8,2399.57,299.95,0,1685.0,12,8,2009-12-01,2011-11-25,724,Europe,210.63,1.42
15794,United Kingdom,2009-12-02,737,2,777.0,388.5,1,288.0,15,2,2009-12-02,2009-12-03,1,Europe,144.0,2.7
15795,United Kingdom,2010-01-18,150,8,1979.87,247.48,0,1411.0,111,8,2010-01-18,2011-07-13,541,Europe,176.38,1.4
15796,United Kingdom,2010-03-31,2,17,5171.63,304.21,0,1733.0,138,17,2010-03-31,2011-12-08,617,Europe,101.94,2.98
15797,United Kingdom,2010-01-27,114,6,2821.08,470.18,0,1281.0,12,6,2010-01-27,2011-08-18,568,Europe,213.5,2.2
15798,United Kingdom,2010-01-27,493,3,1535.37,511.79,1,915.0,73,3,2010-01-27,2010-08-04,189,Europe,305.0,1.68
15799,United Kingdom,2010-10-17,76,4,1421.34,355.34,0,1341.0,143,4,2010-10-17,2011-09-25,343,Europe,335.25,1.06
15800,United Kingdom,2010-03-31,108,7,1227.07,175.3,0,575.0,198,7,2010-03-31,2011-08-24,511,Europe,82.14,2.13
15801,United Kingdom,2011-08-22,47,3,1063.95,354.65,0,570.0,61,3,2011-08-22,2011-10-24,63,Europe,190.0,1.87
15802,United Kingdom,2011-07-20,143,1,451.42,451.42,1,1.0,1,1,2011-07-20,2011-07-20,0,Europe,1.0,451.42
15803,United Kingdom,2010-02-01,52,4,1929.66,482.42,0,1030.0,48,4,2010-02-01,2011-10-19,625,Europe,257.5,1.87
15804,United Kingdom,2011-05-25,1,13,4206.39,323.57,0,2565.0,170,13,2011-05-25,2011-12-09,198,Europe,197.31,1.64
15805,United Kingdom,2009-12-10,24,30,10148.93,338.3,0,6205.0,337,30,2009-12-10,2011-11-16,706,Europe,206.83,1.64
15806,United Kingdom,2011-03-08,47,3,784.58,261.53,0,602.0,24,3,2011-03-08,2011-10-24,230,Europe,200.67,1.3
15807,United Kingdom,2010-02-11,51,5,1817.52,363.5,0,1532.0,85,5,2010-02-11,2011-10-20,616,Europe,306.4,1.19
15808,United Kingdom,2009-12-01,307,21,17180.25,818.11,1,6753.0,348,21,2009-12-01,2011-02-06,432,Europe,321.57,2.54
15809,United Kingdom,2010-06-22,37,7,1274.44,182.06,0,700.0,51,7,2010-06-22,2011-11-03,499,Europe,100.0,1.82
15810,United Kingdom,2010-02-04,79,8,2999.04,374.88,0,1653.0,89,8,2010-02-04,2011-09-22,595,Europe,206.63,1.81
15811,United Kingdom,2010-11-16,23,7,3486.15,498.02,0,1781.0,205,7,2010-11-16,2011-11-17,366,Europe,254.43,1.96
15812,United Kingdom,2009-12-15,108,12,5201.47,433.46,0,3450.0,87,12,2009-12-15,2011-08-24,617,Europe,287.5,1.51
15813,United Kingdom,2011-04-14,208,2,1303.91,651.96,1,603.0,40,2,2011-04-14,2011-05-16,32,Europe,301.5,2.16
15814,United Kingdom,2010-04-15,17,6,2634.44,439.07,0,1728.0,83,6,2010-04-15,2011-11-23,587,Europe,288.0,1.52
15815,United Kingdom,2011-03-25,64,5,2100.6,420.12,0,1856.0,33,5,2011-03-25,2011-10-07,196,Europe,371.2,1.13
15816,United Kingdom,2010-06-15,543,2,144.15,72.08,1,54.0,11,2,2010-06-15,2010-06-15,0,Europe,27.0,2.67
15817,United Kingdom,2010-06-14,421,3,2766.4,922.13,1,1596.0,133,3,2010-06-14,2010-10-15,123,Europe,532.0,1.73
15818,United Kingdom,2010-04-30,589,1,340.5,340.5,1,284.0,11,1,2010-04-30,2010-04-30,0,Europe,284.0,1.2
15819,United Kingdom,2010-03-18,50,10,3934.79,393.48,0,2928.0,182,10,2010-03-18,2011-10-21,582,Europe,292.8,1.34
15820,United Kingdom,2011-01-24,320,1,206.98,206.98,1,128.0,17,1,2011-01-24,2011-01-24,0,Europe,128.0,1.62
15821,United Kingdom,2011-10-09,45,2,570.96,285.48,0,202.0,57,2,2011-10-09,2011-10-26,17,Europe,101.0,2.83
15822,United Kingdom,2009-12-06,4,6,1840.06,306.68,0,950.0,46,6,2009-12-06,2011-12-06,730,Europe,158.33,1.94
15823,United Kingdom,2009-12-08,373,3,3882.17,1294.06,1,1774.0,155,3,2009-12-08,2010-12-02,359,Europe,591.33,2.19
15824,United Kingdom,2010-06-25,454,2,890.94,445.47,1,478.0,24,2,2010-06-25,2010-09-12,79,Europe,239.0,1.86
15825,United Kingdom,2011-06-20,173,1,532.94,532.94,1,220.0,20,1,2011-06-20,2011-06-20,0,Europe,220.0,2.42
15826,United Kingdom,2010-05-20,57,4,2598.28,649.57,0,1824.0,100,4,2010-05-20,2011-10-14,512,Europe,456.0,1.42
15827,United Kingdom,2010-01-08,74,28,3603.14,128.68,0,1715.0,124,28,2010-01-08,2011-09-27,627,Europe,61.25,2.1
15828,United Kingdom,2010-11-29,376,1,1108.82,1108.82,1,367.0,74,1,2010-11-29,2010-11-29,0,Europe,367.0,3.02
15829,United Kingdom,2011-07-22,100,2,636.14,318.07,1,996.0,44,2,2011-07-22,2011-09-01,41,Europe,498.0,0.64
15830,United Kingdom,2011-11-02,38,1,576.0,576.0,0,415.0,39,1,2011-11-02,2011-11-02,0,Europe,415.0,1.39
15831,United Kingdom,2011-01-19,59,3,794.64,264.88,0,1092.0,63,3,2011-01-19,2011-10-12,266,Europe,364.0,0.73
15832,United Kingdom,2011-03-30,255,1,836.79,836.79,1,465.0,54,1,2011-03-30,2011-03-30,0,Europe,465.0,1.8
15833,United Kingdom,2009-12-02,738,1,80.4,80.4,1,24.0,5,1,2009-12-02,2009-12-02,0,Europe,24.0,3.35
15834,United Kingdom,2010-10-11,71,7,3764.39,537.77,0,1815.0,333,7,2010-10-11,2011-09-30,354,Europe,259.29,2.07
15835,United Kingdom,2011-01-13,45,4,954.09,238.52,0,439.0,47,4,2011-01-13,2011-10-26,286,Europe,109.75,2.17
15836,United Kingdom,2011-10-20,51,1,137.37,137.37,0,26.0,10,1,2011-10-20,2011-10-20,0,Europe,26.0,5.28
15837,United Kingdom,2010-08-11,65,2,777.01,388.51,0,405.0,52,2,2010-08-11,2011-10-06,421,Europe,202.5,1.92
15838,United Kingdom,2009-12-15,12,34,73205.5,2153.1,0,64114.0,61,34,2009-12-15,2011-11-28,713,Europe,1885.71,1.14
15839,United Kingdom,2011-07-14,34,3,1048.49,349.5,0,675.0,56,3,2011-07-14,2011-11-06,115,Europe,225.0,1.55
15840,United Kingdom,2011-06-20,59,2,355.56,177.78,0,396.0,26,2,2011-06-20,2011-10-12,114,Europe,198.0,0.9
15841,United Kingdom,2009-12-10,73,9,2742.41,304.71,0,2391.0,60,9,2009-12-10,2011-09-28,657,Europe,265.67,1.15
15842,United Kingdom,2010-06-30,394,2,548.8,274.4,1,296.0,24,2,2010-06-30,2010-11-11,134,Europe,148.0,1.85
15843,United Kingdom,2011-02-09,304,1,118.95,118.95,1,27.0,8,1,2011-02-09,2011-02-09,0,Europe,27.0,4.41
15844,United Kingdom,2011-10-24,47,1,130.74,130.74,0,134.0,11,1,2011-10-24,2011-10-24,0,Europe,134.0,0.98
15845,United Kingdom,2010-01-26,18,11,4426.28,402.39,0,2128.0,129,11,2010-01-26,2011-11-22,665,Europe,193.45,2.08
15846,United Kingdom,2010-11-19,386,1,107.01,107.01,1,79.0,27,1,2010-11-19,2010-11-19,0,Europe,79.0,1.35
15847,United Kingdom,2010-03-08,39,5,822.57,164.51,0,643.0,39,5,2010-03-08,2011-11-01,603,Europe,128.6,1.28
15848,United Kingdom,2010-03-28,622,1,137.99,137.99,1,45.0,34,1,2010-03-28,2010-03-28,0,Europe,45.0,3.07
15850,United Kingdom,2009-12-13,20,6,1006.75,167.79,0,1334.0,269,6,2009-12-13,2011-11-20,707,Europe,222.33,0.75
15851,United Kingdom,2010-07-01,527,1,109.73,109.73,1,67.0,8,1,2010-07-01,2010-07-01,0,Europe,67.0,1.64
15852,United Kingdom,2010-07-01,187,3,257.26,85.75,1,60.0,31,3,2010-07-01,2011-06-06,340,Europe,20.0,4.29
15853,United Kingdom,2011-10-19,52,1,110.8,110.8,0,135.0,29,1,2011-10-19,2011-10-19,0,Europe,135.0,0.82
15854,United Kingdom,2009-12-10,5,21,5578.28,265.63,0,1691.0,168,21,2009-12-10,2011-12-05,725,Europe,80.52,3.3
15855,United Kingdom,2010-08-20,137,6,1052.72,175.45,0,712.0,72,6,2010-08-20,2011-07-26,340,Europe,118.67,1.48
15856,United Kingdom,2009-12-03,5,52,32275.95,620.69,0,19550.0,384,52,2009-12-03,2011-12-05,732,Europe,375.96,1.65
15857,United Kingdom,2010-10-05,19,2,570.48,285.24,0,584.0,21,2,2010-10-05,2011-11-21,412,Europe,292.0,0.98
15858,United Kingdom,2009-12-10,16,13,3552.41,273.26,0,2715.0,273,13,2009-12-10,2011-11-24,714,Europe,208.85,1.31
15859,United Kingdom,2010-10-03,433,1,438.46,438.46,1,174.0,22,1,2010-10-03,2010-10-03,0,Europe,174.0,2.52
15860,United Kingdom,2009-12-06,41,17,2361.3,138.9,0,1259.0,249,17,2009-12-06,2011-10-30,693,Europe,74.06,1.88
15861,United Kingdom,2010-01-28,13,12,4369.2,364.1,0,3837.0,452,12,2010-01-28,2011-11-27,668,Europe,319.75,1.14
15862,United Kingdom,2009-12-17,9,13,2512.29,193.25,0,1520.0,417,13,2009-12-17,2011-12-01,714,Europe,116.92,1.65
15863,United Kingdom,2009-12-17,26,5,355.1,71.02,0,162.0,74,5,2009-12-17,2011-11-14,697,Europe,32.4,2.19
15864,United Kingdom,2010-11-23,23,7,2180.76,311.54,0,1486.0,18,7,2010-11-23,2011-11-17,359,Europe,212.29,1.47
15865,United Kingdom,2010-01-05,41,5,2241.42,448.28,0,1141.0,119,5,2010-01-05,2011-10-30,663,Europe,228.2,1.96
15866,United Kingdom,2011-08-30,102,1,211.89,211.89,1,124.0,43,1,2011-08-30,2011-08-30,0,Europe,124.0,1.71
15867,United Kingdom,2009-12-14,6,31,8923.3,287.85,0,5067.0,547,31,2009-12-14,2011-12-04,720,Europe,163.45,1.76
15868,United Kingdom,2010-05-05,584,1,94.53,94.53,1,57.0,4,1,2010-05-05,2010-05-05,0,Europe,57.0,1.66
15869,United Kingdom,2010-03-23,278,3,321.11,107.04,1,273.0,29,3,2010-03-23,2011-03-07,349,Europe,91.0,1.18
15870,United Kingdom,2010-09-19,33,4,857.46,214.37,0,504.0,127,4,2010-09-19,2011-11-07,414,Europe,126.0,1.7
15871,United Kingdom,2010-09-28,438,1,33.1,33.1,1,5.0,5,1,2010-09-28,2010-09-28,0,Europe,5.0,6.62
15872,United Kingdom,2010-06-07,15,4,729.25,182.31,0,467.0,164,4,2010-06-07,2011-11-25,536,Europe,116.75,1.56
15873,United Kingdom,2010-07-27,500,4,313.92,78.48,1,1152.0,3,4,2010-07-27,2010-07-28,1,Europe,288.0,0.27
15874,United Kingdom,2010-01-07,64,21,11284.76,537.37,0,5102.0,262,21,2010-01-07,2011-10-07,638,Europe,242.95,2.21
15875,United Kingdom,2010-03-03,647,1,108.52,108.52,1,74.0,18,1,2010-03-03,2010-03-03,0,Europe,74.0,1.47
15876,United Kingdom,2010-09-17,410,2,1449.14,724.57,1,886.0,11,2,2010-09-17,2010-10-26,39,Europe,443.0,1.64
15877,United Kingdom,2011-11-22,2,2,490.33,245.17,0,368.0,122,2,2011-11-22,2011-12-08,16,Europe,184.0,1.33
15878,United Kingdom,2009-12-06,562,2,330.77,165.39,1,243.0,47,2,2009-12-06,2010-05-27,172,Europe,121.5,1.36
15879,United Kingdom,2009-12-17,405,4,1137.8,284.45,1,639.0,171,4,2009-12-17,2010-10-31,318,Europe,159.75,1.78
15880,United Kingdom,2010-12-05,370,1,329.03,329.03,1,202.0,95,1,2010-12-05,2010-12-05,0,Europe,202.0,1.63
15881,United Kingdom,2010-12-10,313,5,501.39,100.28,1,260.0,26,5,2010-12-10,2011-01-31,52,Europe,52.0,1.93
15882,United Kingdom,2009-12-10,199,8,1124.66,140.58,1,650.0,49,8,2009-12-10,2011-05-25,531,Europe,81.25,1.73
15883,United Kingdom,2011-11-06,3,2,396.48,198.24,0,223.0,42,2,2011-11-06,2011-12-07,31,Europe,111.5,1.78
15884,United Kingdom,2009-12-03,433,2,244.6,122.3,1,152.0,14,2,2009-12-03,2010-10-03,304,Europe,76.0,1.61
15885,United Kingdom,2010-01-21,93,15,1951.82,130.12,0,622.0,83,15,2010-01-21,2011-09-08,595,Europe,41.47,3.14
15886,United Kingdom,2010-04-20,61,4,1052.87,263.22,0,667.0,58,4,2010-04-20,2011-10-10,538,Europe,166.75,1.58
15887,United Kingdom,2010-06-02,407,3,1027.15,342.38,1,605.0,27,3,2010-06-02,2010-10-29,149,Europe,201.67,1.7
15888,United Kingdom,2010-07-01,81,3,429.16,143.05,0,139.0,33,3,2010-07-01,2011-09-20,446,Europe,46.33,3.09
15889,United Kingdom,2009-12-10,157,8,1427.6,178.45,0,800.0,256,8,2009-12-10,2011-07-06,573,Europe,100.0,1.78
15890,United Kingdom,2010-04-14,395,5,535.65,107.13,1,119.0,10,5,2010-04-14,2010-11-10,210,Europe,23.8,4.5
15891,United Kingdom,2011-04-27,227,1,511.68,511.68,1,418.0,60,1,2011-04-27,2011-04-27,0,Europe,418.0,1.22
15892,United Kingdom,2010-02-08,670,1,128.2,128.2,1,46.0,38,1,2010-02-08,2010-02-08,0,Europe,46.0,2.79
15893,United Kingdom,2010-08-15,482,1,305.28,305.28,1,288.0,1,1,2010-08-15,2010-08-15,0,Europe,288.0,1.06
15894,United Kingdom,2010-12-05,254,2,258.25,129.13,1,164.0,35,2,2010-12-05,2011-03-31,116,Europe,82.0,1.57
15895,United Kingdom,2011-07-13,150,1,179.17,179.17,1,94.0,11,1,2011-07-13,2011-07-13,0,Europe,94.0,1.91
15897,United Kingdom,2011-05-29,195,2,208.59,104.3,1,223.0,17,2,2011-05-29,2011-05-29,0,Europe,111.5,0.94
15898,United Kingdom,2009-12-11,2,25,4996.45,199.86,0,2160.0,281,25,2009-12-11,2011-12-08,727,Europe,86.4,2.31
15899,United Kingdom,2010-12-06,369,1,56.25,56.25,1,39.0,4,1,2010-12-06,2010-12-06,0,Europe,39.0,1.44
15900,United Kingdom,2010-05-26,24,4,886.57,221.64,0,656.0,100,4,2010-05-26,2011-11-16,539,Europe,164.0,1.35
15901,United Kingdom,2010-06-14,17,7,687.72,98.25,0,695.0,145,7,2010-06-14,2011-11-23,527,Europe,99.29,0.99
15902,United Kingdom,2010-11-24,381,1,145.01,145.01,1,124.0,18,1,2010-11-24,2010-11-24,0,Europe,124.0,1.17
15903,United Kingdom,2010-01-14,10,12,8939.84,744.99,0,3926.0,58,12,2010-01-14,2011-11-30,685,Europe,327.17,2.28
15904,United Kingdom,2011-12-01,9,1,164.68,164.68,0,84.0,30,1,2011-12-01,2011-12-01,0,Europe,84.0,1.96
15905,United Kingdom,2010-06-14,544,1,114.69,114.69,1,82.0,22,1,2010-06-14,2010-06-14,0,Europe,82.0,1.4
15906,United Kingdom,2010-09-15,20,10,2530.19,253.02,0,749.0,143,10,2010-09-15,2011-11-20,431,Europe,74.9,3.38
15907,United Kingdom,2011-05-13,4,3,882.72,294.24,0,478.0,175,3,2011-05-13,2011-12-06,207,Europe,159.33,1.85
15908,United Kingdom,2010-07-15,491,2,758.62,379.31,1,173.0,37,2,2010-07-15,2010-08-06,22,Europe,86.5,4.39
15909,United Kingdom,2011-06-19,174,1,191.94,191.94,1,98.0,7,1,2011-06-19,2011-06-19,0,Europe,98.0,1.96
15910,United Kingdom,2010-01-21,1,15,2661.17,177.41,0,2158.0,394,15,2010-01-21,2011-12-09,687,Europe,143.87,1.23
15911,United Kingdom,2009-12-09,624,8,1700.24,212.53,1,810.0,162,8,2009-12-09,2010-03-26,107,Europe,101.25,2.1
15912,United Kingdom,2009-12-10,179,9,1074.7,119.41,0,759.0,83,9,2009-12-10,2011-06-14,551,Europe,84.33,1.42
15913,United Kingdom,2010-06-23,535,1,6.3,6.3,1,3.0,1,1,2010-06-23,2010-06-23,0,Europe,3.0,2.1
15914,United Kingdom,2010-11-26,379,2,205.99,103.0,1,149.0,13,2,2010-11-26,2010-11-26,0,Europe,74.5,1.38
15915,United Kingdom,2010-11-03,402,1,364.45,364.45,1,414.0,105,1,2010-11-03,2010-11-03,0,Europe,414.0,0.88
15916,United Kingdom,2009-12-10,17,13,3145.24,241.94,0,1618.0,227,13,2009-12-10,2011-11-23,713,Europe,124.46,1.94
15917,United Kingdom,2009-12-02,248,5,530.17,106.03,1,248.0,127,5,2009-12-02,2011-04-06,490,Europe,49.6,2.14
15918,United Kingdom,2010-03-18,191,3,582.88,194.29,1,240.0,49,3,2010-03-18,2011-06-02,441,Europe,80.0,2.43
15919,United Kingdom,2010-12-06,20,2,525.69,262.85,0,385.0,103,2,2010-12-06,2011-11-20,349,Europe,192.5,1.37
15920,United Kingdom,2009-12-14,155,9,569.14,63.24,0,238.0,93,9,2009-12-14,2011-07-08,571,Europe,26.44,2.39
15921,United Kingdom,2010-03-09,173,4,775.26,193.82,0,335.0,69,4,2010-03-09,2011-06-20,468,Europe,83.75,2.31
15922,United Kingdom,2010-12-01,374,1,369.5,369.5,1,138.0,11,1,2010-12-01,2010-12-01,0,Europe,138.0,2.68
15923,United Kingdom,2010-12-02,373,1,127.08,127.08,1,122.0,21,1,2010-12-02,2010-12-02,0,Europe,122.0,1.04
15924,United Kingdom,2009-12-08,732,1,102.82,102.82,1,103.0,14,1,2009-12-08,2009-12-08,0,Europe,103.0,1.0
15925,United Kingdom,2011-05-29,195,1,207.15,207.15,1,93.0,12,1,2011-05-29,2011-05-29,0,Europe,93.0,2.23
15926,United Kingdom,2010-06-15,543,1,134.44,134.44,1,155.0,7,1,2010-06-15,2010-06-15,0,Europe,155.0,0.87
15927,United Kingdom,2010-03-02,648,1,106.54,106.54,1,66.0,13,1,2010-03-02,2010-03-02,0,Europe,66.0,1.61
15928,United Kingdom,2010-02-21,657,1,293.53,293.53,1,164.0,11,1,2010-02-21,2010-02-21,0,Europe,164.0,1.79
15929,United Kingdom,2010-03-05,645,1,594.0,594.0,1,120.0,1,1,2010-03-05,2010-03-05,0,Europe,120.0,4.95
15930,United Kingdom,2011-10-03,68,1,426.63,426.63,0,139.0,21,1,2011-10-03,2011-10-03,0,Europe,139.0,3.07
15931,United Kingdom,2010-10-07,429,1,239.9,239.9,1,118.0,14,1,2010-10-07,2010-10-07,0,Europe,118.0,2.03
15932,United Kingdom,2011-02-23,5,8,2495.87,311.98,0,2325.0,93,8,2011-02-23,2011-12-05,285,Europe,290.63,1.07
15933,United Kingdom,2011-09-14,22,3,1107.46,369.15,0,885.0,63,3,2011-09-14,2011-11-18,65,Europe,295.0,1.25
15934,United Kingdom,2010-10-06,418,2,2190.66,1095.33,1,2166.0,29,2,2010-10-06,2010-10-18,12,Europe,1083.0,1.01
15935,United Kingdom,2011-04-12,240,2,416.86,208.43,1,115.0,12,2,2011-04-12,2011-04-14,2,Europe,57.5,3.62
15936,United Kingdom,2010-08-29,380,2,282.79,141.4,1,211.0,16,2,2010-08-29,2010-11-25,88,Europe,105.5,1.34
15937,United Kingdom,2011-10-06,65,1,145.35,145.35,0,73.0,7,1,2011-10-06,2011-10-06,0,Europe,73.0,1.99
15938,United Kingdom,2010-06-01,113,9,734.81,81.65,0,449.0,27,9,2010-06-01,2011-08-19,444,Europe,49.89,1.64
15939,United Kingdom,2010-11-30,90,16,9060.39,566.27,0,6260.0,52,16,2010-11-30,2011-09-11,285,Europe,391.25,1.45
15940,United Kingdom,2011-02-01,312,1,35.8,35.8,1,4.0,1,1,2011-02-01,2011-02-01,0,Europe,4.0,8.95
15941,United Kingdom,2010-03-12,638,1,405.0,405.0,1,60.0,6,1,2010-03-12,2010-03-12,0,Europe,60.0,6.75
15942,United Kingdom,2011-07-29,134,1,337.44,337.44,1,232.0,14,1,2011-07-29,2011-07-29,0,Europe,232.0,1.45
15943,United Kingdom,2010-01-31,650,2,271.29,135.65,1,183.0,12,2,2010-01-31,2010-02-28,28,Europe,91.5,1.48
15944,United Kingdom,2009-12-13,277,4,2164.24,541.06,1,859.0,25,4,2009-12-13,2011-03-08,450,Europe,214.75,2.52
15945,United Kingdom,2009-12-01,366,4,646.27,161.57,1,345.0,24,4,2009-12-01,2010-12-09,373,Europe,86.25,1.87
15946,United Kingdom,2010-03-16,503,3,2304.18,768.06,1,1614.0,25,3,2010-03-16,2010-07-25,131,Europe,538.0,1.43
15947,United Kingdom,2011-09-18,83,1,1708.24,1708.24,0,898.0,29,1,2011-09-18,2011-09-18,0,Europe,898.0,1.9
15948,United Kingdom,2010-10-11,9,3,1509.09,503.03,0,852.0,63,3,2010-10-11,2011-12-01,416,Europe,284.0,1.77
15949,United Kingdom,2011-09-29,17,2,364.72,182.36,0,284.0,12,2,2011-09-29,2011-11-23,55,Europe,142.0,1.28
15950,United Kingdom,2010-01-26,32,10,7120.91,712.09,0,3354.0,225,10,2010-01-26,2011-11-08,651,Europe,335.4,2.12
15951,United Kingdom,2010-11-23,9,3,1013.17,337.72,0,420.0,44,3,2010-11-23,2011-12-01,373,Europe,140.0,2.41
15952,United Kingdom,2011-04-28,34,4,781.91,195.48,0,391.0,65,4,2011-04-28,2011-11-06,192,Europe,97.75,2.0
15953,United Kingdom,2009-12-03,16,18,3440.34,191.13,0,1741.0,102,18,2009-12-03,2011-11-24,721,Europe,96.72,1.98
15954,United Kingdom,2010-04-29,590,1,190.75,190.75,1,119.0,20,1,2010-04-29,2010-04-29,0,Europe,119.0,1.6
15955,United Kingdom,2010-02-23,25,22,8085.98,367.54,0,3967.0,222,22,2010-02-23,2011-11-15,630,Europe,180.32,2.04
15956,United Kingdom,2009-12-13,552,2,617.6,308.8,1,278.0,18,2,2009-12-13,2010-06-06,175,Europe,139.0,2.22
15957,United Kingdom,2010-10-15,32,3,921.25,307.08,0,453.0,121,3,2010-10-15,2011-11-08,389,Europe,151.0,2.03
15958,United Kingdom,2010-06-07,75,4,462.12,115.53,0,154.0,50,4,2010-06-07,2011-09-26,476,Europe,38.5,3.0
15959,United Kingdom,2010-01-26,683,3,542.89,180.96,1,269.0,58,3,2010-01-26,2010-01-26,0,Europe,89.67,2.02
15960,United Kingdom,2010-09-30,375,4,410.95,102.74,1,258.0,24,4,2010-09-30,2010-11-30,61,Europe,64.5,1.59
15961,United Kingdom,2010-11-25,380,1,451.29,451.29,1,154.0,42,1,2010-11-25,2010-11-25,0,Europe,154.0,2.93
15962,United Kingdom,2010-09-16,450,1,289.48,289.48,1,228.0,43,1,2010-09-16,2010-09-16,0,Europe,228.0,1.27
15963,United Kingdom,2011-10-25,20,2,470.76,235.38,0,298.0,26,2,2011-10-25,2011-11-20,26,Europe,149.0,1.58
15964,United Kingdom,2010-02-14,664,1,269.21,269.21,1,93.0,20,1,2010-02-14,2010-02-14,0,Europe,93.0,2.89
15965,United Kingdom,2009-12-03,18,13,2771.94,213.23,0,1313.0,202,13,2009-12-03,2011-11-22,719,Europe,101.0,2.11
15966,United Kingdom,2010-09-15,451,1,426.53,426.53,1,275.0,27,1,2010-09-15,2010-09-15,0,Europe,275.0,1.55
15967,United Kingdom,2009-12-01,24,12,2966.0,247.17,0,1183.0,316,12,2009-12-01,2011-11-16,715,Europe,98.58,2.51
15968,United Kingdom,2010-11-16,389,1,404.55,404.55,1,247.0,70,1,2010-11-16,2010-11-16,0,Europe,247.0,1.64
15969,United Kingdom,2010-07-05,3,5,1127.05,225.41,0,223.0,31,5,2010-07-05,2011-12-07,520,Europe,44.6,5.05
15970,United Kingdom,2010-04-20,304,2,1017.32,508.66,1,498.0,19,2,2010-04-20,2011-02-09,295,Europe,249.0,2.04
15971,United Kingdom,2009-12-08,18,18,5902.83,327.94,0,2251.0,12,18,2009-12-08,2011-11-22,714,Europe,125.06,2.62
15972,United Kingdom,2010-04-18,457,5,1769.33,353.87,1,468.0,104,5,2010-04-18,2010-09-09,144,Europe,93.6,3.78
15973,United Kingdom,2010-10-06,367,3,680.62,226.87,1,195.0,8,3,2010-10-06,2010-12-08,63,Europe,65.0,3.49
15974,United Kingdom,2011-02-24,40,7,3442.15,491.74,0,2262.0,141,7,2011-02-24,2011-10-31,249,Europe,323.14,1.52
15975,United Kingdom,2011-09-16,85,1,371.01,371.01,0,243.0,24,1,2011-09-16,2011-09-16,0,Europe,243.0,1.53
15976,United Kingdom,2010-06-06,166,6,1694.41,282.4,0,1053.0,265,6,2010-06-06,2011-06-27,386,Europe,175.5,1.61
15977,United Kingdom,2011-10-31,18,2,1054.73,527.37,0,1016.0,48,2,2011-10-31,2011-11-22,22,Europe,508.0,1.04
15978,United Kingdom,2010-03-05,78,3,3279.42,1093.14,0,2444.0,107,3,2010-03-05,2011-09-23,567,Europe,814.67,1.34
15979,United Kingdom,2010-04-16,603,1,329.22,329.22,1,450.0,22,1,2010-04-16,2010-04-16,0,Europe,450.0,0.73
15980,United Kingdom,2010-06-01,89,7,6543.68,934.81,0,4822.0,101,7,2010-06-01,2011-09-12,468,Europe,688.86,1.36
15981,United Kingdom,2010-03-29,25,21,9362.77,445.85,0,4827.0,151,21,2010-03-29,2011-11-15,596,Europe,229.86,1.94
15982,United Kingdom,2010-04-13,606,1,324.51,324.51,1,131.0,45,1,2010-04-13,2010-04-13,0,Europe,131.0,2.48
15983,United Kingdom,2009-12-06,23,8,3110.37,388.8,0,1872.0,137,8,2009-12-06,2011-11-17,711,Europe,234.0,1.66
15984,United Kingdom,2009-12-01,3,30,8393.02,279.77,0,5730.0,458,30,2009-12-01,2011-12-07,736,Europe,191.0,1.46
15985,United Kingdom,2010-05-27,124,7,2715.28,387.9,0,2750.0,50,7,2010-05-27,2011-08-08,438,Europe,392.86,0.99
15986,United Kingdom,2010-11-23,31,2,354.42,177.21,0,368.0,25,2,2010-11-23,2011-11-09,351,Europe,184.0,0.96
15987,United Kingdom,2010-11-25,13,8,1535.99,192.0,0,1599.0,143,8,2010-11-25,2011-11-27,367,Europe,199.88,0.96
15988,United Kingdom,2010-02-21,20,3,738.89,246.3,0,476.0,114,3,2010-02-21,2011-11-20,637,Europe,158.67,1.55
15989,United Kingdom,2009-12-02,376,2,368.31,184.16,1,169.0,81,2,2009-12-02,2010-11-29,362,Europe,84.5,2.18
15990,United Kingdom,2010-02-28,45,7,1997.75,285.39,0,1086.0,117,7,2010-02-28,2011-10-26,605,Europe,155.14,1.84
15991,United Kingdom,2010-06-23,535,1,150.55,150.55,1,41.0,6,1,2010-06-23,2010-06-23,0,Europe,41.0,3.67
15992,United Kingdom,2010-09-12,4,3,896.6,298.87,0,514.0,53,3,2010-09-12,2011-12-06,450,Europe,171.33,1.74
15993,United Kingdom,2011-10-26,9,7,2777.67,396.81,0,2037.0,335,7,2011-10-26,2011-12-01,36,Europe,291.0,1.36
15994,United Kingdom,2010-03-14,55,3,1175.68,391.89,0,462.0,93,3,2010-03-14,2011-10-16,581,Europe,154.0,2.54
15995,United Kingdom,2010-10-21,415,1,694.54,694.54,1,352.0,108,1,2010-10-21,2010-10-21,0,Europe,352.0,1.97
15996,United Kingdom,2010-11-07,89,7,1386.4,198.06,0,643.0,140,7,2010-11-07,2011-09-12,309,Europe,91.86,2.16
15998,United Kingdom,2009-12-01,37,16,8274.14,517.13,0,5350.0,682,16,2009-12-01,2011-11-03,702,Europe,334.38,1.55
15999,United Kingdom,2009-12-04,736,1,20.4,20.4,1,24.0,1,1,2009-12-04,2009-12-04,0,Europe,24.0,0.85
16000,United Kingdom,2011-12-07,3,3,12393.7,4131.23,0,5110.0,9,3,2011-12-07,2011-12-07,0,Europe,1703.33,2.43
16001,United Kingdom,2010-11-23,382,1,583.39,583.39,1,337.0,29,1,2010-11-23,2010-11-23,0,Europe,337.0,1.73
16002,United Kingdom,2010-03-24,626,1,169.21,169.21,1,70.0,42,1,2010-03-24,2010-03-24,0,Europe,70.0,2.42
16003,United Kingdom,2009-12-03,30,10,5613.83,561.38,0,2210.0,146,10,2009-12-03,2011-11-10,707,Europe,221.0,2.54
16004,United Kingdom,2010-01-25,475,5,2146.39,429.28,1,1076.0,63,5,2010-01-25,2010-08-22,209,Europe,215.2,1.99
16005,United Kingdom,2010-09-15,13,10,2365.49,236.55,0,1269.0,315,10,2010-09-15,2011-11-27,438,Europe,126.9,1.86
16006,United Kingdom,2010-11-17,212,2,332.82,166.41,1,205.0,75,2,2010-11-17,2011-05-12,176,Europe,102.5,1.62
16007,United Kingdom,2010-06-14,48,7,3053.06,436.15,0,2631.0,337,7,2010-06-14,2011-10-23,496,Europe,375.86,1.16
16008,United Kingdom,2010-03-19,24,15,5339.13,355.94,0,3237.0,63,15,2010-03-19,2011-11-16,607,Europe,215.8,1.65
16009,United Kingdom,2011-07-03,23,4,972.11,243.03,0,366.0,68,4,2011-07-03,2011-11-17,137,Europe,91.5,2.66
16010,United Kingdom,2010-10-24,246,11,1694.86,154.08,1,919.0,122,11,2010-10-24,2011-04-08,166,Europe,83.55,1.84
16011,United Kingdom,2009-12-01,9,29,5601.01,193.14,0,3323.0,181,29,2009-12-01,2011-12-01,730,Europe,114.59,1.69
16012,United Kingdom,2010-06-28,36,5,2978.59,595.72,0,1760.0,207,5,2010-06-28,2011-11-04,494,Europe,352.0,1.69
16013,United Kingdom,2009-12-08,4,84,56078.44,667.6,0,25520.0,54,84,2009-12-08,2011-12-06,728,Europe,303.81,2.2
16014,United Kingdom,2010-01-31,38,5,1100.28,220.06,0,462.0,219,5,2010-01-31,2011-11-02,640,Europe,92.4,2.38
16015,United Kingdom,2011-10-21,4,3,704.55,234.85,0,907.0,146,3,2011-10-21,2011-12-06,46,Europe,302.33,0.78
16016,United Kingdom,2010-11-02,4,11,2083.4,189.4,0,881.0,181,11,2010-11-02,2011-12-06,399,Europe,80.09,2.36
16017,United Kingdom,2010-01-05,48,5,1545.58,309.12,0,635.0,99,5,2010-01-05,2011-10-23,656,Europe,127.0,2.43
16018,United Kingdom,2009-12-07,40,4,698.13,174.53,0,503.0,48,4,2009-12-07,2011-10-31,693,Europe,125.75,1.39
16019,United Kingdom,2009-12-14,47,27,17329.16,641.82,0,6959.0,256,27,2009-12-14,2011-10-24,679,Europe,257.74,2.49
16020,United Kingdom,2011-10-05,17,3,851.01,283.67,0,487.0,42,3,2011-10-05,2011-11-23,49,Europe,162.33,1.75
16021,United Kingdom,2010-06-13,396,2,487.03,243.52,1,276.0,117,2,2010-06-13,2010-11-09,149,Europe,138.0,1.76
16022,United Kingdom,2011-03-24,261,1,602.63,602.63,1,255.0,68,1,2011-03-24,2011-03-24,0,Europe,255.0,2.36
16023,United Kingdom,2011-03-18,47,3,719.81,239.94,0,358.0,90,3,2011-03-18,2011-10-24,220,Europe,119.33,2.01
16024,United Kingdom,2010-10-24,13,3,483.99,161.33,0,504.0,78,3,2010-10-24,2011-11-27,399,Europe,168.0,0.96
16025,United Kingdom,2011-11-10,30,1,439.66,439.66,0,338.0,28,1,2011-11-10,2011-11-10,0,Europe,338.0,1.3
16026,United Kingdom,2011-10-27,44,1,236.09,236.09,0,243.0,30,1,2011-10-27,2011-10-27,0,Europe,243.0,0.97
16027,United Kingdom,2010-01-08,92,15,2048.36,136.56,0,2099.0,20,15,2010-01-08,2011-09-09,609,Europe,139.93,0.98
16028,United Kingdom,2010-04-23,596,1,82.2,82.2,1,18.0,5,1,2010-04-23,2010-04-23,0,Europe,18.0,4.57
16029,United Kingdom,2009-12-08,39,107,117763.62,1100.59,0,54450.0,57,107,2009-12-08,2011-11-01,693,Europe,508.88,2.16
16030,United Kingdom,2011-02-03,310,1,331.24,331.24,1,283.0,28,1,2011-02-03,2011-02-03,0,Europe,283.0,1.17
16031,United Kingdom,2011-04-06,93,2,547.9,273.95,1,421.0,91,2,2011-04-06,2011-09-08,155,Europe,210.5,1.3
16032,United Kingdom,2010-07-04,457,6,1965.72,327.62,1,1467.0,130,6,2010-07-04,2010-09-09,67,Europe,244.5,1.34
16033,United Kingdom,2010-08-11,6,27,10608.81,392.92,0,4200.0,605,27,2010-08-11,2011-12-04,480,Europe,155.56,2.53
16034,United Kingdom,2010-10-26,197,6,911.32,151.89,1,585.0,43,6,2010-10-26,2011-05-27,213,Europe,97.5,1.56
16035,United Kingdom,2010-05-28,561,1,217.73,217.73,1,33.0,21,1,2010-05-28,2010-05-28,0,Europe,33.0,6.6
16036,United Kingdom,2010-03-29,88,4,2556.84,639.21,0,1369.0,120,4,2010-03-29,2011-09-13,533,Europe,342.25,1.87
16037,United Kingdom,2010-03-01,270,5,1509.34,301.87,1,766.0,62,5,2010-03-01,2011-03-15,379,Europe,153.2,1.97
16038,United Kingdom,2011-05-22,8,3,471.78,157.26,0,244.0,24,3,2011-05-22,2011-12-02,194,Europe,81.33,1.93
16039,United Kingdom,2010-03-21,424,2,456.4,228.2,1,409.0,27,2,2010-03-21,2010-10-12,205,Europe,204.5,1.12
16040,United Kingdom,2010-04-09,66,7,2416.9,345.27,0,1185.0,95,7,2010-04-09,2011-10-05,544,Europe,169.29,2.04
16041,United Kingdom,2011-07-21,31,3,3166.4,1055.47,0,1584.0,6,3,2011-07-21,2011-11-09,111,Europe,528.0,2.0
16042,United Kingdom,2010-09-12,23,8,2245.32,280.67,0,1430.0,88,8,2010-09-12,2011-11-17,431,Europe,178.75,1.57
16043,United Kingdom,2010-08-15,38,8,1856.59,232.07,0,1011.0,56,8,2010-08-15,2011-11-02,444,Europe,126.38,1.84
16044,United Kingdom,2010-09-30,436,1,340.84,340.84,1,170.0,19,1,2010-09-30,2010-09-30,0,Europe,170.0,2.0
16045,United Kingdom,2010-07-29,120,8,3434.93,429.37,0,2108.0,111,8,2010-07-29,2011-08-12,379,Europe,263.5,1.63
16046,United Kingdom,2010-05-26,563,1,235.78,235.78,1,248.0,22,1,2010-05-26,2010-05-26,0,Europe,248.0,0.95
16047,EIRE,2010-01-26,683,1,107.14,107.14,1,1.0,1,1,2010-01-26,2010-01-26,0,Europe,1.0,107.14
16048,United Kingdom,2010-06-08,374,4,818.79,204.7,1,425.0,30,4,2010-06-08,2010-12-01,176,Europe,106.25,1.93
16049,United Kingdom,2010-07-11,41,6,1852.15,308.69,0,1132.0,383,6,2010-07-11,2011-10-30,476,Europe,188.67,1.64
16050,United Kingdom,2010-11-03,174,3,300.7,100.23,0,388.0,19,3,2010-11-03,2011-06-19,228,Europe,129.33,0.78
16051,United Kingdom,2010-01-27,682,1,188.44,188.44,1,80.0,12,1,2010-01-27,2010-01-27,0,Europe,80.0,2.36
16052,United Kingdom,2011-10-16,55,1,362.06,362.06,0,282.0,34,1,2011-10-16,2011-10-16,0,Europe,282.0,1.28
16053,United Kingdom,2010-04-08,33,6,3634.84,605.81,0,3067.0,169,6,2010-04-08,2011-11-07,578,Europe,511.17,1.19
16054,United Kingdom,2010-04-01,146,4,2111.88,527.97,0,791.0,109,4,2010-04-01,2011-07-17,472,Europe,197.75,2.67
16055,United Kingdom,2011-05-03,221,1,134.8,134.8,1,22.0,8,1,2011-05-03,2011-05-03,0,Europe,22.0,6.13
16056,United Kingdom,2011-10-25,46,1,650.75,650.75,0,345.0,66,1,2011-10-25,2011-10-25,0,Europe,345.0,1.89
16057,United Kingdom,2010-01-07,17,10,3854.85,385.49,0,1691.0,175,10,2010-01-07,2011-11-23,685,Europe,169.1,2.28
16058,United Kingdom,2010-10-29,407,1,62.7,62.7,1,18.0,2,1,2010-10-29,2010-10-29,0,Europe,18.0,3.48
16059,United Kingdom,2010-05-19,66,12,3053.57,254.46,0,1431.0,233,12,2010-05-19,2011-10-05,504,Europe,119.25,2.13
16060,United Kingdom,2010-08-02,401,3,541.95,180.65,1,243.0,22,3,2010-08-02,2010-11-04,94,Europe,81.0,2.23
16061,United Kingdom,2010-10-04,432,1,89.65,89.65,1,19.0,3,1,2010-10-04,2010-10-04,0,Europe,19.0,4.72
16062,United Kingdom,2010-06-21,10,8,2863.45,357.93,0,2035.0,134,8,2010-06-21,2011-11-30,527,Europe,254.38,1.41
16063,United Kingdom,2011-03-24,261,1,335.32,335.32,1,262.0,23,1,2011-03-24,2011-03-24,0,Europe,262.0,1.28
16064,United Kingdom,2009-12-14,726,1,109.31,109.31,1,55.0,17,1,2009-12-14,2009-12-14,0,Europe,55.0,1.99
16065,United Kingdom,2010-09-02,366,8,1992.13,249.02,1,1207.0,214,8,2010-09-02,2010-12-09,98,Europe,150.88,1.65
16066,United Kingdom,2011-08-07,17,5,1521.04,304.21,0,935.0,77,5,2011-08-07,2011-11-23,108,Europe,187.0,1.63
16067,United Kingdom,2010-02-02,563,3,3269.11,1089.7,1,1236.0,60,3,2010-02-02,2010-05-26,113,Europe,412.0,2.64
16068,United Kingdom,2010-04-25,594,1,115.73,115.73,1,48.0,34,1,2010-04-25,2010-04-25,0,Europe,48.0,2.41
16069,United Kingdom,2010-10-18,418,1,457.7,457.7,1,138.0,25,1,2010-10-18,2010-10-18,0,Europe,138.0,3.32
16070,United Kingdom,2011-11-07,23,2,852.15,426.08,0,457.0,32,2,2011-11-07,2011-11-17,10,Europe,228.5,1.86
16071,United Kingdom,2010-02-22,45,4,1076.8,269.2,0,697.0,62,4,2010-02-22,2011-10-26,611,Europe,174.25,1.54
16072,United Kingdom,2010-06-08,289,4,4180.09,1045.02,1,1580.0,414,4,2010-06-08,2011-02-24,261,Europe,395.0,2.65
16073,United Kingdom,2011-02-15,298,1,122.4,122.4,1,48.0,1,1,2011-02-15,2011-02-15,0,Europe,48.0,2.55
16074,United Kingdom,2010-11-14,391,1,252.5,252.5,1,38.0,23,1,2010-11-14,2010-11-14,0,Europe,38.0,6.64
16075,United Kingdom,2010-05-24,503,2,736.93,368.47,1,271.0,41,2,2010-05-24,2010-07-25,62,Europe,135.5,2.72
16076,United Kingdom,2011-05-15,4,10,2234.73,223.47,0,1435.0,71,10,2011-05-15,2011-12-06,205,Europe,143.5,1.56
16077,United Kingdom,2010-03-24,626,1,2300.4,2300.4,1,840.0,8,1,2010-03-24,2010-03-24,0,Europe,840.0,2.74
16078,United Kingdom,2010-02-08,284,2,362.99,181.5,1,200.0,39,2,2010-02-08,2011-03-01,386,Europe,100.0,1.81
16079,United Kingdom,2011-10-30,17,3,1352.0,450.67,0,864.0,18,3,2011-10-30,2011-11-23,24,Europe,288.0,1.56
16080,United Kingdom,2010-09-15,82,4,602.56,150.64,0,298.0,29,4,2010-09-15,2011-09-19,369,Europe,74.5,2.02
16081,United Kingdom,2010-02-03,57,8,4278.96,534.87,0,2177.0,235,8,2010-02-03,2011-10-14,618,Europe,272.13,1.97
16082,United Kingdom,2010-02-07,671,1,106.75,106.75,1,39.0,16,1,2010-02-07,2010-02-07,0,Europe,39.0,2.74
16083,United Kingdom,2010-11-16,101,4,2351.42,587.86,0,1514.0,61,4,2010-11-16,2011-08-31,288,Europe,378.5,1.55
16084,United Kingdom,2011-02-13,300,1,436.18,436.18,1,216.0,38,1,2011-02-13,2011-02-13,0,Europe,216.0,2.02
16085,United Kingdom,2010-01-20,24,12,2341.03,195.09,0,1382.0,259,12,2010-01-20,2011-11-16,665,Europe,115.17,1.69
16086,United Kingdom,2009-12-02,60,10,2687.73,268.77,0,1450.0,66,10,2009-12-02,2011-10-11,678,Europe,145.0,1.85
16087,United Kingdom,2010-01-19,390,5,1739.92,347.98,1,664.0,6,5,2010-01-19,2010-11-15,300,Europe,132.8,2.62
16088,United Kingdom,2010-04-27,576,2,1437.43,718.72,1,373.0,3,2,2010-04-27,2010-05-13,16,Europe,186.5,3.85
16089,United Kingdom,2010-07-18,387,2,263.49,131.75,1,119.0,42,2,2010-07-18,2010-11-18,123,Europe,59.5,2.21
16090,United Kingdom,2010-03-25,625,1,180.56,180.56,1,58.0,18,1,2010-03-25,2010-03-25,0,Europe,58.0,3.11
16091,United Kingdom,2011-05-25,155,2,315.06,157.53,1,154.0,16,2,2011-05-25,2011-07-08,44,Europe,77.0,2.05
16092,United Kingdom,2010-05-09,115,6,1587.94,264.66,0,1188.0,60,6,2010-05-09,2011-08-17,465,Europe,198.0,1.34
16093,United Kingdom,2011-08-25,107,1,17.0,17.0,1,20.0,1,1,2011-08-25,2011-08-25,0,Europe,20.0,0.85
16094,United Kingdom,2010-04-16,12,11,3695.56,335.96,0,2020.0,101,11,2010-04-16,2011-11-28,591,Europe,183.64,1.83
16095,United Kingdom,2010-09-09,457,1,447.05,447.05,1,265.0,30,1,2010-09-09,2010-09-09,0,Europe,265.0,1.69
16096,United Kingdom,2010-03-04,265,4,1584.97,396.24,1,700.0,58,4,2010-03-04,2011-03-20,381,Europe,175.0,2.26
16097,United Kingdom,2011-04-13,241,1,185.05,185.05,1,87.0,10,1,2011-04-13,2011-04-13,0,Europe,87.0,2.13
16098,United Kingdom,2009-12-15,88,14,4010.7,286.48,0,2008.0,83,14,2009-12-15,2011-09-13,637,Europe,143.43,2.0
16099,United Kingdom,2010-03-03,51,7,1573.2,224.74,0,960.0,44,7,2010-03-03,2011-10-20,596,Europe,137.14,1.64
16100,United Kingdom,2010-09-03,463,1,582.64,582.64,1,438.0,37,1,2010-09-03,2010-09-03,0,Europe,438.0,1.33
16101,United Kingdom,2010-05-27,71,4,3229.16,807.29,0,1844.0,153,4,2010-05-27,2011-09-30,491,Europe,461.0,1.75
16102,United Kingdom,2011-08-03,43,3,1842.14,614.05,0,942.0,41,3,2011-08-03,2011-10-28,86,Europe,314.0,1.96
16103,United Kingdom,2010-01-08,8,22,6191.71,281.44,0,2639.0,111,22,2010-01-08,2011-12-02,693,Europe,119.95,2.35
16104,United Kingdom,2009-12-06,62,9,2774.46,308.27,0,1047.0,187,9,2009-12-06,2011-10-09,672,Europe,116.33,2.65
16105,United Kingdom,2010-04-14,249,5,2386.19,477.24,1,2125.0,92,5,2010-04-14,2011-04-05,356,Europe,425.0,1.12
16106,United Kingdom,2011-10-05,66,1,108.38,108.38,0,74.0,6,1,2011-10-05,2011-10-05,0,Europe,74.0,1.46
16107,United Kingdom,2011-06-09,18,7,3204.16,457.74,0,1176.0,16,7,2011-06-09,2011-11-22,166,Europe,168.0,2.72
16108,United Kingdom,2010-03-18,85,4,2235.92,558.98,0,1473.0,124,4,2010-03-18,2011-09-16,547,Europe,368.25,1.52
16109,United Kingdom,2010-01-10,219,3,939.48,313.16,1,1092.0,30,3,2010-01-10,2011-05-05,480,Europe,364.0,0.86
16110,United Kingdom,2010-07-05,46,4,1781.59,445.4,0,880.0,343,4,2010-07-05,2011-10-25,477,Europe,220.0,2.02
16111,United Kingdom,2010-10-07,429,1,549.33,549.33,1,233.0,72,1,2010-10-07,2010-10-07,0,Europe,233.0,2.36
16112,United Kingdom,2011-01-05,144,4,195.74,48.94,0,574.0,15,4,2011-01-05,2011-07-19,195,Europe,143.5,0.34
16113,United Kingdom,2011-06-09,184,1,161.38,161.38,1,176.0,30,1,2011-06-09,2011-06-09,0,Europe,176.0,0.92
16114,United Kingdom,2011-06-22,171,1,135.75,135.75,1,43.0,8,1,2011-06-22,2011-06-22,0,Europe,43.0,3.16
16115,United Kingdom,2010-05-14,10,12,2553.8,212.82,0,1589.0,230,12,2010-05-14,2011-11-30,565,Europe,132.42,1.61
16116,United Kingdom,2011-05-12,212,1,612.78,612.78,1,248.0,34,1,2011-05-12,2011-05-12,0,Europe,248.0,2.47
16117,United Kingdom,2010-04-27,190,3,654.4,218.13,1,321.0,64,3,2010-04-27,2011-06-03,402,Europe,107.0,2.04
16118,United Kingdom,2010-02-25,653,1,4376.25,4376.25,1,2851.0,41,1,2010-02-25,2010-02-25,0,Europe,2851.0,1.53
16119,United Kingdom,2009-12-16,9,8,1720.81,215.1,0,811.0,37,8,2009-12-16,2011-12-01,715,Europe,101.38,2.12
16120,United Kingdom,2010-10-13,60,6,2967.51,494.59,0,2161.0,84,6,2010-10-13,2011-10-11,363,Europe,360.17,1.37
16121,United Kingdom,2010-05-23,58,5,1450.04,290.01,0,879.0,256,5,2010-05-23,2011-10-13,508,Europe,175.8,1.65
16122,United Kingdom,2010-10-10,74,6,895.62,149.27,0,1280.0,28,6,2010-10-10,2011-09-27,352,Europe,213.33,0.7
16123,United Kingdom,2011-10-19,52,1,307.78,307.78,0,170.0,16,1,2011-10-19,2011-10-19,0,Europe,170.0,1.81
16124,United Kingdom,2009-12-07,318,4,1772.49,443.12,1,797.0,63,4,2009-12-07,2011-01-26,415,Europe,199.25,2.22
16125,United Kingdom,2009-12-14,368,14,4292.35,306.6,1,1819.0,168,14,2009-12-14,2010-12-07,358,Europe,129.93,2.36
16126,United Kingdom,2009-12-02,30,15,14644.6,976.31,0,6140.0,144,15,2009-12-02,2011-11-10,708,Europe,409.33,2.39
16127,United Kingdom,2009-12-13,40,2,801.31,400.66,0,391.0,75,2,2009-12-13,2011-10-31,687,Europe,195.5,2.05
16128,United Kingdom,2010-07-16,18,11,3801.05,345.55,0,2445.0,155,11,2010-07-16,2011-11-22,494,Europe,222.27,1.55
16129,United Kingdom,2010-07-20,408,3,1396.05,465.35,1,1261.0,91,3,2010-07-20,2010-10-28,100,Europe,420.33,1.11
16130,United Kingdom,2010-04-01,423,4,987.48,246.87,1,296.0,53,4,2010-04-01,2010-10-13,195,Europe,74.0,3.34
16131,United Kingdom,2009-12-02,52,12,9957.42,829.79,0,4768.0,131,12,2009-12-02,2011-10-19,686,Europe,397.33,2.09
16132,United Kingdom,2010-03-22,545,2,664.2,332.1,1,280.0,14,2,2010-03-22,2010-06-13,83,Europe,140.0,2.37
16133,United Kingdom,2010-03-31,4,56,22992.26,410.58,0,13653.0,303,56,2010-03-31,2011-12-06,615,Europe,243.8,1.68
16134,United Kingdom,2010-06-17,22,5,2145.34,429.07,0,1637.0,85,5,2010-06-17,2011-11-18,519,Europe,327.4,1.31
16135,United Kingdom,2010-05-05,263,2,819.45,409.73,1,395.0,35,2,2010-05-05,2011-03-22,321,Europe,197.5,2.07
16136,United Kingdom,2010-02-14,60,4,946.8,236.7,0,674.0,44,4,2010-02-14,2011-10-11,604,Europe,168.5,1.4
16137,United Kingdom,2010-01-28,681,1,422.7,422.7,1,210.0,28,1,2010-01-28,2010-01-28,0,Europe,210.0,2.01
16138,United Kingdom,2010-04-28,379,3,910.35,303.45,1,774.0,35,3,2010-04-28,2010-11-26,212,Europe,258.0,1.18
16139,United Kingdom,2009-12-03,19,5,1111.15,222.23,0,602.0,47,5,2009-12-03,2011-11-21,718,Europe,120.4,1.85
16140,United Kingdom,2010-09-24,66,3,1433.46,477.82,0,1272.0,50,3,2010-09-24,2011-10-05,376,Europe,424.0,1.13
16141,United Kingdom,2010-10-18,89,2,955.94,477.97,0,410.0,47,2,2010-10-18,2011-09-12,329,Europe,205.0,2.33
16142,United Kingdom,2011-04-04,250,1,535.34,535.34,1,422.0,37,1,2011-04-04,2011-04-04,0,Europe,422.0,1.27
16143,United Kingdom,2009-12-10,4,12,4555.08,379.59,0,1866.0,107,12,2009-12-10,2011-12-06,726,Europe,155.5,2.44
16144,United Kingdom,2011-04-07,247,1,175.2,175.2,1,16.0,1,1,2011-04-07,2011-04-07,0,Europe,16.0,10.95
16145,United Kingdom,2010-05-04,9,19,6805.44,358.18,0,5270.0,217,19,2010-05-04,2011-12-01,576,Europe,277.37,1.29
16146,United Kingdom,2010-09-17,158,4,946.38,236.6,0,544.0,34,4,2010-09-17,2011-07-05,291,Europe,136.0,1.74
16147,United Kingdom,2010-02-05,134,5,2398.91,479.78,0,1395.0,113,5,2010-02-05,2011-07-29,539,Europe,279.0,1.72
16148,United Kingdom,2010-09-29,297,2,386.62,193.31,1,250.0,9,2,2010-09-29,2011-02-16,140,Europe,125.0,1.55
16149,United Kingdom,2010-10-06,5,3,422.22,140.74,0,598.0,30,3,2010-10-06,2011-12-05,425,Europe,199.33,0.71
16150,United Kingdom,2009-12-17,43,10,4002.17,400.22,0,1990.0,143,10,2009-12-17,2011-10-28,680,Europe,199.0,2.01
16152,United Kingdom,2011-03-16,269,1,1829.04,1829.04,1,642.0,29,1,2011-03-16,2011-03-16,0,Europe,642.0,2.85
16153,United Kingdom,2010-05-26,50,11,5133.49,466.68,0,3693.0,161,11,2010-05-26,2011-10-21,513,Europe,335.73,1.39
16155,United Kingdom,2010-06-18,382,5,796.9,159.38,1,495.0,45,5,2010-06-18,2010-11-23,158,Europe,99.0,1.61
16156,United Kingdom,2009-12-02,9,20,6188.18,309.41,0,3205.0,199,20,2009-12-02,2011-12-01,729,Europe,160.25,1.93
16157,United Kingdom,2011-09-28,16,3,656.69,218.9,0,347.0,12,3,2011-09-28,2011-11-24,57,Europe,115.67,1.89
16158,United Kingdom,2009-12-05,523,9,628.32,69.81,1,182.0,29,9,2009-12-05,2010-07-05,212,Europe,20.22,3.45
16159,United Kingdom,2009-12-03,282,4,1232.79,308.2,1,635.0,31,4,2009-12-03,2011-03-03,455,Europe,158.75,1.94
16160,United Kingdom,2011-09-15,66,2,1025.44,512.72,0,1162.0,20,2,2011-09-15,2011-10-05,20,Europe,581.0,0.88
16161,United Kingdom,2010-02-08,2,43,12580.06,292.56,0,6255.0,458,43,2010-02-08,2011-12-08,668,Europe,145.47,2.01
16162,United Kingdom,2011-04-01,253,1,37.4,37.4,1,4.0,2,1,2011-04-01,2011-04-01,0,Europe,4.0,9.35
16163,United Kingdom,2009-12-02,233,6,2407.98,401.33,1,676.0,59,6,2009-12-02,2011-04-21,505,Europe,112.67,3.56
16164,United Kingdom,2011-10-28,18,3,822.48,274.16,0,433.0,27,3,2011-10-28,2011-11-22,25,Europe,144.33,1.9
16165,United Kingdom,2010-07-22,506,1,79.9,79.9,1,2.0,1,1,2010-07-22,2010-07-22,0,Europe,2.0,39.95
16166,United Kingdom,2010-01-17,429,2,435.83,217.92,1,173.0,18,2,2010-01-17,2010-10-07,263,Europe,86.5,2.52
16167,United Kingdom,2009-12-01,415,5,1386.12,277.22,1,1494.0,51,5,2009-12-01,2010-10-21,324,Europe,298.8,0.93
16168,United Kingdom,2009-12-03,11,66,10360.67,156.98,0,4975.0,131,66,2009-12-03,2011-11-29,726,Europe,75.38,2.08
16169,United Kingdom,2011-09-25,9,4,1822.97,455.74,0,1325.0,71,4,2011-09-25,2011-12-01,67,Europe,331.25,1.38
16170,United Kingdom,2010-02-18,51,20,6869.0,343.45,0,6056.0,254,20,2010-02-18,2011-10-20,609,Europe,302.8,1.13
16171,United Kingdom,2011-10-11,60,1,73.2,73.2,0,24.0,3,1,2011-10-11,2011-10-11,0,Europe,24.0,3.05
16172,United Kingdom,2010-07-14,96,8,1884.55,235.57,0,1419.0,81,8,2010-07-14,2011-09-05,418,Europe,177.38,1.33
16173,United Kingdom,2011-09-02,16,6,1418.32,236.39,0,575.0,70,6,2011-09-02,2011-11-24,83,Europe,95.83,2.47
16174,United Kingdom,2010-04-15,127,7,2246.75,320.96,0,1431.0,28,7,2010-04-15,2011-08-05,477,Europe,204.43,1.57
16175,United Kingdom,2010-05-25,95,7,1836.44,262.35,0,932.0,59,7,2010-05-25,2011-09-06,469,Europe,133.14,1.97
16176,United Kingdom,2010-03-29,422,4,2052.69,513.17,1,952.0,53,4,2010-03-29,2010-10-14,199,Europe,238.0,2.16
16177,United Kingdom,2010-03-02,51,8,2247.31,280.91,0,1021.0,79,8,2010-03-02,2011-10-20,597,Europe,127.63,2.2
16178,United Kingdom,2010-11-03,139,2,612.6,306.3,1,304.0,24,2,2010-11-03,2011-07-24,263,Europe,152.0,2.02
16179,United Kingdom,2011-10-10,61,1,215.83,215.83,0,99.0,11,1,2011-10-10,2011-10-10,0,Europe,99.0,2.18
16180,United Kingdom,2010-06-23,101,13,16249.87,1249.99,0,9813.0,171,13,2010-06-23,2011-08-31,434,Europe,754.85,1.66
16181,United Kingdom,2011-09-27,74,1,305.54,305.54,0,152.0,11,1,2011-09-27,2011-09-27,0,Europe,152.0,2.01
16182,United Kingdom,2010-03-09,73,9,9971.65,1107.96,0,5887.0,20,9,2010-03-09,2011-09-28,568,Europe,654.11,1.69
16183,United Kingdom,2010-10-28,68,4,1077.81,269.45,0,351.0,32,4,2010-10-28,2011-10-03,340,Europe,87.75,3.07
16184,United Kingdom,2011-05-12,65,6,1158.79,193.13,0,561.0,26,6,2011-05-12,2011-10-06,147,Europe,93.5,2.07
16185,United Kingdom,2010-05-24,17,3,644.72,214.91,0,321.0,39,3,2010-05-24,2011-11-23,548,Europe,107.0,2.01
16186,United Kingdom,2009-12-09,23,26,8718.43,335.32,0,6594.0,172,26,2009-12-09,2011-11-17,708,Europe,253.62,1.32
16187,United Kingdom,2011-02-28,32,15,6911.44,460.76,0,5048.0,160,15,2011-02-28,2011-11-08,253,Europe,336.53,1.37
16188,United Kingdom,2010-10-27,45,5,1087.66,217.53,0,838.0,72,5,2010-10-27,2011-10-26,364,Europe,167.6,1.3
16189,United Kingdom,2011-09-15,16,2,215.48,107.74,0,134.0,9,2,2011-09-15,2011-11-24,70,Europe,67.0,1.61
16190,United Kingdom,2009-12-14,41,8,2723.55,340.44,0,1231.0,89,8,2009-12-14,2011-10-30,685,Europe,153.88,2.21
16191,United Kingdom,2009-12-11,3,24,15677.82,653.24,0,9348.0,113,24,2009-12-11,2011-12-07,726,Europe,389.5,1.68
16192,United Kingdom,2009-12-04,736,1,351.3,351.3,1,208.0,11,1,2009-12-04,2009-12-04,0,Europe,208.0,1.69
16193,United Kingdom,2010-10-25,237,2,630.43,315.22,1,379.0,38,2,2010-10-25,2011-04-17,174,Europe,189.5,1.66
16194,United Kingdom,2010-11-29,376,1,308.6,308.6,1,140.0,8,1,2010-11-29,2010-11-29,0,Europe,140.0,2.2
16195,United Kingdom,2009-12-16,724,1,323.25,323.25,1,123.0,16,1,2009-12-16,2009-12-16,0,Europe,123.0,2.63
16196,United Kingdom,2010-08-08,489,1,93.3,93.3,1,26.0,4,1,2010-08-08,2010-08-08,0,Europe,26.0,3.59
16197,United Kingdom,2009-12-16,470,9,2016.71,224.08,1,1420.0,52,9,2009-12-16,2010-08-27,254,Europe,157.78,1.42
16198,United Kingdom,2010-09-28,76,2,1030.04,515.02,0,383.0,30,2,2010-09-28,2011-09-25,362,Europe,191.5,2.69
16199,United Kingdom,2010-03-18,393,7,942.75,134.68,1,321.0,2,7,2010-03-18,2010-11-12,239,Europe,45.86,2.94
16200,United Kingdom,2009-12-02,5,12,5608.1,467.34,0,3068.0,361,12,2009-12-02,2011-12-05,733,Europe,255.67,1.83
16201,United Kingdom,2010-10-20,4,5,2112.12,422.42,0,1421.0,86,5,2010-10-20,2011-12-06,412,Europe,284.2,1.49
16202,United Kingdom,2009-12-02,361,9,2501.99,278.0,1,1307.0,105,9,2009-12-02,2010-12-14,377,Europe,145.22,1.91
16203,United Kingdom,2010-07-23,59,6,943.84,157.31,0,537.0,56,6,2010-07-23,2011-10-12,446,Europe,89.5,1.76
16204,United Kingdom,2009-12-08,24,3,918.71,306.24,0,671.0,86,3,2009-12-08,2011-11-16,708,Europe,223.67,1.37
16205,United Kingdom,2010-06-15,31,7,1820.11,260.02,0,1452.0,147,7,2010-06-15,2011-11-09,512,Europe,207.43,1.25
16206,United Kingdom,2010-01-24,55,13,2589.87,199.22,0,1379.0,187,13,2010-01-24,2011-10-16,630,Europe,106.08,1.88
16207,United Kingdom,2011-11-14,26,1,394.38,394.38,0,140.0,19,1,2011-11-14,2011-11-14,0,Europe,140.0,2.82
16208,United Kingdom,2010-02-24,45,10,3440.45,344.05,0,1541.0,180,10,2010-02-24,2011-10-26,609,Europe,154.1,2.23
16209,United Kingdom,2010-06-11,89,9,4146.78,460.75,0,1895.0,51,9,2010-06-11,2011-09-12,458,Europe,210.56,2.19
16210,United Kingdom,2009-12-02,2,35,33750.97,964.31,0,12397.0,145,35,2009-12-02,2011-12-08,736,Europe,354.2,2.72
16211,United Kingdom,2010-09-27,89,3,1090.59,363.53,0,519.0,35,3,2010-09-27,2011-09-12,350,Europe,173.0,2.1
16212,United Kingdom,2010-02-07,20,4,1293.71,323.43,0,571.0,71,4,2010-02-07,2011-11-20,651,Europe,142.75,2.27
16213,United Kingdom,2011-09-22,79,1,159.0,159.0,0,48.0,6,1,2011-09-22,2011-09-22,0,Europe,48.0,3.31
16214,United Kingdom,2010-09-30,171,4,2038.25,509.56,0,1308.0,84,4,2010-09-30,2011-06-22,265,Europe,327.0,1.56
16215,United Kingdom,2011-09-20,81,1,242.35,242.35,0,104.0,14,1,2011-09-20,2011-09-20,0,Europe,104.0,2.33
16216,United Kingdom,2011-03-17,268,1,914.93,914.93,1,254.0,37,1,2011-03-17,2011-03-17,0,Europe,254.0,3.6
16217,United Kingdom,2011-03-02,236,2,304.25,152.13,1,91.0,13,2,2011-03-02,2011-04-18,47,Europe,45.5,3.34
16218,United Kingdom,2010-05-27,30,13,3968.67,305.28,0,2799.0,82,13,2010-05-27,2011-11-10,532,Europe,215.31,1.42
16219,United Kingdom,2010-07-27,501,1,40.8,40.8,1,48.0,1,1,2010-07-27,2010-07-27,0,Europe,48.0,0.85
16221,United Kingdom,2010-08-10,37,9,2019.92,224.44,0,1449.0,177,9,2010-08-10,2011-11-03,450,Europe,161.0,1.39
16222,United Kingdom,2009-12-18,319,2,1272.05,636.03,1,463.0,133,2,2009-12-18,2011-01-25,403,Europe,231.5,2.75
16223,United Kingdom,2010-11-09,375,2,1087.05,543.53,1,643.0,101,2,2010-11-09,2010-11-30,21,Europe,321.5,1.69
16224,United Kingdom,2010-11-17,58,5,1616.54,323.31,0,1555.0,107,5,2010-11-17,2011-10-13,330,Europe,311.0,1.04
16225,United Kingdom,2010-02-07,45,15,2859.31,190.62,0,1281.0,189,15,2010-02-07,2011-10-26,626,Europe,85.4,2.23
16226,United Kingdom,2010-10-22,204,5,672.17,134.43,1,521.0,23,5,2010-10-22,2011-05-20,210,Europe,104.2,1.29
16227,United Kingdom,2010-06-22,226,3,1027.22,342.41,1,436.0,28,3,2010-06-22,2011-04-28,310,Europe,145.33,2.36
16228,United Kingdom,2010-11-04,386,3,885.71,295.24,1,555.0,45,3,2010-11-04,2010-11-19,15,Europe,185.0,1.6
16229,United Kingdom,2010-05-24,88,6,2867.86,477.98,0,1292.0,144,6,2010-05-24,2011-09-13,477,Europe,215.33,2.22
16230,United Kingdom,2011-05-03,190,2,542.03,271.02,1,365.0,32,2,2011-05-03,2011-06-03,31,Europe,182.5,1.49
16231,United Kingdom,2010-04-21,380,4,1074.47,268.62,1,563.0,69,4,2010-04-21,2010-11-25,218,Europe,140.75,1.91
16232,United Kingdom,2010-06-07,44,7,2712.97,387.57,0,1849.0,60,7,2010-06-07,2011-10-27,507,Europe,264.14,1.47
16233,United Kingdom,2009-12-02,72,9,1818.31,202.03,0,677.0,49,9,2009-12-02,2011-09-29,666,Europe,75.22,2.69
16234,United Kingdom,2010-05-27,477,3,333.18,111.06,1,170.0,13,3,2010-05-27,2010-08-20,85,Europe,56.67,1.96
16235,United Kingdom,2010-08-26,41,9,2053.71,228.19,0,788.0,80,9,2010-08-26,2011-10-30,430,Europe,87.56,2.61
16236,United Kingdom,2011-09-22,79,1,432.2,432.2,0,184.0,20,1,2011-09-22,2011-09-22,0,Europe,184.0,2.35
16237,United Kingdom,2010-09-28,438,1,136.65,136.65,1,57.0,7,1,2010-09-28,2010-09-28,0,Europe,57.0,2.4
16238,United Kingdom,2010-10-13,423,1,63.66,63.66,1,85.0,6,1,2010-10-13,2010-10-13,0,Europe,85.0,0.75
16239,United Kingdom,2010-09-02,57,6,1492.2,248.7,0,692.0,24,6,2010-09-02,2011-10-14,407,Europe,115.33,2.16
16240,United Kingdom,2011-09-23,25,2,3718.8,1859.4,0,1641.0,126,2,2011-09-23,2011-11-15,53,Europe,820.5,2.27
16241,United Kingdom,2010-10-25,10,16,3992.86,249.55,0,2258.0,500,16,2010-10-25,2011-11-30,401,Europe,141.13,1.77
16242,United Kingdom,2010-03-15,9,14,7404.65,528.9,0,3921.0,348,14,2010-03-15,2011-12-01,626,Europe,280.07,1.89
16243,United Kingdom,2011-10-16,34,2,409.1,204.55,0,110.0,49,2,2011-10-16,2011-11-06,21,Europe,55.0,3.72
16244,United Kingdom,2010-12-02,212,2,1522.75,761.38,1,855.0,88,2,2010-12-02,2011-05-12,161,Europe,427.5,1.78
16245,United Kingdom,2011-03-28,24,3,1413.66,471.22,0,1014.0,80,3,2011-03-28,2011-11-16,233,Europe,338.0,1.39
16246,United Kingdom,2010-02-08,460,2,821.35,410.68,1,336.0,79,2,2010-02-08,2010-09-06,210,Europe,168.0,2.44
16247,United Kingdom,2011-06-22,171,1,114.56,114.56,1,182.0,16,1,2011-06-22,2011-06-22,0,Europe,182.0,0.63
16248,United Kingdom,2011-10-09,62,1,152.94,152.94,0,78.0,7,1,2011-10-09,2011-10-09,0,Europe,78.0,1.96
16249,United Kingdom,2011-04-14,53,5,1800.07,360.01,0,950.0,67,5,2011-04-14,2011-10-18,187,Europe,190.0,1.89
16250,United Kingdom,2010-11-18,262,3,565.24,188.41,1,268.0,29,3,2010-11-18,2011-03-23,125,Europe,89.33,2.11
16251,United Kingdom,2010-07-15,513,1,128.31,128.31,1,44.0,20,1,2010-07-15,2010-07-15,0,Europe,44.0,2.92
16252,United Kingdom,2010-11-22,383,1,295.09,295.09,1,158.0,21,1,2010-11-22,2010-11-22,0,Europe,158.0,1.87
16253,United Kingdom,2009-12-08,67,7,7272.2,1038.89,0,6030.0,218,7,2009-12-08,2011-10-04,665,Europe,861.43,1.21
16254,United Kingdom,2010-03-17,379,3,967.44,322.48,1,543.0,65,3,2010-03-17,2010-11-26,254,Europe,181.0,1.78
16255,United Kingdom,2010-01-24,17,15,4530.0,302.0,0,2876.0,231,15,2010-01-24,2011-11-23,668,Europe,191.73,1.58
16256,United Kingdom,2010-04-21,267,3,1629.37,543.12,1,1590.0,27,3,2010-04-21,2011-03-18,331,Europe,530.0,1.02
16257,United Kingdom,2011-06-16,177,1,46.95,46.95,1,2.0,2,1,2011-06-16,2011-06-16,0,Europe,2.0,23.48
16258,United Kingdom,2010-03-10,46,15,11942.52,796.17,0,7200.0,253,15,2010-03-10,2011-10-25,594,Europe,480.0,1.66
16259,United Kingdom,2010-04-13,411,3,340.94,113.65,1,143.0,75,3,2010-04-13,2010-10-25,195,Europe,47.67,2.38
16260,United Kingdom,2011-10-20,51,1,1035.45,1035.45,0,311.0,18,1,2011-10-20,2011-10-20,0,Europe,311.0,3.33
16261,United Kingdom,2010-09-23,18,6,1041.16,173.53,0,454.0,118,6,2010-09-23,2011-11-22,425,Europe,75.67,2.29
16262,United Kingdom,2010-11-26,379,1,755.15,755.15,1,446.0,46,1,2010-11-26,2010-11-26,0,Europe,446.0,1.69
16263,United Kingdom,2010-10-12,424,1,348.16,348.16,1,197.0,19,1,2010-10-12,2010-10-12,0,Europe,197.0,1.77
16264,United Kingdom,2010-09-19,439,2,823.53,411.77,1,616.0,62,2,2010-09-19,2010-09-27,8,Europe,308.0,1.34
16265,United Kingdom,2010-10-28,10,12,6935.17,577.93,0,3214.0,192,12,2010-10-28,2011-11-30,398,Europe,267.83,2.16
16266,United Kingdom,2010-02-04,74,14,1757.95,125.57,0,791.0,73,14,2010-02-04,2011-09-27,600,Europe,56.5,2.22
16267,United Kingdom,2010-04-27,592,1,186.66,186.66,1,198.0,7,1,2010-04-27,2010-04-27,0,Europe,198.0,0.94
16268,United Kingdom,2011-09-29,72,2,667.65,333.83,0,533.0,45,2,2011-09-29,2011-09-29,0,Europe,266.5,1.25
16269,United Kingdom,2010-09-28,438,1,717.57,717.57,1,579.0,53,1,2010-09-28,2010-09-28,0,Europe,579.0,1.24
16270,United Kingdom,2010-12-21,354,1,1141.24,1141.24,1,688.0,54,1,2010-12-21,2010-12-21,0,Europe,688.0,1.66
16271,United Kingdom,2010-03-07,3,10,3397.82,339.78,0,2359.0,176,10,2010-03-07,2011-12-07,640,Europe,235.9,1.44
16272,United Kingdom,2011-08-15,117,1,411.7,411.7,1,224.0,25,1,2011-08-15,2011-08-15,0,Europe,224.0,1.84
16273,United Kingdom,2010-02-21,649,2,318.34,159.17,1,40.0,15,2,2010-02-21,2010-03-01,8,Europe,20.0,7.96
16274,United Kingdom,2010-12-01,374,1,351.75,351.75,1,153.0,64,1,2010-12-01,2010-12-01,0,Europe,153.0,2.3
16275,United Kingdom,2010-03-08,197,3,2151.11,717.04,1,1268.0,105,3,2010-03-08,2011-05-27,445,Europe,422.67,1.7
16276,United Kingdom,2010-04-11,177,3,2629.39,876.46,0,1467.0,20,3,2010-04-11,2011-06-16,431,Europe,489.0,1.79
16277,United Kingdom,2009-12-06,734,1,188.69,188.69,1,33.0,23,1,2009-12-06,2009-12-06,0,Europe,33.0,5.72
16278,United Kingdom,2010-07-28,101,3,1117.84,372.61,0,342.0,50,3,2010-07-28,2011-08-31,399,Europe,114.0,3.27
16279,United Kingdom,2010-04-22,22,9,5698.28,633.14,0,3683.0,243,9,2010-04-22,2011-11-18,575,Europe,409.22,1.55
16280,United Kingdom,2009-12-14,726,1,238.05,238.05,1,101.0,16,1,2009-12-14,2009-12-14,0,Europe,101.0,2.36
16281,United Kingdom,2010-01-26,73,3,3424.02,1141.34,0,1570.0,27,3,2010-01-26,2011-09-28,610,Europe,523.33,2.18
16282,United Kingdom,2009-12-21,340,3,1307.58,435.86,1,790.0,31,3,2009-12-21,2011-01-04,379,Europe,263.33,1.66
16283,United Kingdom,2010-02-28,6,8,4350.32,543.79,0,2867.0,385,8,2010-02-28,2011-12-04,644,Europe,358.38,1.52
16284,United Kingdom,2010-11-11,32,3,1018.48,339.49,0,674.0,108,3,2010-11-11,2011-11-08,362,Europe,224.67,1.51
16285,United Kingdom,2010-03-03,647,1,176.9,176.9,1,60.0,31,1,2010-03-03,2010-03-03,0,Europe,60.0,2.95
16286,United Kingdom,2010-03-26,478,2,328.95,164.48,1,101.0,17,2,2010-03-26,2010-08-19,146,Europe,50.5,3.26
16287,United Kingdom,2010-01-19,170,5,1006.98,201.4,0,1426.0,18,5,2010-01-19,2011-06-23,520,Europe,285.2,0.71
16288,United Kingdom,2010-08-26,471,1,129.85,129.85,1,19.0,7,1,2010-08-26,2010-08-26,0,Europe,19.0,6.83
16289,United Kingdom,2010-09-03,463,1,136.31,136.31,1,97.0,21,1,2010-09-03,2010-09-03,0,Europe,97.0,1.41
16290,United Kingdom,2010-05-23,465,4,1957.7,489.43,1,957.0,85,4,2010-05-23,2010-09-01,101,Europe,239.25,2.05
16291,Portugal,2010-01-26,683,1,117.72,117.72,1,1.0,1,1,2010-01-26,2010-01-26,0,Europe,1.0,117.72
16292,United Kingdom,2010-04-14,122,5,1253.76,250.75,0,688.0,51,5,2010-04-14,2011-08-10,483,Europe,137.6,1.82
16293,United Kingdom,2009-12-11,22,15,4279.2,285.28,0,1833.0,168,15,2009-12-11,2011-11-18,707,Europe,122.2,2.33
16294,United Kingdom,2010-08-20,477,1,126.05,126.05,1,54.0,8,1,2010-08-20,2010-08-20,0,Europe,54.0,2.33
16295,United Kingdom,2011-10-06,10,4,1328.55,332.14,0,841.0,70,4,2011-10-06,2011-11-30,55,Europe,210.25,1.58
16296,United Kingdom,2009-12-18,627,4,1313.67,328.42,1,645.0,56,4,2009-12-18,2010-03-23,95,Europe,161.25,2.04
16297,United Kingdom,2011-03-16,269,1,301.9,301.9,1,206.0,20,1,2011-03-16,2011-03-16,0,Europe,206.0,1.47
16298,United Kingdom,2010-09-23,23,7,1085.7,155.1,0,308.0,32,7,2010-09-23,2011-11-17,420,Europe,44.0,3.53
16299,United Kingdom,2010-08-19,478,1,193.65,193.65,1,107.0,12,1,2010-08-19,2010-08-19,0,Europe,107.0,1.81
16300,United Kingdom,2010-02-02,431,3,1367.32,455.77,1,643.0,190,3,2010-02-02,2010-10-05,245,Europe,214.33,2.13
16301,United Kingdom,2009-12-03,737,1,107.33,107.33,1,41.0,6,1,2009-12-03,2009-12-03,0,Europe,41.0,2.62
16302,United Kingdom,2011-08-05,127,1,233.22,233.22,1,158.0,11,1,2011-08-05,2011-08-05,0,Europe,158.0,1.48
16303,United Kingdom,2010-03-18,26,7,7928.27,1132.61,0,3859.0,156,7,2010-03-18,2011-11-14,606,Europe,551.29,2.05
16304,United Kingdom,2010-01-14,695,1,381.66,381.66,1,228.0,25,1,2010-01-14,2010-01-14,0,Europe,228.0,1.67
16305,United Kingdom,2011-07-24,139,1,361.22,361.22,1,256.0,22,1,2011-07-24,2011-07-24,0,Europe,256.0,1.41
16306,United Kingdom,2010-10-01,214,7,1124.72,160.67,1,712.0,55,7,2010-10-01,2011-05-10,221,Europe,101.71,1.58
16307,United Kingdom,2010-05-11,430,3,1194.92,398.31,1,1123.0,69,3,2010-05-11,2010-10-06,148,Europe,374.33,1.06
16308,United Kingdom,2009-12-15,38,7,5120.0,731.43,0,16000.0,1,7,2009-12-15,2011-11-02,687,Europe,2285.71,0.32
16309,United Kingdom,2011-04-13,107,2,706.57,353.29,1,467.0,39,2,2011-04-13,2011-08-25,134,Europe,233.5,1.51
16310,United Kingdom,2010-03-07,415,2,460.08,230.04,1,270.0,26,2,2010-03-07,2010-10-21,228,Europe,135.0,1.7
16311,United Kingdom,2011-10-21,18,2,616.26,308.13,0,394.0,35,2,2011-10-21,2011-11-22,32,Europe,197.0,1.56
16312,United Kingdom,2010-10-03,433,1,171.15,171.15,1,53.0,10,1,2010-10-03,2010-10-03,0,Europe,53.0,3.23
16313,United Kingdom,2011-10-21,4,2,274.15,137.08,0,165.0,16,2,2011-10-21,2011-12-06,46,Europe,82.5,1.66
16314,United Kingdom,2010-08-24,390,3,1491.4,497.13,1,636.0,58,3,2010-08-24,2010-11-15,83,Europe,212.0,2.34
16315,United Kingdom,2010-06-21,331,2,402.71,201.36,1,143.0,21,2,2010-06-21,2011-01-13,206,Europe,71.5,2.82
16316,United Kingdom,2010-08-03,65,13,5744.91,441.92,0,3057.0,193,13,2010-08-03,2011-10-06,429,Europe,235.15,1.88
16317,United Kingdom,2010-05-04,120,5,2192.51,438.5,0,1236.0,103,5,2010-05-04,2011-08-12,465,Europe,247.2,1.77
16318,United Kingdom,2011-11-04,36,1,328.15,328.15,0,199.0,19,1,2011-11-04,2011-11-04,0,Europe,199.0,1.65
16319,United Kingdom,2011-05-06,218,1,404.4,404.4,1,72.0,3,1,2011-05-06,2011-05-06,0,Europe,72.0,5.62
16320,Unspecified,2010-01-27,173,6,5628.99,938.17,0,3319.0,193,6,2010-01-27,2011-06-20,509,Other,553.17,1.7
16321,Australia,2009-12-01,73,7,604.55,86.36,0,259.0,15,7,2009-12-01,2011-09-28,666,Oceania,37.0,2.33
16322,United Kingdom,2011-11-03,2,2,326.75,163.38,0,231.0,28,2,2011-11-03,2011-12-08,35,Europe,115.5,1.41
16323,United Kingdom,2010-05-11,197,2,353.66,176.83,1,146.0,4,2,2010-05-11,2011-05-27,381,Europe,73.0,2.42
16324,United Kingdom,2011-06-15,129,3,408.59,136.2,0,270.0,100,3,2011-06-15,2011-08-03,49,Europe,90.0,1.51
16325,United Kingdom,2009-12-04,47,12,3597.5,299.79,0,2464.0,104,12,2009-12-04,2011-10-24,689,Europe,205.33,1.46
16326,United Kingdom,2010-01-28,6,24,4721.25,196.72,0,1083.0,243,24,2010-01-28,2011-12-04,675,Europe,45.13,4.36
16327,United Kingdom,2009-12-14,15,16,10159.64,634.98,0,8124.0,289,16,2009-12-14,2011-11-25,711,Europe,507.75,1.25
16328,United Kingdom,2010-05-25,564,1,310.83,310.83,1,141.0,16,1,2010-05-25,2010-05-25,0,Europe,141.0,2.2
16329,United Kingdom,2009-12-01,428,4,1664.92,416.23,1,797.0,83,4,2009-12-01,2010-10-08,311,Europe,199.25,2.09
16330,United Kingdom,2010-02-15,18,7,625.38,89.34,0,326.0,105,7,2010-02-15,2011-11-22,645,Europe,46.57,1.92
16331,United Kingdom,2010-03-07,433,6,2037.7,339.62,1,756.0,33,6,2010-03-07,2010-10-03,210,Europe,126.0,2.7
16332,United Kingdom,2010-04-29,29,11,2000.01,181.82,0,1128.0,158,11,2010-04-29,2011-11-11,561,Europe,102.55,1.77
16333,United Kingdom,2011-02-03,8,22,26626.8,1210.31,0,32184.0,9,22,2011-02-03,2011-12-02,302,Europe,1462.91,0.83
16334,United Kingdom,2010-08-04,493,1,263.73,263.73,1,206.0,54,1,2010-08-04,2010-08-04,0,Europe,206.0,1.28
16335,United Kingdom,2009-12-04,552,7,2753.52,393.36,1,1004.0,193,7,2009-12-04,2010-06-06,184,Europe,143.43,2.74
16336,United Kingdom,2010-03-18,421,4,3517.69,879.42,1,1473.0,64,4,2010-03-18,2010-10-15,211,Europe,368.25,2.39
16337,United Kingdom,2011-11-03,37,1,151.05,151.05,0,87.0,10,1,2011-11-03,2011-11-03,0,Europe,87.0,1.74
16338,United Kingdom,2011-07-05,158,1,214.8,214.8,1,94.0,11,1,2011-07-05,2011-07-05,0,Europe,94.0,2.29
16339,United Kingdom,2011-02-28,285,1,94.05,94.05,1,21.0,17,1,2011-02-28,2011-02-28,0,Europe,21.0,4.48
16340,United Kingdom,2010-06-06,108,3,1496.24,498.75,0,1319.0,277,3,2010-06-06,2011-08-24,444,Europe,439.67,1.13
16341,United Kingdom,2010-04-09,25,7,3850.79,550.11,0,3022.0,103,7,2010-04-09,2011-11-15,585,Europe,431.71,1.27
16342,United Kingdom,2011-06-13,76,4,322.41,80.6,0,157.0,10,4,2011-06-13,2011-09-25,104,Europe,39.25,2.05
16343,United Kingdom,2010-10-28,17,3,614.12,204.71,0,345.0,54,3,2010-10-28,2011-11-23,391,Europe,115.0,1.78
16344,United Kingdom,2010-02-09,159,4,842.42,210.61,0,706.0,43,4,2010-02-09,2011-07-04,510,Europe,176.5,1.19
16345,United Kingdom,2010-08-13,45,2,1178.79,589.4,0,611.0,95,2,2010-08-13,2011-10-26,439,Europe,305.5,1.93
16346,United Kingdom,2010-11-19,386,1,224.51,224.51,1,289.0,15,1,2010-11-19,2010-11-19,0,Europe,289.0,0.78
16347,United Kingdom,2010-03-12,12,11,3442.96,313.0,0,1715.0,209,11,2010-03-12,2011-11-28,626,Europe,155.91,2.01
16348,United Kingdom,2010-10-05,33,8,1744.42,218.05,0,1164.0,180,8,2010-10-05,2011-11-07,398,Europe,145.5,1.5
16349,United Kingdom,2011-02-22,291,1,53.5,53.5,1,9.0,9,1,2011-02-22,2011-02-22,0,Europe,9.0,5.94
16350,United Kingdom,2010-10-07,22,9,2253.89,250.43,0,1077.0,72,9,2010-10-07,2011-11-18,407,Europe,119.67,2.09
16351,United Kingdom,2009-12-04,333,13,3330.03,256.16,1,2165.0,124,13,2009-12-04,2011-01-11,403,Europe,166.54,1.54
16352,United Kingdom,2011-11-02,18,2,494.44,247.22,0,300.0,28,2,2011-11-02,2011-11-22,20,Europe,150.0,1.65
16353,United Kingdom,2009-12-07,4,38,9795.46,257.78,0,3483.0,76,38,2009-12-07,2011-12-06,729,Europe,91.66,2.81
16354,United Kingdom,2010-04-27,64,5,1119.46,223.89,0,592.0,116,5,2010-04-27,2011-10-07,528,Europe,118.4,1.89
16355,United Kingdom,2010-11-29,376,1,416.35,416.35,1,179.0,47,1,2010-11-29,2010-11-29,0,Europe,179.0,2.33
16356,United Kingdom,2010-06-06,198,6,415.87,69.31,1,190.0,27,6,2010-06-06,2011-05-26,354,Europe,31.67,2.19
16357,United Kingdom,2010-11-23,34,4,868.37,217.09,0,389.0,43,4,2010-11-23,2011-11-06,348,Europe,97.25,2.23
16358,United Kingdom,2010-11-10,2,5,2919.65,583.93,0,2065.0,118,5,2010-11-10,2011-12-08,393,Europe,413.0,1.41
16359,United Kingdom,2010-02-16,8,16,2697.75,168.61,0,1764.0,78,16,2010-02-16,2011-12-02,654,Europe,110.25,1.53
16360,United Kingdom,2011-09-12,5,6,3450.41,575.07,0,2110.0,365,6,2011-09-12,2011-12-05,84,Europe,351.67,1.64
16361,United Kingdom,2011-09-29,10,4,891.21,222.8,0,418.0,87,4,2011-09-29,2011-11-30,62,Europe,104.5,2.13
16362,United Kingdom,2010-09-28,33,6,922.16,153.69,0,467.0,67,6,2010-09-28,2011-11-07,405,Europe,77.83,1.97
16363,United Kingdom,2011-10-17,54,1,109.36,109.36,0,52.0,5,1,2011-10-17,2011-10-17,0,Europe,52.0,2.1
16364,United Kingdom,2011-07-25,12,2,705.79,352.9,0,279.0,48,2,2011-07-25,2011-11-28,126,Europe,139.5,2.53
16365,United Kingdom,2009-12-11,18,15,3167.34,211.16,0,1034.0,97,15,2009-12-11,2011-11-22,711,Europe,68.93,3.06
16366,United Kingdom,2009-12-16,19,4,1548.13,387.03,0,882.0,74,4,2009-12-16,2011-11-21,705,Europe,220.5,1.76
16367,United Kingdom,2010-11-21,38,3,1350.48,450.16,0,1103.0,196,3,2010-11-21,2011-11-02,346,Europe,367.67,1.22
16368,United Kingdom,2010-09-30,3,3,621.44,207.15,0,307.0,74,3,2010-09-30,2011-12-07,433,Europe,102.33,2.02
16369,United Kingdom,2010-04-07,19,7,2656.56,379.51,0,1589.0,115,7,2010-04-07,2011-11-21,593,Europe,227.0,1.67
16370,United Kingdom,2011-04-28,83,4,1301.91,325.48,0,640.0,143,4,2011-04-28,2011-09-18,143,Europe,160.0,2.03
16371,United Kingdom,2010-09-17,449,1,157.2,157.2,1,108.0,11,1,2010-09-17,2010-09-17,0,Europe,108.0,1.46
16372,United Kingdom,2010-04-11,34,5,1290.31,258.06,0,722.0,271,5,2010-04-11,2011-11-06,574,Europe,144.4,1.79
16373,United Kingdom,2010-10-24,383,2,309.49,154.75,1,119.0,25,2,2010-10-24,2010-11-22,29,Europe,59.5,2.6
16374,United Kingdom,2010-04-30,67,5,1723.4,344.68,0,771.0,276,5,2010-04-30,2011-10-04,522,Europe,154.2,2.24
16375,United Kingdom,2010-08-26,471,2,104.0,52.0,1,74.0,11,2,2010-08-26,2010-08-26,0,Europe,37.0,1.41
16376,United Kingdom,2011-11-22,9,2,974.96,487.48,0,691.0,104,2,2011-11-22,2011-12-01,9,Europe,345.5,1.41
16377,United Kingdom,2010-04-01,268,2,1308.48,654.24,1,2928.0,6,2,2010-04-01,2011-03-17,350,Europe,1464.0,0.45
16378,United Kingdom,2011-02-02,248,3,362.95,120.98,1,267.0,22,3,2011-02-02,2011-04-06,63,Europe,89.0,1.36
16379,United Kingdom,2011-09-22,5,4,2157.4,539.35,0,1410.0,87,4,2011-09-22,2011-12-05,74,Europe,352.5,1.53
16380,United Kingdom,2011-10-09,62,1,1743.15,1743.15,0,1428.0,28,1,2011-10-09,2011-10-09,0,Europe,1428.0,1.22
16381,United Kingdom,2010-10-17,396,2,247.85,123.93,1,108.0,60,2,2010-10-17,2010-11-09,23,Europe,54.0,2.29
16382,United Kingdom,2010-06-07,409,2,353.1,176.55,1,167.0,42,2,2010-06-07,2010-10-27,142,Europe,83.5,2.11
16383,United Kingdom,2010-02-04,75,7,2896.69,413.81,0,1596.0,239,7,2010-02-04,2011-09-26,599,Europe,228.0,1.81
16384,United Kingdom,2010-04-28,90,4,1358.95,339.74,0,861.0,80,4,2010-04-28,2011-09-11,501,Europe,215.25,1.58
16385,United Kingdom,2010-03-18,61,5,881.35,176.27,0,476.0,94,5,2010-03-18,2011-10-10,571,Europe,95.2,1.85
16386,United Kingdom,2010-11-17,29,3,1068.16,356.05,0,700.0,127,3,2010-11-17,2011-11-11,359,Europe,233.33,1.53
16387,United Kingdom,2010-03-11,323,5,882.46,176.49,1,448.0,68,5,2010-03-11,2011-01-21,316,Europe,89.6,1.97
16388,United Kingdom,2010-02-24,654,1,186.05,186.05,1,83.0,13,1,2010-02-24,2010-02-24,0,Europe,83.0,2.24
16389,United Kingdom,2011-03-01,54,4,1382.07,345.52,0,1242.0,33,4,2011-03-01,2011-10-17,230,Europe,310.5,1.11
16390,United Kingdom,2010-01-29,537,3,467.5,155.83,1,122.0,16,3,2010-01-29,2010-06-21,143,Europe,40.67,3.83
16391,United Kingdom,2010-05-27,401,4,1052.26,263.07,1,715.0,261,4,2010-05-27,2010-11-04,161,Europe,178.75,1.47
16392,United Kingdom,2010-05-27,270,3,756.7,252.23,1,604.0,125,3,2010-05-27,2011-03-15,292,Europe,201.33,1.25
16393,United Kingdom,2009-12-01,3,23,5297.77,230.34,0,3001.0,313,23,2009-12-01,2011-12-07,736,Europe,130.48,1.77
16394,United Kingdom,2011-02-23,57,5,1555.34,311.07,0,2604.0,61,5,2011-02-23,2011-10-14,233,Europe,520.8,0.6
16395,United Kingdom,2009-12-06,61,14,3518.41,251.32,0,2901.0,416,14,2009-12-06,2011-10-10,673,Europe,207.21,1.21
16396,United Kingdom,2010-08-20,477,1,137.8,137.8,1,80.0,8,1,2010-08-20,2010-08-20,0,Europe,80.0,1.72
16397,United Kingdom,2010-03-21,629,1,123.13,123.13,1,43.0,9,1,2010-03-21,2010-03-21,0,Europe,43.0,2.86
16398,United Kingdom,2011-03-31,155,2,1705.8,852.9,1,758.0,75,2,2011-03-31,2011-07-08,99,Europe,379.0,2.25
16399,United Kingdom,2010-11-15,20,3,630.22,210.07,0,452.0,97,3,2010-11-15,2011-11-20,370,Europe,150.67,1.39
16400,United Kingdom,2009-12-08,95,9,3059.85,339.98,0,2066.0,214,9,2009-12-08,2011-09-06,637,Europe,229.56,1.48
16401,United Kingdom,2010-06-02,2,23,6849.15,297.79,0,6035.0,110,23,2010-06-02,2011-12-08,554,Europe,262.39,1.13
16402,United Kingdom,2010-12-05,265,2,293.45,146.73,1,146.0,55,2,2010-12-05,2011-03-20,105,Europe,73.0,2.01
16403,United Kingdom,2011-01-31,313,1,177.5,177.5,1,114.0,10,1,2011-01-31,2011-01-31,0,Europe,114.0,1.56
16404,United Kingdom,2011-09-30,71,1,443.05,443.05,0,157.0,23,1,2011-09-30,2011-09-30,0,Europe,157.0,2.82
16405,United Kingdom,2011-02-02,303,2,167.25,83.63,1,187.0,3,2,2011-02-02,2011-02-10,8,Europe,93.5,0.89
16406,United Kingdom,2010-02-24,19,3,528.36,176.12,0,257.0,135,3,2010-02-24,2011-11-21,635,Europe,85.67,2.06
16407,United Kingdom,2010-10-03,13,14,2761.65,197.26,0,1448.0,120,14,2010-10-03,2011-11-27,420,Europe,103.43,1.91
16408,United Kingdom,2010-04-27,592,1,231.93,231.93,1,227.0,45,1,2010-04-27,2010-04-27,0,Europe,227.0,1.02
16409,United Kingdom,2009-12-13,37,12,5652.74,471.06,0,3664.0,335,12,2009-12-13,2011-11-03,690,Europe,305.33,1.54
16410,United Kingdom,2009-12-05,735,1,130.32,130.32,1,348.0,5,1,2009-12-05,2009-12-05,0,Europe,348.0,0.37
16411,United Kingdom,2010-10-07,20,4,756.39,189.1,0,461.0,139,4,2010-10-07,2011-11-20,409,Europe,115.25,1.64
16412,United Kingdom,2010-02-04,54,5,593.19,118.64,0,288.0,84,5,2010-02-04,2011-10-17,620,Europe,57.6,2.06
16413,United Kingdom,2010-11-29,57,2,522.03,261.02,0,283.0,55,2,2010-11-29,2011-10-14,319,Europe,141.5,1.84
16414,United Kingdom,2010-01-14,22,5,551.21,110.24,0,201.0,58,5,2010-01-14,2011-11-18,673,Europe,40.2,2.74
16415,United Kingdom,2010-02-01,45,3,696.76,232.25,0,508.0,120,3,2010-02-01,2011-10-26,632,Europe,169.33,1.37
16416,United Kingdom,2010-02-23,27,9,2957.88,328.65,0,2198.0,146,9,2010-02-23,2011-11-13,628,Europe,244.22,1.35
16417,United Kingdom,2010-08-04,493,1,35.7,35.7,1,6.0,1,1,2010-08-04,2010-08-04,0,Europe,6.0,5.95
16418,United Kingdom,2010-10-13,45,5,1028.74,205.75,0,564.0,121,5,2010-10-13,2011-10-26,378,Europe,112.8,1.82
16419,United Kingdom,2010-02-09,113,8,1463.7,182.96,0,701.0,62,8,2010-02-09,2011-08-19,556,Europe,87.63,2.09
16420,United Kingdom,2010-11-08,397,1,75.0,75.0,1,120.0,2,1,2010-11-08,2010-11-08,0,Europe,120.0,0.63
16421,United Kingdom,2010-08-27,377,3,526.27,175.42,1,123.0,35,3,2010-08-27,2010-11-28,93,Europe,41.0,4.28
16422,United Kingdom,2010-01-12,18,109,61920.87,568.08,0,64225.0,111,109,2010-01-12,2011-11-22,679,Europe,589.22,0.96
16423,United Kingdom,2011-11-15,25,1,346.12,346.12,0,230.0,18,1,2011-11-15,2011-11-15,0,Europe,230.0,1.5
16424,United Kingdom,2010-11-22,192,2,443.06,221.53,1,212.0,10,2,2010-11-22,2011-06-01,191,Europe,106.0,2.09
16425,United Kingdom,2011-02-10,303,1,302.7,302.7,1,199.0,21,1,2011-02-10,2011-02-10,0,Europe,199.0,1.52
16426,United Kingdom,2011-03-08,3,10,1863.76,186.38,0,1215.0,211,10,2011-03-08,2011-12-07,274,Europe,121.5,1.53
16427,United Kingdom,2011-02-28,264,2,241.06,120.53,1,156.0,8,2,2011-02-28,2011-03-21,21,Europe,78.0,1.55
16428,United Kingdom,2010-07-30,414,3,638.49,212.83,1,575.0,121,3,2010-07-30,2010-10-22,84,Europe,191.67,1.11
16429,United Kingdom,2011-08-25,107,1,284.55,284.55,1,9.0,2,1,2011-08-25,2011-08-25,0,Europe,9.0,31.62
16430,United Kingdom,2010-01-27,58,7,1117.94,159.71,0,307.0,19,7,2010-01-27,2011-10-13,624,Europe,43.86,3.64
16431,United Kingdom,2011-02-15,214,3,623.28,207.76,1,442.0,51,3,2011-02-15,2011-05-10,84,Europe,147.33,1.41
16432,United Kingdom,2011-10-06,65,1,287.4,287.4,0,276.0,8,1,2011-10-06,2011-10-06,0,Europe,276.0,1.04
16433,United Kingdom,2010-10-27,29,2,384.52,192.26,0,214.0,33,2,2010-10-27,2011-11-11,380,Europe,107.0,1.8
16434,United Kingdom,2010-01-17,30,12,2673.69,222.81,0,1310.0,126,12,2010-01-17,2011-11-10,662,Europe,109.17,2.04
16435,United Kingdom,2010-07-13,513,3,1003.07,334.36,1,608.0,119,3,2010-07-13,2010-07-15,2,Europe,202.67,1.65
16436,United Kingdom,2009-12-06,669,3,319.14,106.38,1,227.0,37,3,2009-12-06,2010-02-09,65,Europe,75.67,1.41
16437,United Kingdom,2010-10-06,382,2,301.25,150.63,1,197.0,17,2,2010-10-06,2010-11-23,48,Europe,98.5,1.53
16438,United Kingdom,2011-09-18,6,5,798.35,159.67,0,463.0,74,5,2011-09-18,2011-12-04,77,Europe,92.6,1.72
16439,United Kingdom,2009-12-17,723,1,310.7,310.7,1,74.0,9,1,2009-12-17,2009-12-17,0,Europe,74.0,4.2
16440,United Kingdom,2010-08-03,8,6,3856.97,642.83,0,2108.0,202,6,2010-08-03,2011-12-02,486,Europe,351.33,1.83
16441,United Kingdom,2010-03-22,68,5,1019.13,203.83,0,478.0,67,5,2010-03-22,2011-10-03,560,Europe,95.6,2.13
16442,United Kingdom,2009-12-13,2,5,891.98,178.4,0,580.0,226,5,2009-12-13,2011-12-08,725,Europe,116.0,1.54
16443,United Kingdom,2010-07-07,521,1,162.24,162.24,1,96.0,1,1,2010-07-07,2010-07-07,0,Europe,96.0,1.69
16444,United Kingdom,2010-03-24,47,17,3625.88,213.29,0,1945.0,217,17,2010-03-24,2011-10-24,579,Europe,114.41,1.86
16445,United Kingdom,2010-10-24,34,4,583.16,145.79,0,287.0,143,4,2010-10-24,2011-11-06,378,Europe,71.75,2.03
16446,United Kingdom,2011-05-18,1,2,168472.5,84236.25,0,80997.0,3,2,2011-05-18,2011-12-09,205,Europe,40498.5,2.08
16447,United Kingdom,2010-02-17,136,3,727.1,242.37,0,315.0,59,3,2010-02-17,2011-07-27,525,Europe,105.0,2.31
16448,United Kingdom,2010-08-25,199,2,361.12,180.56,1,176.0,45,2,2010-08-25,2011-05-25,273,Europe,88.0,2.05
16449,United Kingdom,2011-03-04,198,2,707.69,353.85,1,367.0,40,2,2011-03-04,2011-05-26,83,Europe,183.5,1.93
16450,United Kingdom,2010-02-21,150,3,1505.73,501.91,0,681.0,36,3,2010-02-21,2011-07-13,507,Europe,227.0,2.21
16451,United Kingdom,2009-12-04,88,3,1013.15,337.72,0,524.0,61,3,2009-12-04,2011-09-13,648,Europe,174.67,1.93
16452,United Kingdom,2010-01-15,631,2,332.17,166.09,1,199.0,14,2,2010-01-15,2010-03-19,63,Europe,99.5,1.67
16453,United Kingdom,2010-06-09,531,2,251.71,125.86,1,139.0,15,2,2010-06-09,2010-06-27,18,Europe,69.5,1.81
16454,United Kingdom,2010-04-07,45,4,30.95,7.74,0,9.0,4,4,2010-04-07,2011-10-26,567,Europe,2.25,3.44
16455,United Kingdom,2010-03-30,64,11,3995.57,363.23,0,2851.0,111,11,2010-03-30,2011-10-07,556,Europe,259.18,1.4
16456,United Kingdom,2010-03-29,100,13,6000.94,461.61,0,3296.0,226,13,2010-03-29,2011-09-01,521,Europe,253.54,1.82
16457,United Kingdom,2011-05-05,219,1,208.36,208.36,1,140.0,9,1,2011-05-05,2011-05-05,0,Europe,140.0,1.49
16458,United Kingdom,2010-05-26,3,30,5690.89,189.7,0,3395.0,91,30,2010-05-26,2011-12-07,560,Europe,113.17,1.68
16459,United Kingdom,2009-12-10,730,1,71.79,71.79,1,59.0,5,1,2009-12-10,2009-12-10,0,Europe,59.0,1.22
16460,United Kingdom,2011-09-19,29,3,811.23,270.41,0,876.0,128,3,2011-09-19,2011-11-11,53,Europe,292.0,0.93
16461,United Kingdom,2010-03-03,178,3,1545.83,515.28,0,933.0,223,3,2010-03-03,2011-06-15,469,Europe,311.0,1.66
16462,United Kingdom,2011-03-01,74,3,136.0,45.33,0,16.0,1,3,2011-03-01,2011-09-27,210,Europe,5.33,8.5
16463,United Kingdom,2011-05-19,22,4,1422.4,355.6,0,1163.0,74,4,2011-05-19,2011-11-18,183,Europe,290.75,1.22
16464,United Kingdom,2011-07-20,20,3,1298.66,432.89,0,952.0,152,3,2011-07-20,2011-11-20,123,Europe,317.33,1.36
16465,United Kingdom,2010-09-21,421,2,746.24,373.12,1,504.0,45,2,2010-09-21,2010-10-15,24,Europe,252.0,1.48
16466,United Kingdom,2010-03-07,34,15,3767.09,251.14,0,1777.0,207,15,2010-03-07,2011-11-06,609,Europe,118.47,2.12
16467,United Kingdom,2009-12-02,509,7,2869.16,409.88,1,7384.0,14,7,2009-12-02,2010-07-19,229,Europe,1054.86,0.39
16468,United Kingdom,2010-08-15,75,3,787.52,262.51,0,371.0,38,3,2010-08-15,2011-09-26,407,Europe,123.67,2.12
16469,United Kingdom,2010-07-13,24,5,803.9,160.78,0,332.0,167,5,2010-07-13,2011-11-16,491,Europe,66.4,2.42
16470,United Kingdom,2009-12-11,52,11,2416.85,219.71,0,1335.0,286,11,2009-12-11,2011-10-19,677,Europe,121.36,1.81
16471,United Kingdom,2010-02-25,275,4,1189.98,297.5,1,670.0,48,4,2010-02-25,2011-03-10,378,Europe,167.5,1.78
16472,United Kingdom,2010-04-21,435,2,789.6,394.8,1,252.0,39,2,2010-04-21,2010-10-01,163,Europe,126.0,3.13
16473,United Kingdom,2010-11-30,165,4,470.83,117.71,0,296.0,26,4,2010-11-30,2011-06-28,210,Europe,74.0,1.59
16474,United Kingdom,2011-07-17,8,7,1810.65,258.66,0,909.0,237,7,2011-07-17,2011-12-02,138,Europe,129.86,1.99
16475,United Kingdom,2011-03-11,89,4,544.3,136.08,0,319.0,23,4,2011-03-11,2011-09-12,185,Europe,79.75,1.71
16476,United Kingdom,2010-10-04,432,1,350.35,350.35,1,187.0,24,1,2010-10-04,2010-10-04,0,Europe,187.0,1.87
16477,United Kingdom,2010-08-12,64,11,4094.37,372.22,0,2507.0,177,11,2010-08-12,2011-10-07,421,Europe,227.91,1.63
16478,United Kingdom,2011-10-05,26,3,331.0,110.33,0,224.0,15,3,2011-10-05,2011-11-14,40,Europe,74.67,1.48
16479,United Kingdom,2011-11-29,11,2,300.83,150.42,0,102.0,35,2,2011-11-29,2011-11-29,0,Europe,51.0,2.95
16480,United Kingdom,2011-09-25,76,1,769.29,769.29,0,455.0,51,1,2011-09-25,2011-09-25,0,Europe,455.0,1.69
16481,United Kingdom,2010-01-26,683,1,453.38,453.38,1,201.0,16,1,2010-01-26,2010-01-26,0,Europe,201.0,2.26
16482,United Kingdom,2011-11-24,16,1,220.62,220.62,0,346.0,18,1,2011-11-24,2011-11-24,0,Europe,346.0,0.64
16483,United Kingdom,2011-05-31,193,1,139.35,139.35,1,44.0,19,1,2011-05-31,2011-05-31,0,Europe,44.0,3.17
16484,United Kingdom,2011-06-02,174,2,404.3,202.15,1,200.0,25,2,2011-06-02,2011-06-19,17,Europe,100.0,2.02
16485,United Kingdom,2009-12-06,78,5,2287.19,457.44,0,1153.0,126,5,2009-12-06,2011-09-23,656,Europe,230.6,1.98
16486,United Kingdom,2010-06-20,538,1,134.36,134.36,1,24.0,7,1,2010-06-20,2010-06-20,0,Europe,24.0,5.6
16487,United Kingdom,2010-02-18,578,2,209.4,104.7,1,163.0,28,2,2010-02-18,2010-05-11,82,Europe,81.5,1.28
16488,United Kingdom,2011-07-14,34,3,498.8,166.27,0,728.0,28,3,2011-07-14,2011-11-06,115,Europe,242.67,0.69
16489,United Kingdom,2010-09-29,381,2,303.7,151.85,1,38.0,4,2,2010-09-29,2010-11-24,56,Europe,19.0,7.99
16490,United Kingdom,2010-09-29,437,1,205.41,205.41,1,113.0,13,1,2010-09-29,2010-09-29,0,Europe,113.0,1.82
16491,United Kingdom,2010-10-22,47,2,1533.16,766.58,0,1060.0,86,2,2010-10-22,2011-10-24,367,Europe,530.0,1.45
16492,United Kingdom,2010-06-17,541,1,385.56,385.56,1,235.0,23,1,2010-06-17,2010-06-17,0,Europe,235.0,1.64
16493,United Kingdom,2010-03-26,80,7,2132.09,304.58,0,1988.0,77,7,2010-03-26,2011-09-21,544,Europe,284.0,1.07
16494,United Kingdom,2011-02-16,297,1,826.53,826.53,1,675.0,47,1,2011-02-16,2011-02-16,0,Europe,675.0,1.22
16495,United Kingdom,2011-03-08,4,3,648.26,216.09,0,328.0,78,3,2011-03-08,2011-12-06,273,Europe,109.33,1.98
16496,United Kingdom,2010-07-18,9,6,2330.77,388.46,0,1764.0,120,6,2010-07-18,2011-12-01,501,Europe,294.0,1.32
16497,United Kingdom,2009-12-03,50,23,6695.28,291.1,0,3050.0,239,23,2009-12-03,2011-10-21,687,Europe,132.61,2.2
16498,United Kingdom,2011-06-30,162,2,100.97,50.49,1,45.0,15,2,2011-06-30,2011-07-01,1,Europe,22.5,2.24
16499,United Kingdom,2010-06-11,361,8,2578.34,322.29,1,1364.0,104,8,2010-06-11,2010-12-14,186,Europe,170.5,1.89
16500,United Kingdom,2010-06-14,5,9,843.91,93.77,0,386.0,24,9,2010-06-14,2011-12-05,539,Europe,42.89,2.19
16501,United Kingdom,2010-11-21,384,1,1191.23,1191.23,1,628.0,181,1,2010-11-21,2010-11-21,0,Europe,628.0,1.9
16502,United Kingdom,2010-03-29,621,2,258.55,129.28,1,220.0,41,2,2010-03-29,2010-03-29,0,Europe,110.0,1.18
16503,United Kingdom,2010-06-21,107,11,3614.34,328.58,0,1535.0,161,11,2010-06-21,2011-08-25,430,Europe,139.55,2.35
16504,United Kingdom,2011-11-14,26,1,465.88,465.88,0,510.0,76,1,2011-11-14,2011-11-14,0,Europe,510.0,0.91
16505,United Kingdom,2011-11-08,32,1,777.6,777.6,0,576.0,4,1,2011-11-08,2011-11-08,0,Europe,576.0,1.35
16506,United Kingdom,2011-10-30,20,2,90.3,45.15,0,42.0,3,2,2011-10-30,2011-11-20,21,Europe,21.0,2.15
16507,United Kingdom,2010-05-16,573,1,142.71,142.71,1,111.0,37,1,2010-05-16,2010-05-16,0,Europe,111.0,1.29
16508,United Kingdom,2010-03-19,631,1,240.95,240.95,1,103.0,42,1,2010-03-19,2010-03-19,0,Europe,103.0,2.34
16509,United Kingdom,2011-02-16,297,1,363.7,363.7,1,64.0,13,1,2011-02-16,2011-02-16,0,Europe,64.0,5.68
16510,United Kingdom,2010-01-17,373,6,1777.5,296.25,1,930.0,94,6,2010-01-17,2010-12-02,319,Europe,155.0,1.91
16511,United Kingdom,2010-03-01,22,6,1760.49,293.42,0,769.0,235,6,2010-03-01,2011-11-18,627,Europe,128.17,2.29
16513,United Kingdom,2011-10-27,5,4,874.59,218.65,0,407.0,33,4,2011-10-27,2011-12-05,39,Europe,101.75,2.15
16515,United Kingdom,2010-06-17,53,10,3179.06,317.91,0,1573.0,184,10,2010-06-17,2011-10-18,488,Europe,157.3,2.02
16516,United Kingdom,2011-11-09,31,1,101.7,101.7,0,58.0,6,1,2011-11-09,2011-11-09,0,Europe,58.0,1.75
16517,United Kingdom,2011-03-07,278,1,162.7,162.7,1,96.0,17,1,2011-03-07,2011-03-07,0,Europe,96.0,1.69
16518,United Kingdom,2010-06-01,62,4,959.37,239.84,0,524.0,61,4,2010-06-01,2011-10-09,495,Europe,131.0,1.83
16519,United Kingdom,2010-03-01,26,4,439.06,109.77,0,150.0,32,4,2010-03-01,2011-11-14,623,Europe,37.5,2.93
16520,United Kingdom,2010-03-02,187,6,2148.38,358.06,1,1045.0,251,6,2010-03-02,2011-06-06,461,Europe,174.17,2.06
16521,United Kingdom,2010-03-01,416,3,1140.11,380.04,1,1014.0,212,3,2010-03-01,2010-10-20,233,Europe,338.0,1.12
16522,United Kingdom,2010-09-15,436,2,433.36,216.68,1,212.0,16,2,2010-09-15,2010-09-30,15,Europe,106.0,2.04
16523,United Kingdom,2010-01-24,2,28,11916.33,425.58,0,4979.0,180,28,2010-01-24,2011-12-08,683,Europe,177.82,2.39
16524,United Kingdom,2010-01-17,447,2,306.19,153.1,1,259.0,50,2,2010-01-17,2010-09-19,245,Europe,129.5,1.18
16525,United Kingdom,2009-12-02,3,48,24151.3,503.15,0,14430.0,115,48,2009-12-02,2011-12-07,735,Europe,300.63,1.67
16526,United Kingdom,2010-05-04,172,2,717.21,358.61,1,279.0,30,2,2010-05-04,2011-06-21,413,Europe,139.5,2.57
16527,United Kingdom,2010-10-11,82,2,1232.94,616.47,0,708.0,66,2,2010-10-11,2011-09-19,343,Europe,354.0,1.74
16528,United Kingdom,2011-12-06,4,1,244.41,244.41,0,171.0,17,1,2011-12-06,2011-12-06,0,Europe,171.0,1.43
16529,United Kingdom,2010-06-27,191,4,1986.8,496.7,1,739.0,87,4,2010-06-27,2011-06-02,340,Europe,184.75,2.69
16530,United Kingdom,2010-02-09,669,1,48.35,48.35,1,17.0,3,1,2010-02-09,2010-02-09,0,Europe,17.0,2.84
16531,United Kingdom,2010-09-24,23,11,2298.33,208.94,0,1863.0,109,11,2010-09-24,2011-11-17,419,Europe,169.36,1.23
16532,United Kingdom,2010-03-29,18,5,8756.64,1751.33,0,2544.0,2,5,2010-03-29,2011-11-22,603,Europe,508.8,3.44
16533,United Kingdom,2011-10-02,20,3,1082.81,360.94,0,611.0,112,3,2011-10-02,2011-11-20,49,Europe,203.67,1.77
16534,United Kingdom,2010-03-07,643,1,635.9,635.9,1,168.0,36,1,2010-03-07,2010-03-07,0,Europe,168.0,3.79
16535,United Kingdom,2010-01-28,6,3,972.04,324.01,0,664.0,67,3,2010-01-28,2011-12-04,675,Europe,221.33,1.46
16536,United Kingdom,2011-08-21,111,1,548.12,548.12,1,250.0,49,1,2011-08-21,2011-08-21,0,Europe,250.0,2.19
16537,United Kingdom,2010-03-08,642,1,23.35,23.35,1,59.0,3,1,2010-03-08,2010-03-08,0,Europe,59.0,0.4
16538,United Kingdom,2010-04-23,542,3,395.07,131.69,1,254.0,35,3,2010-04-23,2010-06-16,54,Europe,84.67,1.56
16539,United Kingdom,2010-06-25,3,10,3289.66,328.97,0,1014.0,83,10,2010-06-25,2011-12-07,530,Europe,101.4,3.24
16540,United Kingdom,2010-10-21,415,1,205.75,205.75,1,105.0,25,1,2010-10-21,2010-10-21,0,Europe,105.0,1.96
16541,United Kingdom,2009-12-04,736,1,424.03,424.03,1,173.0,38,1,2009-12-04,2009-12-04,0,Europe,173.0,2.45
16542,United Kingdom,2010-11-03,54,2,257.32,128.66,0,142.0,13,2,2010-11-03,2011-10-17,348,Europe,71.0,1.81
16543,United Kingdom,2010-04-27,592,1,292.21,292.21,1,317.0,18,1,2010-04-27,2010-04-27,0,Europe,317.0,0.92
16544,United Kingdom,2010-02-15,520,4,376.7,94.18,1,150.0,8,4,2010-02-15,2010-07-08,143,Europe,37.5,2.51
16545,United Kingdom,2010-11-29,165,2,689.82,344.91,1,322.0,6,2,2010-11-29,2011-06-28,211,Europe,161.0,2.14
16546,United Kingdom,2010-09-23,291,5,5307.07,1061.41,1,4211.0,75,5,2010-09-23,2011-02-22,152,Europe,842.2,1.26
16547,United Kingdom,2010-06-11,547,1,104.26,104.26,1,108.0,25,1,2010-06-11,2010-06-11,0,Europe,108.0,0.97
16548,United Kingdom,2010-04-19,600,1,30.15,30.15,1,6.0,6,1,2010-04-19,2010-04-19,0,Europe,6.0,5.03
16549,United Kingdom,2010-03-28,11,34,12781.8,375.94,0,7087.0,836,34,2010-03-28,2011-11-29,611,Europe,208.44,1.8
16550,United Kingdom,2009-12-02,109,18,8813.58,489.64,0,5405.0,274,18,2009-12-02,2011-08-23,629,Europe,300.28,1.63
16551,United Kingdom,2009-12-13,96,7,2237.12,319.59,0,2076.0,67,7,2009-12-13,2011-09-05,631,Europe,296.57,1.08
16552,United Kingdom,2010-12-01,243,2,379.73,189.87,1,219.0,17,2,2010-12-01,2011-04-11,131,Europe,109.5,1.73
16553,United Kingdom,2010-02-11,164,33,16584.01,502.55,0,16427.0,195,33,2010-02-11,2011-06-29,503,Europe,497.79,1.01
16554,United Kingdom,2009-12-15,43,8,2841.72,355.22,0,1346.0,108,8,2009-12-15,2011-10-28,682,Europe,168.25,2.11
16555,United Kingdom,2010-07-22,36,6,1915.68,319.28,0,1816.0,59,6,2010-07-22,2011-11-04,470,Europe,302.67,1.05
16556,United Kingdom,2009-12-07,67,17,8012.58,471.33,0,4353.0,280,17,2009-12-07,2011-10-04,666,Europe,256.06,1.84
16557,United Kingdom,2011-07-25,25,2,281.85,140.93,0,111.0,11,2,2011-07-25,2011-11-15,113,Europe,55.5,2.54
16558,United Kingdom,2009-12-03,1,38,13304.11,350.11,0,7813.0,383,38,2009-12-03,2011-12-09,736,Europe,205.61,1.7
16559,United Kingdom,2010-11-07,398,1,175.0,175.0,1,61.0,17,1,2010-11-07,2010-11-07,0,Europe,61.0,2.87
16560,United Kingdom,2009-12-08,27,8,3048.38,381.05,0,1603.0,140,8,2009-12-08,2011-11-13,705,Europe,200.38,1.9
16561,United Kingdom,2011-10-11,6,2,511.12,255.56,0,244.0,29,2,2011-10-11,2011-12-04,54,Europe,122.0,2.09
16562,United Kingdom,2010-08-20,477,1,223.86,223.86,1,264.0,34,1,2010-08-20,2010-08-20,0,Europe,264.0,0.85
16563,United Kingdom,2009-12-01,54,6,4412.56,735.43,0,2584.0,55,6,2009-12-01,2011-10-17,685,Europe,430.67,1.71
16564,United Kingdom,2010-05-19,570,1,87.8,87.8,1,40.0,5,1,2010-05-19,2010-05-19,0,Europe,40.0,2.2
16565,United Kingdom,2010-06-02,365,4,773.05,193.26,1,211.0,7,4,2010-06-02,2010-12-10,191,Europe,52.75,3.66
16566,United Kingdom,2011-02-20,16,5,614.66,122.93,0,362.0,14,5,2011-02-20,2011-11-24,277,Europe,72.4,1.7
16567,United Kingdom,2011-01-07,195,2,865.6,432.8,1,996.0,34,2,2011-01-07,2011-05-29,142,Europe,498.0,0.87
16568,United Kingdom,2010-03-08,428,2,1020.9,510.45,1,366.0,5,2,2010-03-08,2010-10-08,214,Europe,183.0,2.79
16569,United Kingdom,2009-12-16,4,5,1455.23,291.05,0,988.0,27,5,2009-12-16,2011-12-06,720,Europe,197.6,1.47
16570,United Kingdom,2010-03-30,16,20,7434.31,371.72,0,4292.0,114,20,2010-03-30,2011-11-24,604,Europe,214.6,1.73
16571,United Kingdom,2010-03-18,27,10,4248.74,424.87,0,3703.0,151,10,2010-03-18,2011-11-13,605,Europe,370.3,1.15
16572,United Kingdom,2011-03-09,128,3,1009.6,336.53,0,532.0,40,3,2011-03-09,2011-08-04,148,Europe,177.33,1.9
16573,United Kingdom,2011-02-22,85,2,663.61,331.81,0,360.0,40,2,2011-02-22,2011-09-16,206,Europe,180.0,1.84
16574,United Kingdom,2010-02-19,72,3,1301.78,433.93,0,1002.0,86,3,2010-02-19,2011-09-29,587,Europe,334.0,1.3
16576,United Kingdom,2010-07-06,421,2,540.87,270.44,1,323.0,32,2,2010-07-06,2010-10-15,101,Europe,161.5,1.67
16577,United Kingdom,2010-02-11,667,1,380.0,380.0,1,142.0,23,1,2010-02-11,2010-02-11,0,Europe,142.0,2.68
16578,United Kingdom,2010-03-23,627,1,156.6,156.6,1,108.0,9,1,2010-03-23,2010-03-23,0,Europe,108.0,1.45
16579,United Kingdom,2010-10-10,426,1,295.05,295.05,1,119.0,14,1,2010-10-10,2010-10-10,0,Europe,119.0,2.48
16581,United Kingdom,2011-06-10,183,1,105.84,105.84,1,134.0,9,1,2011-06-10,2011-06-10,0,Europe,134.0,0.79
16582,United Kingdom,2011-08-18,114,1,313.62,313.62,1,164.0,6,1,2011-08-18,2011-08-18,0,Europe,164.0,1.91
16583,United Kingdom,2010-02-04,374,2,297.95,148.98,1,153.0,18,2,2010-02-04,2010-12-01,300,Europe,76.5,1.95
16584,United Kingdom,2010-02-16,81,5,3156.17,631.23,0,1913.0,61,5,2010-02-16,2011-09-20,581,Europe,382.6,1.65
16585,United Kingdom,2010-01-13,594,2,341.59,170.8,1,151.0,16,2,2010-01-13,2010-04-25,102,Europe,75.5,2.26
16586,United Kingdom,2010-03-14,249,3,1462.78,487.59,1,348.0,27,3,2010-03-14,2011-04-05,387,Europe,116.0,4.2
16587,United Kingdom,2011-04-21,233,1,225.15,225.15,1,71.0,13,1,2011-04-21,2011-04-21,0,Europe,71.0,3.17
16588,United Kingdom,2010-05-14,387,4,1361.28,340.32,1,882.0,64,4,2010-05-14,2010-11-18,188,Europe,220.5,1.54
16589,United Kingdom,2010-09-15,72,4,612.36,153.09,0,536.0,39,4,2010-09-15,2011-09-29,379,Europe,134.0,1.14
16590,United Kingdom,2010-10-21,401,2,605.9,302.95,1,240.0,26,2,2010-10-21,2010-11-04,14,Europe,120.0,2.52
16591,United Kingdom,2011-10-02,69,1,213.5,213.5,0,41.0,10,1,2011-10-02,2011-10-02,0,Europe,41.0,5.21
16592,United Kingdom,2009-12-18,5,28,7807.91,278.85,0,5504.0,221,28,2009-12-18,2011-12-05,717,Europe,196.57,1.42
16593,United Kingdom,2009-12-05,51,8,1071.14,133.89,0,377.0,57,8,2009-12-05,2011-10-20,684,Europe,47.13,2.84
16594,United Kingdom,2011-09-25,76,1,181.09,181.09,0,64.0,53,1,2011-09-25,2011-09-25,0,Europe,64.0,2.83
16595,United Kingdom,2010-01-17,62,5,1757.75,351.55,0,1331.0,337,5,2010-01-17,2011-10-09,630,Europe,266.2,1.32
16596,United Kingdom,2009-12-10,16,4,458.98,114.75,0,180.0,23,4,2009-12-10,2011-11-24,714,Europe,45.0,2.55
16597,United Kingdom,2011-12-05,5,1,90.04,90.04,0,184.0,7,1,2011-12-05,2011-12-05,0,Europe,184.0,0.49
16598,United Kingdom,2011-02-27,286,1,145.05,145.05,1,73.0,10,1,2011-02-27,2011-02-27,0,Europe,73.0,1.99
16599,United Kingdom,2010-11-19,386,1,172.8,172.8,1,159.0,12,1,2010-11-19,2010-11-19,0,Europe,159.0,1.09
16600,United Kingdom,2009-12-18,5,13,2153.41,165.65,0,2420.0,106,13,2009-12-18,2011-12-05,717,Europe,186.15,0.89
16601,United Kingdom,2010-03-26,41,3,677.0,225.67,0,391.0,60,3,2010-03-26,2011-10-30,583,Europe,130.33,1.73
16602,United Kingdom,2010-11-16,37,2,763.33,381.67,0,429.0,37,2,2010-11-16,2011-11-03,352,Europe,214.5,1.78
16603,United Kingdom,2011-09-09,75,2,482.47,241.24,0,480.0,34,2,2011-09-09,2011-09-26,17,Europe,240.0,1.01
16604,United Kingdom,2010-05-20,563,2,432.45,216.23,1,175.0,10,2,2010-05-20,2010-05-26,6,Europe,87.5,2.47
16605,United Kingdom,2009-12-15,725,1,60.48,60.48,1,144.0,1,1,2009-12-15,2009-12-15,0,Europe,144.0,0.42
16606,United Kingdom,2010-10-01,405,2,357.66,178.83,1,148.0,16,2,2010-10-01,2010-10-31,30,Europe,74.0,2.42
16607,United Kingdom,2010-04-29,18,25,5706.87,228.27,0,4436.0,212,25,2010-04-29,2011-11-22,572,Europe,177.44,1.29
16608,United Kingdom,2010-02-14,454,2,1286.62,643.31,1,612.0,94,2,2010-02-14,2010-09-12,210,Europe,306.0,2.1
16609,United Kingdom,2011-04-01,16,7,5493.46,784.78,0,2420.0,155,7,2011-04-01,2011-11-24,237,Europe,345.71,2.27
16610,United Kingdom,2011-05-04,220,1,75.66,75.66,1,66.0,6,1,2011-05-04,2011-05-04,0,Europe,66.0,1.15
16611,United Kingdom,2010-03-10,187,6,1785.13,297.52,1,874.0,86,6,2010-03-10,2011-06-06,453,Europe,145.67,2.04
16612,United Kingdom,2009-12-03,33,9,3245.43,360.6,0,1419.0,105,9,2009-12-03,2011-11-07,704,Europe,157.67,2.29
16613,United Kingdom,2011-09-30,71,1,618.59,618.59,0,293.0,30,1,2011-09-30,2011-09-30,0,Europe,293.0,2.11
16614,United Kingdom,2010-05-10,183,3,1179.79,393.26,1,349.0,37,3,2010-05-10,2011-06-10,396,Europe,116.33,3.38
16615,United Kingdom,2010-03-23,627,1,291.5,291.5,1,211.0,19,1,2010-03-23,2010-03-23,0,Europe,211.0,1.38
16616,United Kingdom,2011-07-05,16,2,500.42,250.21,0,370.0,31,2,2011-07-05,2011-11-24,142,Europe,185.0,1.35
16617,United Kingdom,2011-04-18,236,1,151.85,151.85,1,91.0,5,1,2011-04-18,2011-04-18,0,Europe,91.0,1.67
16618,United Kingdom,2011-01-21,32,5,2647.59,529.52,0,1363.0,79,5,2011-01-21,2011-11-08,291,Europe,272.6,1.94
16619,United Kingdom,2010-02-22,264,4,1938.33,484.58,1,1055.0,103,4,2010-02-22,2011-03-21,392,Europe,263.75,1.84
16620,United Kingdom,2009-12-01,4,6,1758.93,293.16,0,1146.0,78,6,2009-12-01,2011-12-06,735,Europe,191.0,1.53
16621,United Kingdom,2011-03-07,52,4,813.48,203.37,0,302.0,22,4,2011-03-07,2011-10-19,226,Europe,75.5,2.69
16622,United Kingdom,2010-06-14,544,1,225.4,225.4,1,44.0,12,1,2010-06-14,2010-06-14,0,Europe,44.0,5.12
16623,United Kingdom,2010-04-26,246,4,1015.24,253.81,1,442.0,44,4,2010-04-26,2011-04-08,347,Europe,110.5,2.3
16624,United Kingdom,2011-05-26,81,2,810.57,405.29,0,488.0,44,2,2011-05-26,2011-09-20,117,Europe,244.0,1.66
16625,United Kingdom,2010-06-14,275,5,1654.03,330.81,1,1057.0,82,5,2010-06-14,2011-03-10,269,Europe,211.4,1.56
16626,United Kingdom,2011-03-18,1,17,4413.1,259.59,0,2690.0,86,17,2011-03-18,2011-12-09,266,Europe,158.24,1.64
16627,United Kingdom,2011-09-21,80,1,322.8,322.8,0,162.0,20,1,2011-09-21,2011-09-21,0,Europe,162.0,1.99
16628,United Kingdom,2010-03-08,30,7,2318.1,331.16,0,1260.0,84,7,2010-03-08,2011-11-10,612,Europe,180.0,1.84
16629,United Kingdom,2011-09-04,74,2,408.63,204.32,0,489.0,58,2,2011-09-04,2011-09-27,23,Europe,244.5,0.84
16630,United Kingdom,2010-10-28,408,1,106.8,106.8,1,72.0,4,1,2010-10-28,2010-10-28,0,Europe,72.0,1.48
16631,United Kingdom,2010-02-26,482,7,1892.52,270.36,1,775.0,46,7,2010-02-26,2010-08-15,170,Europe,110.71,2.44
16632,United Kingdom,2010-05-07,486,2,406.4,203.2,1,256.0,22,2,2010-05-07,2010-08-11,96,Europe,128.0,1.59
16633,United Kingdom,2011-04-19,18,6,2883.1,480.52,0,1138.0,115,6,2011-04-19,2011-11-22,217,Europe,189.67,2.53
16634,United Kingdom,2010-01-21,223,6,1649.81,274.97,1,1257.0,72,6,2010-01-21,2011-05-01,465,Europe,209.5,1.31
16635,United Kingdom,2010-10-29,407,1,473.0,473.0,1,277.0,25,1,2010-10-29,2010-10-29,0,Europe,277.0,1.71
16636,United Kingdom,2010-03-03,439,4,3802.04,950.51,1,2186.0,62,4,2010-03-03,2010-09-27,208,Europe,546.5,1.74
16637,United Kingdom,2011-04-28,33,4,1154.47,288.62,0,927.0,66,4,2011-04-28,2011-11-07,193,Europe,231.75,1.25
16638,United Kingdom,2010-08-18,23,15,2380.13,158.68,0,1627.0,130,15,2010-08-18,2011-11-17,456,Europe,108.47,1.46
16639,United Kingdom,2010-10-26,32,4,1747.98,437.0,0,751.0,76,4,2010-10-26,2011-11-08,378,Europe,187.75,2.33
16640,United Kingdom,2010-11-07,398,1,179.4,179.4,1,146.0,13,1,2010-11-07,2010-11-07,0,Europe,146.0,1.23
16641,United Kingdom,2010-01-07,106,2,554.5,277.25,1,454.0,36,2,2010-01-07,2011-08-26,596,Europe,227.0,1.22
16642,United Kingdom,2010-10-20,5,3,1077.45,359.15,0,775.0,50,3,2010-10-20,2011-12-05,411,Europe,258.33,1.39
16643,United Kingdom,2010-10-13,246,2,923.11,461.56,1,553.0,48,2,2010-10-13,2011-04-08,177,Europe,276.5,1.67
16644,United Kingdom,2011-05-11,178,2,833.78,416.89,1,826.0,62,2,2011-05-11,2011-06-15,35,Europe,413.0,1.01
16645,United Kingdom,2009-12-04,736,1,160.39,160.39,1,117.0,14,1,2009-12-04,2009-12-04,0,Europe,117.0,1.37
16646,United Kingdom,2010-09-16,450,1,678.8,678.8,1,1072.0,29,1,2010-09-16,2010-09-16,0,Europe,1072.0,0.63
16647,United Kingdom,2010-06-13,170,4,541.9,135.48,0,396.0,28,4,2010-06-13,2011-06-23,375,Europe,99.0,1.37
16648,United Kingdom,2010-04-28,43,3,672.8,224.27,0,503.0,37,3,2010-04-28,2011-10-28,548,Europe,167.67,1.34
16649,United Kingdom,2010-07-07,521,1,306.58,306.58,1,82.0,20,1,2010-07-07,2010-07-07,0,Europe,82.0,3.74
16650,United Kingdom,2010-07-08,72,7,1916.11,273.73,0,1511.0,71,7,2010-07-08,2011-09-29,448,Europe,215.86,1.27
16651,United Kingdom,2010-05-02,587,1,136.2,136.2,1,60.0,6,1,2010-05-02,2010-05-02,0,Europe,60.0,2.27
16652,United Kingdom,2010-03-17,59,16,17550.39,1096.9,0,7477.0,124,16,2010-03-17,2011-10-12,574,Europe,467.31,2.35
16653,United Kingdom,2011-09-29,17,2,1212.66,606.33,0,733.0,67,2,2011-09-29,2011-11-23,55,Europe,366.5,1.65
16654,United Kingdom,2010-04-06,142,8,1484.07,185.51,0,640.0,64,8,2010-04-06,2011-07-21,471,Europe,80.0,2.32
16655,United Kingdom,2010-01-31,18,13,6423.26,494.1,0,3938.0,408,13,2010-01-31,2011-11-22,660,Europe,302.92,1.63
16656,United Kingdom,2009-12-04,23,30,16833.17,561.11,0,15433.0,22,30,2009-12-04,2011-11-17,713,Europe,514.43,1.09
16657,United Kingdom,2011-03-30,10,4,874.43,218.61,0,1130.0,158,4,2011-03-30,2011-11-30,245,Europe,282.5,0.77
16658,United Kingdom,2010-03-30,369,6,690.83,115.14,1,277.0,49,6,2010-03-30,2010-12-06,251,Europe,46.17,2.49
16659,United Kingdom,2011-06-03,190,1,39.12,39.12,1,72.0,2,1,2011-06-03,2011-06-03,0,Europe,72.0,0.54
16660,United Kingdom,2010-01-14,17,7,1879.55,268.51,0,991.0,20,7,2010-01-14,2011-11-23,678,Europe,141.57,1.9
16661,United Kingdom,2009-12-17,541,4,932.76,233.19,1,364.0,50,4,2009-12-17,2010-06-17,182,Europe,91.0,2.56
16662,United Kingdom,2010-11-10,395,1,151.05,151.05,1,35.0,28,1,2010-11-10,2010-11-10,0,Europe,35.0,4.32
16663,United Kingdom,2009-12-10,730,1,165.0,165.0,1,100.0,1,1,2009-12-10,2009-12-10,0,Europe,100.0,1.65
16664,United Kingdom,2010-05-19,570,1,109.2,109.2,1,24.0,8,1,2010-05-19,2010-05-19,0,Europe,24.0,4.55
16665,United Kingdom,2010-12-12,363,1,135.4,135.4,1,59.0,9,1,2010-12-12,2010-12-12,0,Europe,59.0,2.29
16666,United Kingdom,2010-03-28,20,2,217.71,108.86,0,354.0,42,2,2010-03-28,2011-11-20,602,Europe,177.0,0.62
16667,United Kingdom,2011-02-28,69,2,567.18,283.59,0,236.0,52,2,2011-02-28,2011-10-02,216,Europe,118.0,2.4
16668,United Kingdom,2010-03-18,16,13,862.42,66.34,0,773.0,28,13,2010-03-18,2011-11-24,616,Europe,59.46,1.12
16669,United Kingdom,2011-09-22,24,3,1348.88,449.63,0,881.0,141,3,2011-09-22,2011-11-16,55,Europe,293.67,1.53
16670,United Kingdom,2009-12-10,17,20,8030.15,401.51,0,4534.0,258,20,2009-12-10,2011-11-23,713,Europe,226.7,1.77
16671,United Kingdom,2011-06-28,29,3,1692.27,564.09,0,875.0,3,3,2011-06-28,2011-11-11,136,Europe,291.67,1.93
16672,United Kingdom,2011-03-18,3,20,8134.94,406.75,0,2832.0,22,20,2011-03-18,2011-12-07,264,Europe,141.6,2.87
16673,United Kingdom,2010-01-29,680,1,171.13,171.13,1,95.0,19,1,2010-01-29,2010-01-29,0,Europe,95.0,1.8
16674,United Kingdom,2011-09-02,55,2,304.24,152.12,0,181.0,89,2,2011-09-02,2011-10-16,44,Europe,90.5,1.68
16675,United Kingdom,2010-08-18,442,2,608.86,304.43,1,296.0,21,2,2010-08-18,2010-09-24,37,Europe,148.0,2.06
16676,United Kingdom,2010-10-17,34,6,2361.9,393.65,0,927.0,106,6,2010-10-17,2011-11-06,385,Europe,154.5,2.55
16677,United Kingdom,2010-02-25,412,2,880.62,440.31,1,457.0,45,2,2010-02-25,2010-10-24,241,Europe,228.5,1.93
16678,United Kingdom,2011-03-02,3,12,3109.99,259.17,0,2397.0,92,12,2011-03-02,2011-12-07,280,Europe,199.75,1.3
16679,United Kingdom,2010-06-10,367,3,663.31,221.1,1,247.0,15,3,2010-06-10,2010-12-08,181,Europe,82.33,2.69
16680,United Kingdom,2010-06-23,44,3,821.45,273.82,0,377.0,24,3,2010-06-23,2011-10-27,491,Europe,125.67,2.18
16681,United Kingdom,2010-03-08,73,7,1921.84,274.55,0,1492.0,22,7,2010-03-08,2011-09-28,569,Europe,213.14,1.29
16682,United Kingdom,2011-06-05,5,5,1028.0,205.6,0,1040.0,15,5,2011-06-05,2011-12-05,183,Europe,208.0,0.99
16683,United Kingdom,2010-06-24,534,1,320.25,320.25,1,190.0,18,1,2010-06-24,2010-06-24,0,Europe,190.0,1.69
16684,United Kingdom,2009-12-07,5,55,147142.77,2675.32,0,104810.0,184,55,2009-12-07,2011-12-05,728,Europe,1905.64,1.4
16685,United Kingdom,2011-10-09,62,2,324.24,162.12,0,396.0,60,2,2011-10-09,2011-10-09,0,Europe,198.0,0.82
16686,United Kingdom,2009-12-06,48,16,4881.07,305.07,0,3419.0,549,16,2009-12-06,2011-10-23,686,Europe,213.69,1.43
16687,United Kingdom,2010-11-14,391,1,157.63,157.63,1,141.0,8,1,2010-11-14,2010-11-14,0,Europe,141.0,1.12
16688,United Kingdom,2011-10-10,2,4,1260.86,315.22,0,804.0,52,4,2011-10-10,2011-12-08,59,Europe,201.0,1.57
16689,United Kingdom,2011-09-18,76,2,422.6,211.3,0,330.0,12,2,2011-09-18,2011-09-25,7,Europe,165.0,1.28
16690,United Kingdom,2010-09-14,73,4,353.03,88.26,0,209.0,12,4,2010-09-14,2011-09-28,379,Europe,52.25,1.69
16691,United Kingdom,2010-05-27,419,2,178.83,89.42,1,92.0,11,2,2010-05-27,2010-10-17,143,Europe,46.0,1.94
16692,United Kingdom,2010-09-24,257,4,1914.7,478.68,1,878.0,3,4,2010-09-24,2011-03-28,185,Europe,219.5,2.18
16693,United Kingdom,2010-02-21,69,5,1179.48,235.9,0,658.0,149,5,2010-02-21,2011-10-02,588,Europe,131.6,1.79
16694,United Kingdom,2009-12-16,724,1,98.3,98.3,1,26.0,3,1,2009-12-16,2009-12-16,0,Europe,26.0,3.78
16695,United Kingdom,2010-05-27,562,2,191.9,95.95,1,184.0,30,2,2010-05-27,2010-05-27,0,Europe,92.0,1.04
16696,United Kingdom,2011-04-05,136,4,657.9,164.48,0,146.0,7,4,2011-04-05,2011-07-27,113,Europe,36.5,4.51
16697,United Kingdom,2011-04-12,242,1,112.75,112.75,1,27.0,20,1,2011-04-12,2011-04-12,0,Europe,27.0,4.18
16698,United Kingdom,2011-03-31,227,2,1998.0,999.0,1,840.0,4,2,2011-03-31,2011-04-27,27,Europe,420.0,2.38
16699,United Kingdom,2009-12-04,381,7,994.6,142.09,1,640.0,51,7,2009-12-04,2010-11-24,355,Europe,91.43,1.55
16700,United Kingdom,2009-12-02,9,25,8830.77,353.23,0,6644.0,263,25,2009-12-02,2011-12-01,729,Europe,265.76,1.33
16701,United Kingdom,2009-12-01,9,26,9916.73,381.41,0,11046.0,154,26,2009-12-01,2011-12-01,730,Europe,424.85,0.9
16702,United Kingdom,2009-12-07,416,4,1110.83,277.71,1,692.0,84,4,2009-12-07,2010-10-20,317,Europe,173.0,1.61
16704,United Kingdom,2010-02-05,619,2,664.16,332.08,1,433.0,50,2,2010-02-05,2010-03-31,54,Europe,216.5,1.53
16705,United Kingdom,2009-12-09,1,42,43515.05,1036.07,0,22301.0,399,42,2009-12-09,2011-12-09,730,Europe,530.98,1.95
16706,United Kingdom,2011-08-17,38,3,531.35,177.12,0,249.0,108,3,2011-08-17,2011-11-02,77,Europe,83.0,2.13
16707,United Kingdom,2010-03-09,401,4,533.41,133.35,1,396.0,64,4,2010-03-09,2010-11-04,240,Europe,99.0,1.35
16708,United Kingdom,2011-10-25,46,1,656.63,656.63,0,285.0,27,1,2011-10-25,2011-10-25,0,Europe,285.0,2.3
16709,United Kingdom,2009-12-09,85,14,9056.01,646.86,0,3261.0,220,14,2009-12-09,2011-09-16,646,Europe,232.93,2.78
16710,United Kingdom,2009-12-04,20,22,5921.35,269.15,0,4174.0,541,22,2009-12-04,2011-11-20,716,Europe,189.73,1.42
16711,United Kingdom,2009-12-02,4,9,2868.48,318.72,0,1212.0,26,9,2009-12-02,2011-12-06,734,Europe,134.67,2.37
16712,United Kingdom,2010-11-03,10,13,4232.87,325.61,0,2074.0,301,13,2010-11-03,2011-11-30,392,Europe,159.54,2.04
16713,United Kingdom,2009-12-15,19,32,14115.56,441.11,0,8482.0,541,32,2009-12-15,2011-11-21,706,Europe,265.06,1.66
16714,United Kingdom,2010-02-07,219,4,1497.33,374.33,1,828.0,95,4,2010-02-07,2011-05-05,452,Europe,207.0,1.81
16715,United Kingdom,2010-05-26,79,2,625.52,312.76,0,1174.0,27,2,2010-05-26,2011-09-22,484,Europe,587.0,0.53
16716,United Kingdom,2010-03-19,267,3,2149.68,716.56,1,912.0,7,3,2010-03-19,2011-03-18,364,Europe,304.0,2.36
16717,United Kingdom,2009-12-07,24,14,6663.68,475.98,0,3145.0,274,14,2009-12-07,2011-11-16,709,Europe,224.64,2.12
16718,United Kingdom,2009-12-06,370,5,3006.08,601.22,1,1924.0,123,5,2009-12-06,2010-12-05,364,Europe,384.8,1.56
16719,United Kingdom,2009-12-13,15,14,3513.62,250.97,0,2356.0,204,14,2009-12-13,2011-11-25,712,Europe,168.29,1.49
16720,United Kingdom,2009-12-17,27,3,758.74,252.91,0,460.0,130,3,2009-12-17,2011-11-13,696,Europe,153.33,1.65
16721,United Kingdom,2011-03-22,263,1,292.47,292.47,1,172.0,37,1,2011-03-22,2011-03-22,0,Europe,172.0,1.7
16722,United Kingdom,2009-12-03,18,22,8189.56,372.25,0,7986.0,145,22,2009-12-03,2011-11-22,719,Europe,363.0,1.03
16723,United Kingdom,2009-12-04,92,4,1231.36,307.84,0,958.0,108,4,2009-12-04,2011-09-09,644,Europe,239.5,1.29
16724,United Kingdom,2010-10-31,405,1,147.35,147.35,1,69.0,17,1,2010-10-31,2010-10-31,0,Europe,69.0,2.14
16725,United Kingdom,2009-12-13,303,14,1688.26,120.59,1,700.0,242,14,2009-12-13,2011-02-10,424,Europe,50.0,2.41
16726,United Kingdom,2010-10-24,27,7,2063.88,294.84,0,1323.0,150,7,2010-10-24,2011-11-13,385,Europe,189.0,1.56
16727,United Kingdom,2010-01-20,365,4,1377.77,344.44,1,1066.0,158,4,2010-01-20,2010-12-10,324,Europe,266.5,1.29
16728,United Kingdom,2011-03-20,47,4,1048.28,262.07,0,671.0,218,4,2011-03-20,2011-10-24,218,Europe,167.75,1.56
16729,United Kingdom,2011-04-12,39,21,7205.33,343.11,0,5722.0,234,21,2011-04-12,2011-11-01,203,Europe,272.48,1.26
16730,United Kingdom,2011-01-24,53,3,743.11,247.7,0,994.0,75,3,2011-01-24,2011-10-18,267,Europe,331.33,0.75
16731,United Kingdom,2010-03-01,649,1,170.3,170.3,1,124.0,40,1,2010-03-01,2010-03-01,0,Europe,124.0,1.37
16732,United Kingdom,2009-12-08,32,4,4387.64,1096.91,0,2414.0,199,4,2009-12-08,2011-11-08,700,Europe,603.5,1.82
16733,United Kingdom,2010-06-28,530,1,259.68,259.68,1,112.0,12,1,2010-06-28,2010-06-28,0,Europe,112.0,2.32
16734,United Kingdom,2011-08-17,53,3,646.76,215.59,0,345.0,44,3,2011-08-17,2011-10-18,62,Europe,115.0,1.87
16735,United Kingdom,2009-12-08,79,14,6217.41,444.1,0,4240.0,178,14,2009-12-08,2011-09-22,653,Europe,302.86,1.47
16736,United Kingdom,2009-12-03,506,5,2956.56,591.31,1,1050.0,116,5,2009-12-03,2010-07-22,231,Europe,210.0,2.82
16737,United Kingdom,2010-05-11,54,2,835.2,417.6,0,576.0,1,2,2010-05-11,2011-10-17,524,Europe,288.0,1.45
16738,United Kingdom,2011-02-15,298,1,3.75,3.75,1,3.0,1,1,2011-02-15,2011-02-15,0,Europe,3.0,1.25
16739,United Kingdom,2010-06-21,177,2,786.43,393.22,1,391.0,33,2,2010-06-21,2011-06-16,360,Europe,195.5,2.01
16740,United Kingdom,2010-11-09,396,1,226.91,226.91,1,110.0,30,1,2010-11-09,2010-11-09,0,Europe,110.0,2.06
16741,United Kingdom,2010-03-24,626,1,173.06,173.06,1,81.0,11,1,2010-03-24,2010-03-24,0,Europe,81.0,2.14
16742,United Kingdom,2009-12-16,47,14,2799.87,199.99,0,2558.0,51,14,2009-12-16,2011-10-24,677,Europe,182.71,1.09
16743,United Kingdom,2010-04-22,30,14,4212.15,300.87,0,3707.0,118,14,2010-04-22,2011-11-10,567,Europe,264.79,1.14
16744,United Kingdom,2011-06-19,12,7,1291.91,184.56,0,798.0,198,7,2011-06-19,2011-11-28,162,Europe,114.0,1.62
16745,United Kingdom,2011-02-01,87,17,7180.7,422.39,0,6719.0,148,17,2011-02-01,2011-09-14,225,Europe,395.24,1.07
16746,United Kingdom,2009-12-04,5,42,18046.75,429.68,0,11900.0,390,42,2009-12-04,2011-12-05,731,Europe,283.33,1.52
16747,United Kingdom,2011-10-03,38,2,836.06,418.03,0,583.0,34,2,2011-10-03,2011-11-02,30,Europe,291.5,1.43
16748,United Kingdom,2009-12-10,18,14,3637.33,259.81,0,2127.0,55,14,2009-12-10,2011-11-22,712,Europe,151.93,1.71
16749,United Kingdom,2009-12-15,592,2,4157.88,2078.94,1,1910.0,53,2,2009-12-15,2010-04-27,133,Europe,955.0,2.18
16750,United Kingdom,2011-04-21,45,5,623.93,124.79,0,214.0,74,5,2011-04-21,2011-10-26,188,Europe,42.8,2.92
16751,United Kingdom,2011-11-09,31,1,1764.72,1764.72,0,1031.0,24,1,2011-11-09,2011-11-09,0,Europe,1031.0,1.71
16752,United Kingdom,2010-12-02,373,1,207.5,207.5,1,54.0,9,1,2010-12-02,2010-12-02,0,Europe,54.0,3.84
16753,United Kingdom,2011-10-12,59,1,223.92,223.92,0,189.0,34,1,2011-10-12,2011-10-12,0,Europe,189.0,1.18
16754,United Kingdom,2010-03-08,373,29,65500.07,2258.62,1,63551.0,38,29,2010-03-08,2010-12-02,269,Europe,2191.41,1.03
16755,United Kingdom,2009-12-09,115,7,2864.68,409.24,0,1985.0,219,7,2009-12-09,2011-08-17,616,Europe,283.57,1.44
16756,United Kingdom,2010-03-09,215,7,1312.37,187.48,1,707.0,64,7,2010-03-09,2011-05-09,426,Europe,101.0,1.86
16757,United Kingdom,2010-10-26,319,2,270.48,135.24,1,180.0,13,2,2010-10-26,2011-01-25,91,Europe,90.0,1.5
16758,United Kingdom,2011-10-05,66,1,369.34,369.34,0,203.0,22,1,2011-10-05,2011-10-05,0,Europe,203.0,1.82
16759,United Kingdom,2011-11-09,8,3,789.79,263.26,0,609.0,40,3,2011-11-09,2011-12-02,23,Europe,203.0,1.3
16760,United Kingdom,2010-10-05,431,1,228.0,228.0,1,168.0,17,1,2010-10-05,2010-10-05,0,Europe,168.0,1.36
16761,United Kingdom,2011-09-04,97,1,316.62,316.62,1,341.0,13,1,2011-09-04,2011-09-04,0,Europe,341.0,0.93
16762,United Kingdom,2011-07-18,20,3,1207.24,402.41,0,480.0,51,3,2011-07-18,2011-11-20,125,Europe,160.0,2.52
16763,United Kingdom,2009-12-01,199,2,964.7,482.35,1,492.0,44,2,2009-12-01,2011-05-25,540,Europe,246.0,1.96
16764,United Kingdom,2011-07-19,4,13,2790.95,214.69,0,1253.0,209,13,2011-07-19,2011-12-06,140,Europe,96.38,2.23
16765,United Kingdom,2010-11-22,295,2,454.75,227.38,1,311.0,52,2,2010-11-22,2011-02-18,88,Europe,155.5,1.46
16766,United Kingdom,2011-03-11,274,2,1145.6,572.8,1,536.0,17,2,2011-03-11,2011-03-11,0,Europe,268.0,2.14
16767,United Kingdom,2010-04-28,31,15,8056.76,537.12,0,7102.0,209,15,2010-04-28,2011-11-09,560,Europe,473.47,1.13
16768,United Kingdom,2009-12-07,48,9,1698.57,188.73,0,774.0,108,9,2009-12-07,2011-10-23,685,Europe,86.0,2.19
16769,United Kingdom,2009-12-14,261,4,1117.05,279.26,1,295.0,76,4,2009-12-14,2011-03-24,465,Europe,73.75,3.79
16770,United Kingdom,2010-08-22,58,9,1778.93,197.66,0,1052.0,202,9,2010-08-22,2011-10-13,417,Europe,116.89,1.69
16771,United Kingdom,2009-12-09,34,10,3949.6,394.96,0,2308.0,303,10,2009-12-09,2011-11-06,697,Europe,230.8,1.71
16772,United Kingdom,2009-12-18,424,3,3698.05,1232.68,1,687.0,54,3,2009-12-18,2010-10-12,298,Europe,229.0,5.38
16773,United Kingdom,2009-12-06,58,3,421.24,140.41,0,252.0,53,3,2009-12-06,2011-10-13,676,Europe,84.0,1.67
16774,United Kingdom,2010-02-16,68,8,1567.48,195.94,0,774.0,89,8,2010-02-16,2011-10-03,594,Europe,96.75,2.03
16775,United Kingdom,2010-09-23,11,16,2820.84,176.3,0,957.0,132,16,2010-09-23,2011-11-29,432,Europe,59.81,2.95
16776,United Kingdom,2010-10-20,61,2,592.51,296.26,0,435.0,105,2,2010-10-20,2011-10-10,355,Europe,217.5,1.36
16777,United Kingdom,2010-03-17,81,5,1292.18,258.44,0,470.0,125,5,2010-03-17,2011-09-20,552,Europe,94.0,2.75
16778,United Kingdom,2011-03-10,75,2,245.94,122.97,0,194.0,16,2,2011-03-10,2011-09-26,200,Europe,97.0,1.27
16779,United Kingdom,2009-12-03,3,53,32809.03,619.04,0,19411.0,293,53,2009-12-03,2011-12-07,734,Europe,366.25,1.69
16780,United Kingdom,2010-10-28,101,3,596.4,198.8,0,352.0,73,3,2010-10-28,2011-08-31,307,Europe,117.33,1.69
16781,United Kingdom,2010-02-08,373,2,623.0,311.5,1,192.0,36,2,2010-02-08,2010-12-02,297,Europe,96.0,3.24
16782,United Kingdom,2009-12-09,11,38,9636.12,253.58,0,4027.0,575,38,2009-12-09,2011-11-29,720,Europe,105.97,2.39
16783,United Kingdom,2010-09-29,437,1,391.95,391.95,1,163.0,25,1,2010-09-29,2010-09-29,0,Europe,163.0,2.4
16784,United Kingdom,2010-03-28,20,5,892.33,178.47,0,494.0,138,5,2010-03-28,2011-11-20,602,Europe,98.8,1.81
16785,United Kingdom,2010-10-26,410,1,533.78,533.78,1,313.0,35,1,2010-10-26,2010-10-26,0,Europe,313.0,1.71
16786,United Kingdom,2010-11-11,394,1,51.84,51.84,1,72.0,1,1,2010-11-11,2010-11-11,0,Europe,72.0,0.72
16787,United Kingdom,2010-01-10,398,4,1017.53,254.38,1,472.0,102,4,2010-01-10,2010-11-07,301,Europe,118.0,2.16
16788,United Kingdom,2010-02-07,124,5,1928.93,385.79,0,965.0,348,5,2010-02-07,2011-08-08,547,Europe,193.0,2.0
16789,United Kingdom,2011-12-01,9,1,80.8,80.8,0,32.0,5,1,2011-12-01,2011-12-01,0,Europe,32.0,2.53
16790,United Kingdom,2011-11-02,4,6,1545.62,257.6,0,898.0,88,6,2011-11-02,2011-12-06,34,Europe,149.67,1.72
16791,United Kingdom,2009-12-03,30,15,3957.63,263.84,0,1854.0,393,15,2009-12-03,2011-11-10,707,Europe,123.6,2.13
16792,United Kingdom,2010-01-04,283,5,623.46,124.69,1,324.0,90,5,2010-01-04,2011-03-02,422,Europe,64.8,1.92
16793,United Kingdom,2011-10-13,58,1,243.84,243.84,0,146.0,16,1,2011-10-13,2011-10-13,0,Europe,146.0,1.67
16794,United Kingdom,2010-03-25,2,15,2052.7,136.85,0,1576.0,245,15,2010-03-25,2011-12-08,623,Europe,105.07,1.3
16795,United Kingdom,2010-01-25,366,3,2062.41,687.47,1,1214.0,306,3,2010-01-25,2010-12-09,318,Europe,404.67,1.7
16796,United Kingdom,2011-09-11,90,1,305.62,305.62,0,186.0,18,1,2011-09-11,2011-09-11,0,Europe,186.0,1.64
16797,United Kingdom,2009-12-02,394,5,1802.02,360.4,1,898.0,289,5,2009-12-02,2010-11-11,344,Europe,179.6,2.01
16798,United Kingdom,2009-12-10,555,3,841.16,280.39,1,205.0,141,3,2009-12-10,2010-06-03,175,Europe,68.33,4.1
16799,United Kingdom,2010-09-12,433,2,452.78,226.39,1,162.0,81,2,2010-09-12,2010-10-03,21,Europe,81.0,2.79
16800,United Kingdom,2011-11-28,12,1,1162.65,1162.65,0,524.0,148,1,2011-11-28,2011-11-28,0,Europe,524.0,2.22
16801,United Kingdom,2011-03-11,164,4,1594.23,398.56,0,493.0,72,4,2011-03-11,2011-06-29,110,Europe,123.25,3.23
16802,United Kingdom,2009-12-09,680,2,582.61,291.31,1,369.0,48,2,2009-12-09,2010-01-29,51,Europe,184.5,1.58
16803,United Kingdom,2011-10-05,66,1,332.3,332.3,0,245.0,24,1,2011-10-05,2011-10-05,0,Europe,245.0,1.36
16804,United Kingdom,2011-03-14,24,3,536.99,179.0,0,246.0,59,3,2011-03-14,2011-11-16,247,Europe,82.0,2.18
16805,United Kingdom,2009-12-08,174,5,1091.34,218.27,0,1120.0,213,5,2009-12-08,2011-06-19,558,Europe,224.0,0.97
16806,United Kingdom,2011-04-14,104,4,762.16,190.54,0,356.0,68,4,2011-04-14,2011-08-28,136,Europe,89.0,2.14
16807,United Kingdom,2010-03-26,143,6,2123.88,353.98,0,1433.0,107,6,2010-03-26,2011-07-20,481,Europe,238.83,1.48
16808,United Kingdom,2011-03-10,100,2,288.42,144.21,1,196.0,21,2,2011-03-10,2011-09-01,175,Europe,98.0,1.47
16809,United Kingdom,2010-04-13,24,9,1727.43,191.94,0,1093.0,113,9,2010-04-13,2011-11-16,582,Europe,121.44,1.58
16810,United Kingdom,2010-10-15,193,2,842.04,421.02,1,372.0,34,2,2010-10-15,2011-05-31,228,Europe,186.0,2.26
16811,United Kingdom,2011-11-22,5,2,547.07,273.54,0,477.0,26,2,2011-11-22,2011-12-05,13,Europe,238.5,1.15
16812,United Kingdom,2010-11-22,361,4,2392.0,598.0,1,1116.0,98,4,2010-11-22,2010-12-14,22,Europe,279.0,2.14
16813,United Kingdom,2011-05-19,9,10,1652.18,165.22,0,1501.0,248,10,2011-05-19,2011-12-01,196,Europe,150.1,1.1
16814,United Kingdom,2010-04-11,15,36,11924.85,331.25,0,4844.0,247,36,2010-04-11,2011-11-25,593,Europe,134.56,2.46
16815,United Kingdom,2010-06-21,454,2,406.02,203.01,1,237.0,66,2,2010-06-21,2010-09-12,83,Europe,118.5,1.71
16816,United Kingdom,2010-12-16,104,4,417.06,104.27,0,274.0,28,4,2010-12-16,2011-08-28,255,Europe,68.5,1.52
16817,United Kingdom,2010-10-04,3,13,2560.7,196.98,0,1401.0,107,13,2010-10-04,2011-12-07,429,Europe,107.77,1.83
16818,United Kingdom,2011-05-18,11,11,3349.57,304.51,0,2164.0,172,11,2011-05-18,2011-11-29,195,Europe,196.73,1.55
16819,United Kingdom,2010-08-31,466,2,182.59,91.3,1,253.0,17,2,2010-08-31,2010-08-31,0,Europe,126.5,0.72
16820,United Kingdom,2011-09-05,96,1,497.61,497.61,1,307.0,26,1,2011-09-05,2011-09-05,0,Europe,307.0,1.62
16821,United Kingdom,2010-11-23,382,1,113.35,113.35,1,13.0,7,1,2010-11-23,2010-11-23,0,Europe,13.0,8.72
16822,United Kingdom,2010-01-22,687,1,181.39,181.39,1,171.0,11,1,2010-01-22,2010-01-22,0,Europe,171.0,1.06
16823,United Kingdom,2009-12-02,228,7,2243.09,320.44,1,1166.0,149,7,2009-12-02,2011-04-26,510,Europe,166.57,1.92
16824,United Kingdom,2010-11-11,16,3,686.24,228.75,0,390.0,34,3,2010-11-11,2011-11-24,378,Europe,130.0,1.76
16825,United Kingdom,2010-06-23,39,5,1826.89,365.38,0,1297.0,48,5,2010-06-23,2011-11-01,496,Europe,259.4,1.41
16826,United Kingdom,2011-10-19,52,1,341.7,341.7,0,158.0,22,1,2011-10-19,2011-10-19,0,Europe,158.0,2.16
16827,United Kingdom,2010-04-29,394,5,392.13,78.43,1,125.0,10,5,2010-04-29,2010-11-11,196,Europe,25.0,3.14
16828,United Kingdom,2011-08-19,94,2,128.5,64.25,1,59.0,8,2,2011-08-19,2011-09-07,19,Europe,29.5,2.18
16829,United Kingdom,2010-11-16,157,2,513.32,256.66,1,215.0,25,2,2010-11-16,2011-07-06,232,Europe,107.5,2.39
16830,United Kingdom,2009-12-13,39,4,1207.5,301.88,0,699.0,65,4,2009-12-13,2011-11-01,688,Europe,174.75,1.73
16831,United Kingdom,2010-05-24,565,1,91.8,91.8,1,48.0,6,1,2010-05-24,2010-05-24,0,Europe,48.0,1.91
16832,United Kingdom,2010-09-07,185,5,417.61,83.52,1,179.0,19,5,2010-09-07,2011-06-08,274,Europe,35.8,2.33
16833,United Kingdom,2010-03-26,2,6,2409.04,401.51,0,878.0,87,6,2010-03-26,2011-12-08,622,Europe,146.33,2.74
16834,United Kingdom,2010-02-03,228,2,898.96,449.48,1,760.0,43,2,2010-02-03,2011-04-26,447,Europe,380.0,1.18
16835,United Kingdom,2010-05-19,129,6,1456.66,242.78,0,496.0,58,6,2010-05-19,2011-08-03,441,Europe,82.67,2.94
16836,United Kingdom,2010-05-14,40,4,782.37,195.59,0,539.0,42,4,2010-05-14,2011-10-31,535,Europe,134.75,1.45
16837,United Kingdom,2011-04-08,32,11,3170.98,288.27,0,1563.0,123,11,2011-04-08,2011-11-08,214,Europe,142.09,2.03
16838,United Kingdom,2010-02-14,198,4,1159.61,289.9,1,509.0,53,4,2010-02-14,2011-05-26,466,Europe,127.25,2.28
16839,United Kingdom,2010-02-11,9,44,21758.25,494.51,0,11295.0,132,44,2010-02-11,2011-12-01,658,Europe,256.7,1.93
16840,United Kingdom,2010-02-03,604,2,139.85,69.93,1,117.0,9,2,2010-02-03,2010-04-15,71,Europe,58.5,1.2
16841,United Kingdom,2010-01-12,37,12,4006.06,333.84,0,3478.0,187,12,2010-01-12,2011-11-03,660,Europe,289.83,1.15
16842,United Kingdom,2011-02-10,101,3,1264.19,421.4,0,693.0,45,3,2011-02-10,2011-08-31,202,Europe,231.0,1.82
16843,United Kingdom,2009-12-10,43,35,19571.43,559.18,0,18502.0,317,35,2009-12-10,2011-10-28,687,Europe,528.63,1.06
16844,United Kingdom,2010-05-06,563,2,614.34,307.17,1,281.0,26,2,2010-05-06,2010-05-26,20,Europe,140.5,2.19
16845,United Kingdom,2010-03-31,619,1,253.88,253.88,1,167.0,20,1,2010-03-31,2010-03-31,0,Europe,167.0,1.52
16846,United Kingdom,2010-03-10,51,3,842.41,280.8,0,517.0,47,3,2010-03-10,2011-10-20,589,Europe,172.33,1.63
16847,United Kingdom,2010-03-31,44,2,614.89,307.45,0,255.0,37,2,2010-03-31,2011-10-27,575,Europe,127.5,2.41
16848,United Kingdom,2010-10-03,53,4,1411.62,352.91,0,780.0,75,4,2010-10-03,2011-10-18,380,Europe,195.0,1.81
16849,United Kingdom,2011-06-06,187,1,124.57,124.57,1,33.0,8,1,2011-06-06,2011-06-06,0,Europe,33.0,3.77
16850,United Kingdom,2011-01-10,334,1,332.41,332.41,1,249.0,19,1,2011-01-10,2011-01-10,0,Europe,249.0,1.33
16851,United Kingdom,2011-10-19,5,3,342.45,114.15,0,271.0,17,3,2011-10-19,2011-12-05,47,Europe,90.33,1.26
16852,United Kingdom,2011-06-16,11,2,144.91,72.46,0,56.0,9,2,2011-06-16,2011-11-29,166,Europe,28.0,2.59
16854,United Kingdom,2010-03-09,418,2,1408.96,704.48,1,997.0,72,2,2010-03-09,2010-10-18,223,Europe,498.5,1.41
16855,United Kingdom,2011-10-27,24,2,328.4,164.2,0,164.0,19,2,2011-10-27,2011-11-16,20,Europe,82.0,2.0
16856,United Kingdom,2010-09-23,15,3,358.49,119.5,0,171.0,16,3,2010-09-23,2011-11-25,428,Europe,57.0,2.1
16857,United Kingdom,2010-09-23,443,1,352.8,352.8,1,168.0,11,1,2010-09-23,2010-09-23,0,Europe,168.0,2.1
16858,United Kingdom,2009-12-15,369,10,4292.59,429.26,1,1423.0,75,10,2009-12-15,2010-12-06,356,Europe,142.3,3.02
16859,United Kingdom,2010-03-04,145,7,1932.41,276.06,0,1899.0,87,7,2010-03-04,2011-07-18,501,Europe,271.29,1.02
16860,United Kingdom,2010-02-15,453,3,1610.62,536.87,1,625.0,35,3,2010-02-15,2010-09-13,210,Europe,208.33,2.58
16861,United Kingdom,2010-07-19,60,5,946.59,189.32,0,616.0,39,5,2010-07-19,2011-10-11,449,Europe,123.2,1.54
16862,United Kingdom,2010-01-07,548,4,662.33,165.58,1,513.0,34,4,2010-01-07,2010-06-10,154,Europe,128.25,1.29
16863,United Kingdom,2010-10-26,32,3,834.27,278.09,0,640.0,43,3,2010-10-26,2011-11-08,378,Europe,213.33,1.3
16864,United Kingdom,2010-04-20,435,2,409.25,204.63,1,283.0,17,2,2010-04-20,2010-10-01,164,Europe,141.5,1.45
16865,United Kingdom,2010-11-03,402,1,130.95,130.95,1,157.0,15,1,2010-11-03,2010-11-03,0,Europe,157.0,0.83
16866,United Kingdom,2011-07-01,141,3,207.74,69.25,0,60.0,10,3,2011-07-01,2011-07-22,21,Europe,20.0,3.46
16867,United Kingdom,2010-01-19,690,1,76.74,76.74,1,58.0,6,1,2010-01-19,2010-01-19,0,Europe,58.0,1.32
16868,United Kingdom,2010-04-25,395,3,384.56,128.19,1,112.0,47,3,2010-04-25,2010-11-10,199,Europe,37.33,3.43
16869,United Kingdom,2011-06-17,23,4,817.12,204.28,0,583.0,113,4,2011-06-17,2011-11-17,153,Europe,145.75,1.4
16870,United Kingdom,2010-08-27,470,1,450.16,450.16,1,278.0,28,1,2010-08-27,2010-08-27,0,Europe,278.0,1.62
16871,United Kingdom,2011-03-14,23,6,2812.34,468.72,0,1253.0,131,6,2011-03-14,2011-11-17,248,Europe,208.83,2.24
16872,United Kingdom,2010-09-02,78,6,1213.13,202.19,0,1079.0,12,6,2010-09-02,2011-09-23,386,Europe,179.83,1.12
16873,United Kingdom,2010-02-09,5,12,14617.39,1218.12,0,8601.0,252,12,2010-02-09,2011-12-05,664,Europe,716.75,1.7
16874,United Kingdom,2010-11-25,380,1,209.89,209.89,1,78.0,31,1,2010-11-25,2010-11-25,0,Europe,78.0,2.69
16875,United Kingdom,2010-01-05,68,11,4234.53,384.96,0,2099.0,161,11,2010-01-05,2011-10-03,636,Europe,190.82,2.02
16876,United Kingdom,2010-11-01,404,1,136.01,136.01,1,181.0,32,1,2010-11-01,2010-11-01,0,Europe,181.0,0.75
16877,United Kingdom,2011-05-15,13,6,846.62,141.1,0,458.0,111,6,2011-05-15,2011-11-27,196,Europe,76.33,1.85
16878,United Kingdom,2011-09-16,85,1,13.3,13.3,1,12.0,3,1,2011-09-16,2011-09-16,0,Europe,12.0,1.11
16880,United Kingdom,2010-08-03,31,8,1813.21,226.65,0,904.0,130,8,2010-08-03,2011-11-09,463,Europe,113.0,2.01
16881,United Kingdom,2011-10-04,67,1,432.0,432.0,0,600.0,1,1,2011-10-04,2011-10-04,0,Europe,600.0,0.72
16882,United Kingdom,2011-01-26,67,3,705.12,235.04,0,424.0,39,3,2011-01-26,2011-10-04,251,Europe,141.33,1.66
16883,United Kingdom,2009-12-04,188,19,2246.06,118.21,1,1016.0,159,19,2009-12-04,2011-06-05,548,Europe,53.47,2.21
16884,United Kingdom,2010-05-18,38,4,1070.97,267.74,0,520.0,64,4,2010-05-18,2011-11-02,533,Europe,130.0,2.06
16885,United Kingdom,2010-11-19,16,4,684.6,171.15,0,358.0,121,4,2010-11-19,2011-11-24,370,Europe,89.5,1.91
16886,United Kingdom,2010-09-09,457,1,134.0,134.0,1,48.0,8,1,2010-09-09,2010-09-09,0,Europe,48.0,2.79
16887,United Kingdom,2009-12-01,36,3,658.17,219.39,0,423.0,94,3,2009-12-01,2011-11-04,703,Europe,141.0,1.56
16888,United Kingdom,2010-01-07,401,3,434.2,144.73,1,145.0,44,3,2010-01-07,2010-11-04,301,Europe,48.33,2.99
16889,United Kingdom,2010-05-23,195,6,2526.65,421.11,1,1611.0,163,6,2010-05-23,2011-05-29,371,Europe,268.5,1.57
16890,United Kingdom,2010-05-06,477,3,285.41,95.14,1,243.0,17,3,2010-05-06,2010-08-20,106,Europe,81.0,1.17
16891,United Kingdom,2009-12-04,2,11,1727.94,157.09,0,652.0,335,11,2009-12-04,2011-12-08,734,Europe,59.27,2.65
16892,United Kingdom,2009-12-08,2,7,754.75,107.82,0,367.0,119,7,2009-12-08,2011-12-08,730,Europe,52.43,2.06
16893,United Kingdom,2010-11-28,367,2,249.89,124.95,1,117.0,80,2,2010-11-28,2010-12-08,10,Europe,58.5,2.14
16894,United Kingdom,2010-06-22,503,3,1306.96,435.65,1,503.0,186,3,2010-06-22,2010-07-25,33,Europe,167.67,2.6
16895,United Kingdom,2010-02-12,65,5,1102.9,220.58,0,421.0,135,5,2010-02-12,2011-10-06,601,Europe,84.2,2.62
16896,United Kingdom,2010-06-02,556,1,103.95,103.95,1,18.0,18,1,2010-06-02,2010-06-02,0,Europe,18.0,5.78
16897,United Kingdom,2011-01-30,300,2,289.78,144.89,1,73.0,37,2,2011-01-30,2011-02-13,14,Europe,36.5,3.97
16898,United Kingdom,2010-05-12,27,5,885.21,177.04,0,695.0,223,5,2010-05-12,2011-11-13,550,Europe,139.0,1.27
16899,United Kingdom,2010-11-07,8,8,1695.77,211.97,0,811.0,101,8,2010-11-07,2011-12-02,390,Europe,101.38,2.09
16900,United Kingdom,2011-10-07,17,3,887.11,295.7,0,833.0,78,3,2011-10-07,2011-11-23,47,Europe,277.67,1.06
16901,United Kingdom,2009-12-10,730,1,204.26,204.26,1,42.0,23,1,2009-12-10,2009-12-10,0,Europe,42.0,4.86
16902,United Kingdom,2011-08-15,117,1,1706.88,1706.88,1,629.0,43,1,2011-08-15,2011-08-15,0,Europe,629.0,2.71
16903,United Kingdom,2010-10-20,30,3,1041.75,347.25,0,717.0,148,3,2010-10-20,2011-11-10,386,Europe,239.0,1.45
16904,United Kingdom,2010-10-24,5,21,4675.36,222.64,0,2607.0,484,21,2010-10-24,2011-12-05,407,Europe,124.14,1.79
16905,United Kingdom,2009-12-10,6,17,4706.77,276.87,0,1913.0,171,17,2009-12-10,2011-12-04,724,Europe,112.53,2.46
16906,United Kingdom,2010-05-13,82,7,1410.92,201.56,0,590.0,180,7,2010-05-13,2011-09-19,494,Europe,84.29,2.39
16907,United Kingdom,2010-07-01,30,9,1470.89,163.43,0,451.0,109,9,2010-07-01,2011-11-10,497,Europe,50.11,3.26
16908,United Kingdom,2009-12-17,723,1,252.59,252.59,1,61.0,20,1,2009-12-17,2009-12-17,0,Europe,61.0,4.14
16909,United Kingdom,2011-09-28,73,1,379.14,379.14,0,436.0,18,1,2011-09-28,2011-09-28,0,Europe,436.0,0.87
16910,United Kingdom,2011-09-09,5,8,1508.96,188.62,0,884.0,318,8,2011-09-09,2011-12-05,87,Europe,110.5,1.71
16911,United Kingdom,2010-02-16,636,2,255.25,127.63,1,161.0,30,2,2010-02-16,2010-03-14,26,Europe,80.5,1.59
16912,United Kingdom,2009-12-09,29,15,4460.51,297.37,0,1689.0,130,15,2009-12-09,2011-11-11,702,Europe,112.6,2.64
16913,United Kingdom,2010-02-26,291,3,423.91,141.3,1,229.0,18,3,2010-02-26,2011-02-22,361,Europe,76.33,1.85
16914,United Kingdom,2011-11-03,37,1,183.76,183.76,0,112.0,25,1,2011-11-03,2011-11-03,0,Europe,112.0,1.64
16915,United Kingdom,2010-05-19,10,11,1543.18,140.29,0,190.0,54,11,2010-05-19,2011-11-30,560,Europe,17.27,8.12
16916,United Kingdom,2010-10-20,24,4,902.02,225.51,0,649.0,180,4,2010-10-20,2011-11-16,392,Europe,162.25,1.39
16917,United Kingdom,2010-03-17,277,2,1851.88,925.94,1,792.0,45,2,2010-03-17,2011-03-08,356,Europe,396.0,2.34
16918,United Kingdom,2009-12-03,50,16,3206.54,200.41,0,2066.0,280,16,2009-12-03,2011-10-21,687,Europe,129.13,1.55
16919,United Kingdom,2010-08-19,157,24,4909.66,204.57,0,2333.0,230,24,2010-08-19,2011-07-06,321,Europe,97.21,2.1
16920,United Kingdom,2010-10-24,412,1,355.45,355.45,1,81.0,23,1,2010-10-24,2010-10-24,0,Europe,81.0,4.39
16921,United Kingdom,2010-04-18,62,3,409.21,136.4,0,275.0,78,3,2010-04-18,2011-10-09,539,Europe,91.67,1.49
16922,United Kingdom,2010-05-16,573,1,611.08,611.08,1,281.0,122,1,2010-05-16,2010-05-16,0,Europe,281.0,2.17
16923,United Kingdom,2010-01-31,13,32,13157.13,411.16,0,6190.0,431,32,2010-01-31,2011-11-27,665,Europe,193.44,2.13
16924,United Kingdom,2011-09-16,22,3,829.89,276.63,0,467.0,69,3,2011-09-16,2011-11-18,63,Europe,155.67,1.78
16925,United Kingdom,2010-06-17,541,1,125.65,125.65,1,123.0,18,1,2010-06-17,2010-06-17,0,Europe,123.0,1.02
16926,United Kingdom,2010-07-01,372,5,1169.61,233.92,1,197.0,63,5,2010-07-01,2010-12-03,155,Europe,39.4,5.94
16927,United Kingdom,2010-12-13,116,3,543.05,181.02,0,993.0,5,3,2010-12-13,2011-08-16,246,Europe,331.0,0.55
16928,United Kingdom,2010-02-03,81,29,3897.53,134.4,0,2587.0,135,29,2010-02-03,2011-09-20,594,Europe,89.21,1.51
16929,United Kingdom,2011-07-07,4,7,1295.39,185.06,0,929.0,51,7,2011-07-07,2011-12-06,152,Europe,132.71,1.39
16930,United Kingdom,2011-10-02,27,3,378.89,126.3,0,339.0,47,3,2011-10-02,2011-11-13,42,Europe,113.0,1.12
16931,United Kingdom,2010-11-07,6,23,5032.22,218.79,0,3357.0,466,23,2010-11-07,2011-12-04,392,Europe,145.96,1.5
16932,United Kingdom,2010-05-17,54,3,412.55,137.52,0,217.0,116,3,2010-05-17,2011-10-17,518,Europe,72.33,1.9
16933,United Kingdom,2009-12-09,2,9,3099.3,344.37,0,1533.0,213,9,2009-12-09,2011-12-08,729,Europe,170.33,2.02
16934,United Kingdom,2010-03-28,55,6,2083.14,347.19,0,936.0,128,6,2010-03-28,2011-10-16,567,Europe,156.0,2.23
16935,United Kingdom,2010-10-14,382,3,530.86,176.95,1,273.0,55,3,2010-10-14,2010-11-23,40,Europe,91.0,1.94
16936,United Kingdom,2010-11-19,26,2,548.29,274.15,0,339.0,122,2,2010-11-19,2011-11-14,360,Europe,169.5,1.62
16937,United Kingdom,2010-07-28,500,1,196.25,196.25,1,123.0,49,1,2010-07-28,2010-07-28,0,Europe,123.0,1.6
16938,United Kingdom,2010-02-17,9,9,6995.36,777.26,0,5041.0,547,9,2010-02-17,2011-12-01,652,Europe,560.11,1.39
16939,United Kingdom,2010-02-28,489,3,433.85,144.62,1,229.0,38,3,2010-02-28,2010-08-08,161,Europe,76.33,1.89
16940,United Kingdom,2009-12-08,53,8,6427.66,803.46,0,4503.0,360,8,2009-12-08,2011-10-18,679,Europe,562.88,1.43
16941,United Kingdom,2010-04-07,612,1,33.0,33.0,1,12.0,2,1,2010-04-07,2010-04-07,0,Europe,12.0,2.75
16942,United Kingdom,2011-04-26,13,9,1904.99,211.67,0,805.0,159,9,2011-04-26,2011-11-27,215,Europe,89.44,2.37
16943,United Kingdom,2010-03-25,212,5,1299.49,259.9,1,147.0,24,5,2010-03-25,2011-05-12,413,Europe,29.4,8.84
16944,United Kingdom,2010-04-09,610,1,101.36,101.36,1,27.0,7,1,2010-04-09,2010-04-09,0,Europe,27.0,3.75
16945,United Kingdom,2009-12-09,22,33,8548.16,259.04,0,5889.0,231,33,2009-12-09,2011-11-18,709,Europe,178.45,1.45
16946,United Kingdom,2010-03-02,384,5,1222.04,244.41,1,509.0,69,5,2010-03-02,2010-11-21,264,Europe,101.8,2.4
16947,United Kingdom,2010-03-03,236,5,955.21,191.04,1,655.0,50,5,2010-03-03,2011-04-18,411,Europe,131.0,1.46
16948,United Kingdom,2010-02-21,139,7,868.77,124.11,0,2091.0,20,7,2010-02-21,2011-07-24,518,Europe,298.71,0.42
16949,United Kingdom,2011-01-27,4,6,1286.27,214.38,0,791.0,57,6,2011-01-27,2011-12-06,313,Europe,131.83,1.63
16950,United Kingdom,2010-01-24,57,10,3541.77,354.18,0,2432.0,111,10,2010-01-24,2011-10-14,628,Europe,243.2,1.46
16951,United Kingdom,2011-02-08,135,3,1277.75,425.92,0,1318.0,73,3,2011-02-08,2011-07-28,170,Europe,439.33,0.97
16952,United Kingdom,2009-12-11,110,5,795.83,159.17,0,343.0,76,5,2009-12-11,2011-08-22,619,Europe,68.6,2.32
16953,United Kingdom,2011-11-09,31,1,20.8,20.8,0,10.0,1,1,2011-11-09,2011-11-09,0,Europe,10.0,2.08
16954,United Kingdom,2010-01-18,1,20,6081.88,304.09,0,4086.0,83,20,2010-01-18,2011-12-09,690,Europe,204.3,1.49
16955,United Kingdom,2010-01-31,185,6,1120.31,186.72,1,723.0,33,6,2010-01-31,2011-06-08,493,Europe,120.5,1.55
16956,United Kingdom,2011-11-22,18,1,308.74,308.74,0,114.0,16,1,2011-11-22,2011-11-22,0,Europe,114.0,2.71
16957,United Kingdom,2011-03-03,240,2,416.64,208.32,1,172.0,15,2,2011-03-03,2011-04-14,42,Europe,86.0,2.42
16958,United Kingdom,2010-09-30,436,1,778.49,778.49,1,514.0,69,1,2010-09-30,2010-09-30,0,Europe,514.0,1.51
16959,United Kingdom,2011-09-13,88,1,117.35,117.35,0,49.0,7,1,2011-09-13,2011-09-13,0,Europe,49.0,2.39
16960,United Kingdom,2010-03-02,39,8,1990.88,248.86,0,1492.0,334,8,2010-03-02,2011-11-01,609,Europe,186.5,1.33
16961,United Kingdom,2010-06-25,117,3,794.56,264.85,0,482.0,52,3,2010-06-25,2011-08-15,416,Europe,160.67,1.65
16962,United Kingdom,2010-10-26,410,1,251.04,251.04,1,158.0,15,1,2010-10-26,2010-10-26,0,Europe,158.0,1.59
16963,United Kingdom,2011-06-05,188,1,110.55,110.55,1,35.0,7,1,2011-06-05,2011-06-05,0,Europe,35.0,3.16
16964,United Kingdom,2009-12-06,734,2,207.85,103.93,1,49.0,6,2,2009-12-06,2009-12-06,0,Europe,24.5,4.24
16965,United Kingdom,2011-04-27,227,1,201.19,201.19,1,291.0,26,1,2011-04-27,2011-04-27,0,Europe,291.0,0.69
16966,United Kingdom,2011-04-13,9,7,2154.97,307.85,0,1981.0,8,7,2011-04-13,2011-12-01,232,Europe,283.0,1.09
16967,United Kingdom,2011-06-03,190,1,319.02,319.02,1,333.0,21,1,2011-06-03,2011-06-03,0,Europe,333.0,0.96
16968,United Kingdom,2011-08-24,5,2,439.43,219.72,0,326.0,31,2,2011-08-24,2011-12-05,103,Europe,163.0,1.35
16969,United Kingdom,2011-06-01,40,3,650.41,216.8,0,816.0,42,3,2011-06-01,2011-10-31,152,Europe,272.0,0.8
16970,United Kingdom,2010-03-23,627,1,71.4,71.4,1,12.0,2,1,2010-03-23,2010-03-23,0,Europe,12.0,5.95
16971,United Kingdom,2011-11-01,39,1,357.21,357.21,0,72.0,40,1,2011-11-01,2011-11-01,0,Europe,72.0,4.96
16972,United Kingdom,2010-09-09,383,2,749.0,374.5,1,183.0,54,2,2010-09-09,2010-11-22,74,Europe,91.5,4.09
16973,United Kingdom,2010-11-18,387,1,127.0,127.0,1,60.0,6,1,2010-11-18,2010-11-18,0,Europe,60.0,2.12
16974,United Kingdom,2010-05-24,523,2,365.5,182.75,1,70.0,5,2,2010-05-24,2010-07-05,42,Europe,35.0,5.22
16975,United Kingdom,2010-07-22,424,3,926.12,308.71,1,586.0,44,3,2010-07-22,2010-10-12,82,Europe,195.33,1.58
16976,United Kingdom,2011-03-17,268,1,251.52,251.52,1,88.0,2,1,2011-03-17,2011-03-17,0,Europe,88.0,2.86
16977,United Kingdom,2010-03-18,396,4,496.0,124.0,1,142.0,25,4,2010-03-18,2010-11-09,236,Europe,35.5,3.49
16978,United Kingdom,2010-02-11,78,3,768.88,256.29,0,285.0,65,3,2010-02-11,2011-09-23,589,Europe,95.0,2.7
16979,United Kingdom,2010-09-15,4,9,2859.74,317.75,0,1451.0,82,9,2010-09-15,2011-12-06,447,Europe,161.22,1.97
16980,United Kingdom,2010-10-07,256,3,1422.83,474.28,1,990.0,91,3,2010-10-07,2011-03-29,173,Europe,330.0,1.44
16982,United Kingdom,2011-10-10,61,1,384.06,384.06,0,182.0,22,1,2011-10-10,2011-10-10,0,Europe,182.0,2.11
16983,United Kingdom,2010-09-19,13,11,3490.53,317.32,0,2315.0,151,11,2010-09-19,2011-11-27,434,Europe,210.45,1.51
16984,United Kingdom,2010-03-07,89,9,10350.53,1150.06,0,5127.0,669,9,2010-03-07,2011-09-12,554,Europe,569.67,2.02
16985,United Kingdom,2009-12-10,18,23,10923.16,474.92,0,3103.0,130,23,2009-12-10,2011-11-22,712,Europe,134.91,3.52
16986,United Kingdom,2010-02-04,30,11,4888.75,444.43,0,2539.0,65,11,2010-02-04,2011-11-10,644,Europe,230.82,1.93
16987,United Kingdom,2009-12-02,4,11,2521.4,229.22,0,671.0,155,11,2009-12-02,2011-12-06,734,Europe,61.0,3.76
16988,United Kingdom,2010-11-25,6,2,382.67,191.34,0,158.0,20,2,2010-11-25,2011-12-04,374,Europe,79.0,2.42
16989,United Kingdom,2011-07-12,8,6,1133.25,188.88,0,1233.0,7,6,2011-07-12,2011-12-02,143,Europe,205.5,0.92
16990,United Kingdom,2010-10-13,219,2,344.0,172.0,1,200.0,1,2,2010-10-13,2011-05-05,204,Europe,100.0,1.72
16991,United Kingdom,2010-10-14,422,1,1041.21,1041.21,1,793.0,74,1,2010-10-14,2010-10-14,0,Europe,793.0,1.31
16992,United Kingdom,2010-02-11,11,13,5476.5,421.27,0,2061.0,212,13,2010-02-11,2011-11-29,656,Europe,158.54,2.66
16993,United Kingdom,2010-05-12,464,2,1950.95,975.48,1,285.0,19,2,2010-05-12,2010-09-02,113,Europe,142.5,6.85
16996,United Kingdom,2010-10-18,31,9,2123.61,235.96,0,919.0,32,9,2010-10-18,2011-11-09,387,Europe,102.11,2.31
16997,United Kingdom,2011-01-18,289,3,702.0,234.0,1,360.0,7,3,2011-01-18,2011-02-24,37,Europe,120.0,1.95
16998,United Kingdom,2010-09-21,150,5,402.0,80.4,0,104.0,2,5,2010-09-21,2011-07-13,295,Europe,20.8,3.87
16999,United Kingdom,2011-09-26,24,2,484.82,242.41,0,294.0,21,2,2011-09-26,2011-11-16,51,Europe,147.0,1.65
17000,United Kingdom,2010-10-27,397,2,406.3,203.15,1,305.0,26,2,2010-10-27,2010-11-08,12,Europe,152.5,1.33
17001,United Kingdom,2010-03-25,1,19,6640.8,349.52,0,3782.0,108,19,2010-03-25,2011-12-09,624,Europe,199.05,1.76
17002,United Kingdom,2010-03-08,86,7,2571.55,367.36,0,1265.0,64,7,2010-03-08,2011-09-15,556,Europe,180.71,2.03
17003,United Kingdom,2010-05-10,403,4,828.21,207.05,1,494.0,90,4,2010-05-10,2010-11-02,176,Europe,123.5,1.68
17004,United Kingdom,2010-10-11,47,4,2324.36,581.09,0,1233.0,48,4,2010-10-11,2011-10-24,378,Europe,308.25,1.89
17005,United Kingdom,2010-04-30,471,2,622.36,311.18,1,691.0,14,2,2010-04-30,2010-08-26,118,Europe,345.5,0.9
17006,United Kingdom,2010-03-05,5,8,1635.27,204.41,0,572.0,103,8,2010-03-05,2011-12-05,640,Europe,71.5,2.86
17007,United Kingdom,2010-09-28,51,7,1120.1,160.01,0,717.0,63,7,2010-09-28,2011-10-20,387,Europe,102.43,1.56
17008,United Kingdom,2010-10-06,430,1,81.36,81.36,1,24.0,1,1,2010-10-06,2010-10-06,0,Europe,24.0,3.39
17009,United Kingdom,2010-06-06,552,1,242.06,242.06,1,336.0,10,1,2010-06-06,2010-06-06,0,Europe,336.0,0.72
17010,United Kingdom,2011-11-21,19,1,195.36,195.36,0,118.0,11,1,2011-11-21,2011-11-21,0,Europe,118.0,1.66
17011,United Kingdom,2010-02-26,31,3,671.7,223.9,0,792.0,27,3,2010-02-26,2011-11-09,621,Europe,264.0,0.85
17012,United Kingdom,2009-12-14,726,1,360.61,360.61,1,251.0,34,1,2009-12-14,2009-12-14,0,Europe,251.0,1.44
17014,United Kingdom,2011-10-04,9,3,583.43,194.48,0,243.0,63,3,2011-10-04,2011-12-01,58,Europe,81.0,2.4
17015,United Kingdom,2011-06-07,29,3,1838.61,612.87,0,1978.0,182,3,2011-06-07,2011-11-11,157,Europe,659.33,0.93
17016,United Kingdom,2010-05-12,577,1,552.4,552.4,1,309.0,41,1,2010-05-12,2010-05-12,0,Europe,309.0,1.79
17017,United Kingdom,2009-12-03,3,29,12576.99,433.69,0,9397.0,120,29,2009-12-03,2011-12-07,734,Europe,324.03,1.34
17018,United Kingdom,2009-12-05,41,6,2287.7,381.28,0,456.0,26,6,2009-12-05,2011-10-30,694,Europe,76.0,5.02
17019,United Kingdom,2009-12-02,12,11,3602.29,327.48,0,2396.0,344,11,2009-12-02,2011-11-28,726,Europe,217.82,1.5
17020,United Kingdom,2010-03-03,543,2,935.62,467.81,1,860.0,64,2,2010-03-03,2010-06-15,104,Europe,430.0,1.09
17021,United Kingdom,2010-04-29,443,6,1182.22,197.04,1,992.0,35,6,2010-04-29,2010-09-23,147,Europe,165.33,1.19
17022,United Kingdom,2010-10-03,32,2,260.0,130.0,0,180.0,16,2,2010-10-03,2011-11-08,401,Europe,90.0,1.44
17023,United Kingdom,2010-01-11,418,3,800.18,266.73,1,530.0,48,3,2010-01-11,2010-10-18,280,Europe,176.67,1.51
17024,United Kingdom,2011-07-05,46,3,95.85,31.95,0,69.0,2,3,2011-07-05,2011-10-25,112,Europe,23.0,1.39
17025,United Kingdom,2010-03-08,61,5,1349.67,269.93,0,885.0,31,5,2010-03-08,2011-10-10,581,Europe,177.0,1.53
17026,United Kingdom,2010-10-18,186,3,175.83,58.61,1,107.0,4,3,2010-10-18,2011-06-07,232,Europe,35.67,1.64
17027,United Kingdom,2009-12-10,79,9,1310.63,145.63,0,645.0,126,9,2009-12-10,2011-09-22,651,Europe,71.67,2.03
17028,United Kingdom,2009-12-18,582,3,1593.83,531.28,1,856.0,85,3,2009-12-18,2010-05-07,140,Europe,285.33,1.86
17029,United Kingdom,2010-02-14,111,7,2137.3,305.33,0,1265.0,19,7,2010-02-14,2011-08-21,553,Europe,180.71,1.69
17030,United Kingdom,2011-10-07,64,1,146.87,146.87,0,146.0,11,1,2011-10-07,2011-10-07,0,Europe,146.0,1.01
17031,United Kingdom,2010-05-07,12,6,2773.85,462.31,0,1595.0,34,6,2010-05-07,2011-11-28,570,Europe,265.83,1.74
17032,United Kingdom,2009-12-10,548,8,2984.32,373.04,1,1667.0,183,8,2009-12-10,2010-06-10,182,Europe,208.38,1.79
17033,United Kingdom,2010-11-07,87,4,1332.79,333.2,0,871.0,33,4,2010-11-07,2011-09-14,311,Europe,217.75,1.53
17034,United Kingdom,2010-07-14,17,5,1276.42,255.28,0,694.0,49,5,2010-07-14,2011-11-23,497,Europe,138.8,1.84
17035,United Kingdom,2009-12-03,246,4,613.59,153.4,1,327.0,29,4,2009-12-03,2011-04-08,491,Europe,81.75,1.88
17036,United Kingdom,2010-11-21,384,1,176.9,176.9,1,76.0,12,1,2010-11-21,2010-11-21,0,Europe,76.0,2.33
17037,United Kingdom,2011-09-13,88,1,1267.32,1267.32,0,656.0,75,1,2011-09-13,2011-09-13,0,Europe,656.0,1.93
17038,United Kingdom,2010-10-20,31,2,743.17,371.59,0,535.0,61,2,2010-10-20,2011-11-09,385,Europe,267.5,1.39
17039,United Kingdom,2010-04-14,605,1,1954.99,1954.99,1,689.0,44,1,2010-04-14,2010-04-14,0,Europe,689.0,2.84
17040,United Kingdom,2010-06-07,138,2,463.25,231.63,1,189.0,15,2,2010-06-07,2011-07-25,413,Europe,94.5,2.45
17041,United Kingdom,2010-04-18,27,6,1655.2,275.87,0,1303.0,93,6,2010-04-18,2011-11-13,574,Europe,217.17,1.27
17042,United Kingdom,2011-04-06,3,5,1036.58,207.32,0,990.0,74,5,2011-04-06,2011-12-07,245,Europe,198.0,1.05
17043,United Kingdom,2009-12-09,33,8,2593.65,324.21,0,1616.0,175,8,2009-12-09,2011-11-07,698,Europe,202.0,1.6
17044,United Kingdom,2009-12-07,26,12,11962.3,996.86,0,5722.0,92,12,2009-12-07,2011-11-14,707,Europe,476.83,2.09
17045,United Kingdom,2010-10-06,114,5,827.68,165.54,0,294.0,44,5,2010-10-06,2011-08-18,316,Europe,58.8,2.82
17046,United Kingdom,2010-03-29,158,5,1906.07,381.21,0,1636.0,76,5,2010-03-29,2011-07-05,463,Europe,327.2,1.17
17047,United Kingdom,2009-12-08,86,6,2289.23,381.54,0,1184.0,114,6,2009-12-08,2011-09-15,646,Europe,197.33,1.93
17048,United Kingdom,2010-01-18,118,7,2071.68,295.95,0,1068.0,88,7,2010-01-18,2011-08-14,573,Europe,152.57,1.94
17049,United Kingdom,2010-03-04,3,19,9942.53,523.29,0,4273.0,316,19,2010-03-04,2011-12-07,643,Europe,224.89,2.33
17050,United Kingdom,2010-01-26,97,11,4648.59,422.6,0,2432.0,193,11,2010-01-26,2011-09-04,586,Europe,221.09,1.91
17051,United Kingdom,2010-03-21,195,4,706.49,176.62,1,507.0,107,4,2010-03-21,2011-05-29,434,Europe,126.75,1.39
17052,United Kingdom,2011-11-11,29,1,399.09,399.09,0,251.0,72,1,2011-11-11,2011-11-11,0,Europe,251.0,1.59
17053,United Kingdom,2011-08-01,131,1,498.48,498.48,1,122.0,13,1,2011-08-01,2011-08-01,0,Europe,122.0,4.09
17054,United Kingdom,2011-04-08,29,5,1356.33,271.27,0,804.0,64,5,2011-04-08,2011-11-11,217,Europe,160.8,1.69
17055,United Kingdom,2010-09-20,446,1,232.85,232.85,1,83.0,24,1,2010-09-20,2010-09-20,0,Europe,83.0,2.81
17056,United Kingdom,2009-12-01,739,1,128.6,128.6,1,26.0,8,1,2009-12-01,2009-12-01,0,Europe,26.0,4.95
17057,United Kingdom,2010-04-22,597,1,294.74,294.74,1,129.0,48,1,2010-04-22,2010-04-22,0,Europe,129.0,2.28
17058,United Kingdom,2011-04-14,82,3,1179.89,393.3,0,592.0,51,3,2011-04-14,2011-09-19,158,Europe,197.33,1.99
17059,United Kingdom,2010-01-26,30,9,4864.57,540.51,0,3107.0,349,9,2010-01-26,2011-11-10,653,Europe,345.22,1.57
17060,United Kingdom,2011-03-18,267,1,234.24,234.24,1,216.0,5,1,2011-03-18,2011-03-18,0,Europe,216.0,1.08
17061,United Kingdom,2011-04-21,74,11,5232.23,475.66,0,1526.0,57,11,2011-04-21,2011-09-27,159,Europe,138.73,3.43
17062,United Kingdom,2010-09-26,314,6,889.75,148.29,1,644.0,82,6,2010-09-26,2011-01-30,126,Europe,107.33,1.38
17063,United Kingdom,2009-12-01,22,13,3638.53,279.89,0,1899.0,150,13,2009-12-01,2011-11-18,717,Europe,146.08,1.92
17064,United Kingdom,2011-01-16,59,3,855.45,285.15,0,316.0,53,3,2011-01-16,2011-10-12,269,Europe,105.33,2.71
17065,United Kingdom,2010-03-12,638,2,194.7,97.35,1,82.0,6,2,2010-03-12,2010-03-12,0,Europe,41.0,2.37
17066,United Kingdom,2009-12-13,727,1,228.34,228.34,1,93.0,17,1,2009-12-13,2009-12-13,0,Europe,93.0,2.46
17067,United Kingdom,2009-12-08,725,3,454.54,151.51,1,322.0,8,3,2009-12-08,2009-12-15,7,Europe,107.33,1.41
17068,United Kingdom,2010-03-28,13,47,8987.68,191.23,0,4351.0,250,47,2010-03-28,2011-11-27,609,Europe,92.57,2.07
17069,United Kingdom,2009-12-03,29,14,5517.23,394.09,0,3230.0,202,14,2009-12-03,2011-11-11,708,Europe,230.71,1.71
17070,United Kingdom,2010-10-25,115,2,437.42,218.71,1,232.0,102,2,2010-10-25,2011-08-17,296,Europe,116.0,1.89
17071,United Kingdom,2010-01-24,29,13,3793.71,291.82,0,1934.0,141,13,2010-01-24,2011-11-11,656,Europe,148.77,1.96
17072,United Kingdom,2010-03-24,626,1,273.35,273.35,1,212.0,20,1,2010-03-24,2010-03-24,0,Europe,212.0,1.29
17073,United Kingdom,2011-08-22,18,4,1446.09,361.52,0,759.0,142,4,2011-08-22,2011-11-22,92,Europe,189.75,1.91
17074,United Kingdom,2010-05-26,563,1,203.05,203.05,1,19.0,4,1,2010-05-26,2010-05-26,0,Europe,19.0,10.69
17075,United Kingdom,2009-12-14,18,10,2236.63,223.66,0,785.0,153,10,2009-12-14,2011-11-22,708,Europe,78.5,2.85
17076,United Kingdom,2009-12-04,37,6,1242.75,207.13,0,514.0,31,6,2009-12-04,2011-11-03,699,Europe,85.67,2.42
17077,United Kingdom,2010-05-10,579,1,306.0,306.0,1,36.0,1,1,2010-05-10,2010-05-10,0,Europe,36.0,8.5
17078,United Kingdom,2011-11-03,37,2,378.2,189.1,0,788.0,28,2,2011-11-03,2011-11-03,0,Europe,394.0,0.48
17079,United Kingdom,2011-09-22,79,1,118.8,118.8,0,24.0,2,1,2011-09-22,2011-09-22,0,Europe,24.0,4.95
17080,United Kingdom,2010-07-01,23,7,957.53,136.79,0,569.0,26,7,2010-07-01,2011-11-17,504,Europe,81.29,1.68
17081,United Kingdom,2010-02-22,26,6,949.39,158.23,0,381.0,166,6,2010-02-22,2011-11-14,630,Europe,63.5,2.49
17082,United Kingdom,2009-12-15,34,6,4732.03,788.67,0,2526.0,117,6,2009-12-15,2011-11-06,691,Europe,421.0,1.87
17083,United Kingdom,2010-02-09,110,9,4049.79,449.98,0,1955.0,30,9,2010-02-09,2011-08-22,559,Europe,217.22,2.07
17084,United Kingdom,2010-11-08,36,3,5001.21,1667.07,0,3178.0,263,3,2010-11-08,2011-11-04,361,Europe,1059.33,1.57
17085,United Kingdom,2009-12-06,124,28,7847.67,280.27,0,3583.0,411,28,2009-12-06,2011-08-08,610,Europe,127.96,2.19
17086,United Kingdom,2011-10-07,8,6,2050.08,341.68,0,1859.0,76,6,2011-10-07,2011-12-02,56,Europe,309.83,1.1
17087,United Kingdom,2009-12-02,738,1,221.53,221.53,1,113.0,12,1,2009-12-02,2009-12-02,0,Europe,113.0,1.96
17088,United Kingdom,2011-03-31,29,4,1991.01,497.75,0,868.0,96,4,2011-03-31,2011-11-11,225,Europe,217.0,2.29
17089,United Kingdom,2010-11-18,387,1,128.45,128.45,1,35.0,4,1,2010-11-18,2010-11-18,0,Europe,35.0,3.67
17090,United Kingdom,2010-07-19,5,13,3080.18,236.94,0,1344.0,54,13,2010-07-19,2011-12-05,504,Europe,103.38,2.29
17091,United Kingdom,2009-12-16,3,19,7495.75,394.51,0,3732.0,242,19,2009-12-16,2011-12-07,721,Europe,196.42,2.01
17092,United Kingdom,2010-02-02,51,11,5511.41,501.04,0,3768.0,273,11,2010-02-02,2011-10-20,625,Europe,342.55,1.46
17093,United Kingdom,2010-04-26,593,1,235.88,235.88,1,114.0,13,1,2010-04-26,2010-04-26,0,Europe,114.0,2.07
17094,United Kingdom,2010-10-12,323,2,402.2,201.1,1,212.0,18,2,2010-10-12,2011-01-21,101,Europe,106.0,1.9
17095,United Kingdom,2009-12-15,23,7,2572.25,367.46,0,1695.0,110,7,2009-12-15,2011-11-17,702,Europe,242.14,1.52
17096,United Kingdom,2010-06-02,16,11,3697.93,336.18,0,1559.0,162,11,2010-06-02,2011-11-24,540,Europe,141.73,2.37
17097,Spain,2010-10-05,3,9,1143.36,127.04,0,582.0,182,9,2010-10-05,2011-12-07,428,Europe,64.67,1.96
17098,United Kingdom,2010-06-17,382,3,591.07,197.02,1,125.0,10,3,2010-06-17,2010-11-23,159,Europe,41.67,4.73
17099,United Kingdom,2010-06-24,534,1,582.17,582.17,1,317.0,40,1,2010-06-24,2010-06-24,0,Europe,317.0,1.84
17100,United Kingdom,2011-11-21,19,2,971.74,485.87,0,800.0,65,2,2011-11-21,2011-11-21,0,Europe,400.0,1.21
17101,United Kingdom,2010-06-07,11,7,2507.05,358.15,0,1175.0,54,7,2010-06-07,2011-11-29,540,Europe,167.86,2.13
17102,United Kingdom,2011-03-23,262,1,25.5,25.5,1,2.0,1,1,2011-03-23,2011-03-23,0,Europe,2.0,12.75
17103,United Kingdom,2009-12-17,723,1,424.3,424.3,1,471.0,32,1,2009-12-17,2009-12-17,0,Europe,471.0,0.9
17104,United Kingdom,2010-10-12,424,1,474.03,474.03,1,149.0,19,1,2010-10-12,2010-10-12,0,Europe,149.0,3.18
17105,United Kingdom,2011-02-06,160,2,665.78,332.89,1,693.0,80,2,2011-02-06,2011-07-03,147,Europe,346.5,0.96
17106,United Kingdom,2010-11-15,390,1,481.58,481.58,1,153.0,51,1,2010-11-15,2010-11-15,0,Europe,153.0,3.15
17107,United Kingdom,2010-01-31,34,10,16052.72,1605.27,0,7530.0,377,10,2010-01-31,2011-11-06,644,Europe,753.0,2.13
17108,United Kingdom,2010-02-14,664,1,174.95,174.95,1,31.0,9,1,2010-02-14,2010-02-14,0,Europe,31.0,5.64
17109,United Kingdom,2010-07-30,30,8,1291.71,161.46,0,788.0,124,8,2010-07-30,2011-11-10,468,Europe,98.5,1.64
17110,United Kingdom,2010-04-08,166,3,499.9,166.63,0,136.0,38,3,2010-04-08,2011-06-27,445,Europe,45.33,3.68
17111,United Kingdom,2010-10-10,48,2,459.58,229.79,0,581.0,44,2,2010-10-10,2011-10-23,378,Europe,290.5,0.79
17112,United Kingdom,2010-07-25,503,1,197.57,197.57,1,130.0,44,1,2010-07-25,2010-07-25,0,Europe,130.0,1.52
17113,United Kingdom,2010-01-11,575,6,2305.59,384.27,1,913.0,122,6,2010-01-11,2010-05-14,123,Europe,152.17,2.53
17114,United Kingdom,2011-01-09,6,8,801.12,100.14,0,215.0,85,8,2011-01-09,2011-12-04,329,Europe,26.88,3.73
17115,United Kingdom,2009-12-05,9,7,2761.49,394.5,0,885.0,102,7,2009-12-05,2011-12-01,726,Europe,126.43,3.12
17116,United Kingdom,2010-03-01,649,1,389.78,389.78,1,392.0,47,1,2010-03-01,2010-03-01,0,Europe,392.0,0.99
17117,United Kingdom,2011-02-24,289,1,116.2,116.2,1,68.0,9,1,2011-02-24,2011-02-24,0,Europe,68.0,1.71
17118,United Kingdom,2011-01-26,318,1,157.02,157.02,1,154.0,10,1,2011-01-26,2011-01-26,0,Europe,154.0,1.02
17119,United Kingdom,2011-10-11,4,2,606.91,303.46,0,334.0,35,2,2011-10-11,2011-12-06,56,Europe,167.0,1.82
17120,United Kingdom,2011-04-20,234,1,307.46,307.46,1,120.0,18,1,2011-04-20,2011-04-20,0,Europe,120.0,2.56
17121,United Kingdom,2010-11-02,403,1,314.74,314.74,1,106.0,12,1,2010-11-02,2010-11-02,0,Europe,106.0,2.97
17122,United Kingdom,2010-07-28,120,4,570.5,142.63,0,368.0,23,4,2010-07-28,2011-08-12,380,Europe,92.0,1.55
17123,United Kingdom,2010-05-16,162,3,977.17,325.72,0,676.0,37,3,2010-05-16,2011-07-01,411,Europe,225.33,1.45
17124,United Kingdom,2011-06-07,186,1,294.24,294.24,1,129.0,31,1,2011-06-07,2011-06-07,0,Europe,129.0,2.28
17125,United Kingdom,2011-10-20,51,1,230.5,230.5,0,281.0,34,1,2011-10-20,2011-10-20,0,Europe,281.0,0.82
17126,United Kingdom,2010-08-31,153,9,2016.43,224.05,0,1426.0,295,9,2010-08-31,2011-07-10,313,Europe,158.44,1.41
17127,United Kingdom,2009-12-04,429,5,1155.03,231.01,1,340.0,27,5,2009-12-04,2010-10-07,307,Europe,68.0,3.4
17128,United Kingdom,2011-01-09,335,1,157.09,157.09,1,76.0,14,1,2011-01-09,2011-01-09,0,Europe,76.0,2.07
17129,United Kingdom,2010-07-07,521,1,31.85,31.85,1,5.0,2,1,2010-07-07,2010-07-07,0,Europe,5.0,6.37
17131,United Kingdom,2011-09-25,6,5,2463.17,492.63,0,983.0,78,5,2011-09-25,2011-12-04,70,Europe,196.6,2.51
17132,United Kingdom,2010-08-08,453,2,1220.91,610.46,1,963.0,62,2,2010-08-08,2010-09-13,36,Europe,481.5,1.27
17133,United Kingdom,2010-03-21,16,12,14622.33,1218.53,0,10107.0,22,12,2010-03-21,2011-11-24,613,Europe,842.25,1.45
17134,United Kingdom,2010-09-23,107,3,625.3,208.43,0,144.0,31,3,2010-09-23,2011-08-25,336,Europe,48.0,4.34
17135,United Kingdom,2010-05-09,17,10,1722.18,172.22,0,1686.0,98,10,2010-05-09,2011-11-23,563,Europe,168.6,1.02
17136,United Kingdom,2010-02-15,663,1,231.68,231.68,1,256.0,14,1,2010-02-15,2010-02-15,0,Europe,256.0,0.91
17137,United Kingdom,2010-01-31,417,6,1099.81,183.3,1,680.0,125,6,2010-01-31,2010-10-19,261,Europe,113.33,1.62
17138,United Kingdom,2010-02-04,276,7,4417.27,631.04,1,2024.0,234,7,2010-02-04,2011-03-09,398,Europe,289.14,2.18
17139,United Kingdom,2010-01-11,16,25,19566.76,782.67,0,9853.0,447,25,2010-01-11,2011-11-24,682,Europe,394.12,1.99
17140,United Kingdom,2011-04-06,248,1,454.12,454.12,1,296.0,16,1,2011-04-06,2011-04-06,0,Europe,296.0,1.53
17141,United Kingdom,2010-01-24,419,4,727.58,181.9,1,423.0,138,4,2010-01-24,2010-10-17,266,Europe,105.75,1.72
17142,United Kingdom,2010-01-24,240,4,1275.25,318.81,1,322.0,78,4,2010-01-24,2011-04-14,445,Europe,80.5,3.96
17143,United Kingdom,2010-07-12,418,2,880.97,440.49,1,314.0,82,2,2010-07-12,2010-10-18,98,Europe,157.0,2.81
17144,United Kingdom,2011-09-16,2,2,984.57,492.29,0,483.0,42,2,2011-09-16,2011-12-08,83,Europe,241.5,2.04
17145,United Kingdom,2010-02-19,513,4,3120.91,780.23,1,2591.0,168,4,2010-02-19,2010-07-15,146,Europe,647.75,1.2
17146,United Kingdom,2010-02-02,106,13,5852.64,450.2,0,2188.0,164,13,2010-02-02,2011-08-26,570,Europe,168.31,2.67
17147,United Kingdom,2010-01-11,23,9,3199.95,355.55,0,1308.0,99,9,2010-01-11,2011-11-17,675,Europe,145.33,2.45
17148,United Kingdom,2011-10-19,52,1,124.88,124.88,0,82.0,9,1,2011-10-19,2011-10-19,0,Europe,82.0,1.52
17149,United Kingdom,2010-09-14,452,1,143.1,143.1,1,18.0,6,1,2010-09-14,2010-09-14,0,Europe,18.0,7.95
17150,United Kingdom,2009-12-06,377,6,1357.95,226.33,1,397.0,64,6,2009-12-06,2010-11-28,357,Europe,66.17,3.42
17151,United Kingdom,2009-12-04,736,1,231.9,231.9,1,42.0,4,1,2009-12-04,2009-12-04,0,Europe,42.0,5.52
17152,United Kingdom,2010-10-10,195,4,2016.5,504.13,1,577.0,9,4,2010-10-10,2011-05-29,231,Europe,144.25,3.49
17153,United Kingdom,2011-11-15,25,1,213.78,213.78,0,104.0,14,1,2011-11-15,2011-11-15,0,Europe,104.0,2.06
17154,United Kingdom,2011-09-25,76,1,329.34,329.34,0,490.0,23,1,2011-09-25,2011-09-25,0,Europe,490.0,0.67
17155,United Kingdom,2009-12-03,18,7,892.46,127.49,0,987.0,43,7,2009-12-03,2011-11-22,719,Europe,141.0,0.9
17156,United Kingdom,2010-08-05,492,1,591.87,591.87,1,391.0,39,1,2010-08-05,2010-08-05,0,Europe,391.0,1.51
17157,United Kingdom,2009-12-04,8,19,5151.9,271.15,0,2092.0,78,19,2009-12-04,2011-12-02,728,Europe,110.11,2.46
17158,United Kingdom,2010-03-07,33,5,1980.0,396.0,0,1147.0,74,5,2010-03-07,2011-11-07,610,Europe,229.4,1.73
17159,United Kingdom,2010-03-04,22,5,2099.59,419.92,0,1348.0,115,5,2010-03-04,2011-11-18,624,Europe,269.6,1.56
17160,United Kingdom,2009-12-04,32,17,10209.16,600.54,0,8390.0,215,17,2009-12-04,2011-11-08,704,Europe,493.53,1.22
17161,United Kingdom,2010-09-21,445,1,856.01,856.01,1,537.0,52,1,2010-09-21,2010-09-21,0,Europe,537.0,1.59
17162,United Kingdom,2011-02-07,29,10,1715.46,171.55,0,1001.0,81,10,2011-02-07,2011-11-11,277,Europe,100.1,1.71
17163,United Kingdom,2010-02-02,22,4,699.78,174.95,0,531.0,27,4,2010-02-02,2011-11-18,654,Europe,132.75,1.32
17164,United Kingdom,2011-03-11,33,7,2467.35,352.48,0,1501.0,92,7,2011-03-11,2011-11-07,241,Europe,214.43,1.64
17165,United Kingdom,2009-12-11,285,6,1794.32,299.05,1,788.0,77,6,2009-12-11,2011-02-28,444,Europe,131.33,2.28
17166,United Kingdom,2011-05-20,39,2,206.34,103.17,0,78.0,11,2,2011-05-20,2011-11-01,165,Europe,39.0,2.65
17167,United Kingdom,2010-09-20,380,3,867.11,289.04,1,429.0,64,3,2010-09-20,2010-11-25,66,Europe,143.0,2.02
17168,United Kingdom,2010-07-29,499,1,400.2,400.2,1,220.0,21,1,2010-07-29,2010-07-29,0,Europe,220.0,1.82
17169,United Kingdom,2010-05-10,58,3,1156.73,385.58,0,671.0,64,3,2010-05-10,2011-10-13,521,Europe,223.67,1.72
17170,United Kingdom,2010-11-15,375,2,178.68,89.34,1,152.0,8,2,2010-11-15,2010-11-30,15,Europe,76.0,1.18
17171,United Kingdom,2010-02-16,290,2,384.59,192.3,1,225.0,25,2,2010-02-16,2011-02-23,372,Europe,112.5,1.71
17172,United Kingdom,2009-12-13,79,3,956.57,318.86,0,1215.0,39,3,2009-12-13,2011-09-22,648,Europe,405.0,0.79
17173,United Kingdom,2011-07-31,6,8,3766.6,470.83,0,1122.0,36,8,2011-07-31,2011-12-04,126,Europe,140.25,3.36
17174,United Kingdom,2011-05-06,218,1,59.9,59.9,1,41.0,4,1,2011-05-06,2011-05-06,0,Europe,41.0,1.46
17175,United Kingdom,2011-02-16,45,4,1443.69,360.92,0,866.0,42,4,2011-02-16,2011-10-26,252,Europe,216.5,1.67
17176,United Kingdom,2010-01-31,202,3,902.32,300.77,1,576.0,37,3,2010-01-31,2011-05-22,476,Europe,192.0,1.57
17177,United Kingdom,2010-07-22,506,1,119.5,119.5,1,40.0,29,1,2010-07-22,2010-07-22,0,Europe,40.0,2.99
17178,United Kingdom,2009-12-08,732,1,432.96,432.96,1,100.0,31,1,2009-12-08,2009-12-08,0,Europe,100.0,4.33
17179,United Kingdom,2010-05-26,179,6,1507.26,251.21,0,625.0,75,6,2010-05-26,2011-06-14,384,Europe,104.17,2.41
17180,United Kingdom,2010-01-21,57,11,2236.77,203.34,0,1809.0,189,11,2010-01-21,2011-10-14,631,Europe,164.45,1.24
17181,United Kingdom,2010-04-23,58,3,309.85,103.28,0,268.0,28,3,2010-04-23,2011-10-13,538,Europe,89.33,1.16
17182,United Kingdom,2009-12-21,423,2,321.3,160.65,1,54.0,4,2,2009-12-21,2010-10-13,296,Europe,27.0,5.95
17183,United Kingdom,2011-08-26,8,6,3347.31,557.89,0,1296.0,42,6,2011-08-26,2011-12-02,98,Europe,216.0,2.58
17184,United Kingdom,2009-12-09,570,2,198.41,99.21,1,73.0,14,2,2009-12-09,2010-05-19,161,Europe,36.5,2.72
17185,United Kingdom,2010-04-20,592,3,229.46,76.49,1,119.0,38,3,2010-04-20,2010-04-27,7,Europe,39.67,1.93
17186,United Kingdom,2011-10-10,47,2,144.0,72.0,0,200.0,1,2,2011-10-10,2011-10-24,14,Europe,100.0,0.72
17187,United Kingdom,2010-07-01,227,2,467.71,233.86,1,426.0,21,2,2010-07-01,2011-04-27,300,Europe,213.0,1.1
17188,United Kingdom,2009-12-08,12,13,4592.93,353.3,0,2569.0,136,13,2009-12-08,2011-11-28,720,Europe,197.62,1.79
17189,United Kingdom,2009-12-02,107,5,953.63,190.73,0,601.0,101,5,2009-12-02,2011-08-25,631,Europe,120.2,1.59
17190,United Kingdom,2010-03-05,59,7,1726.57,246.65,0,2218.0,160,7,2010-03-05,2011-10-12,586,Europe,316.86,0.78
17191,United Kingdom,2009-12-01,29,15,4310.34,287.36,0,2208.0,269,15,2009-12-01,2011-11-11,710,Europe,147.2,1.95
17192,United Kingdom,2010-06-21,537,1,75.28,75.28,1,45.0,20,1,2010-06-21,2010-06-21,0,Europe,45.0,1.67
17193,United Kingdom,2009-12-02,36,9,2310.04,256.67,0,1668.0,28,9,2009-12-02,2011-11-04,702,Europe,185.33,1.38
17194,United Kingdom,2010-06-27,274,3,812.5,270.83,1,420.0,57,3,2010-06-27,2011-03-11,257,Europe,140.0,1.93
17195,United Kingdom,2010-02-22,656,1,562.98,562.98,1,486.0,31,1,2010-02-22,2010-02-22,0,Europe,486.0,1.16
17196,United Kingdom,2010-10-08,428,1,327.75,327.75,1,154.0,84,1,2010-10-08,2010-10-08,0,Europe,154.0,2.13
17197,United Kingdom,2011-11-10,30,1,1013.01,1013.01,0,191.0,29,1,2011-11-10,2011-11-10,0,Europe,191.0,5.3
17198,United Kingdom,2010-12-03,24,3,692.22,230.74,0,357.0,89,3,2010-12-03,2011-11-16,348,Europe,119.0,1.94
17199,United Kingdom,2010-05-06,583,1,135.04,135.04,1,232.0,8,1,2010-05-06,2010-05-06,0,Europe,232.0,0.58
17200,United Kingdom,2010-02-25,388,4,356.71,89.18,1,367.0,25,4,2010-02-25,2010-11-17,265,Europe,91.75,0.97
17201,United Kingdom,2010-02-10,54,4,1143.1,285.78,0,1004.0,154,4,2010-02-10,2011-10-17,614,Europe,251.0,1.14
17202,United Kingdom,2010-10-15,421,1,160.65,160.65,1,55.0,8,1,2010-10-15,2010-10-15,0,Europe,55.0,2.92
17203,United Kingdom,2010-11-16,36,10,5564.09,556.41,0,4597.0,195,10,2010-11-16,2011-11-04,353,Europe,459.7,1.21
17204,United Kingdom,2010-06-10,176,9,5504.69,611.63,0,2651.0,110,9,2010-06-10,2011-06-17,372,Europe,294.56,2.08
17205,United Kingdom,2010-05-24,54,3,999.35,333.12,0,2214.0,27,3,2010-05-24,2011-10-17,511,Europe,738.0,0.45
17206,United Kingdom,2011-10-17,54,1,204.24,204.24,0,76.0,7,1,2011-10-17,2011-10-17,0,Europe,76.0,2.69
17207,United Kingdom,2010-02-25,653,1,292.62,292.62,1,233.0,55,1,2010-02-25,2010-02-25,0,Europe,233.0,1.26
17208,United Kingdom,2010-11-09,396,1,111.15,111.15,1,101.0,21,1,2010-11-09,2010-11-09,0,Europe,101.0,1.1
17209,United Kingdom,2009-12-03,650,3,595.7,198.57,1,723.0,36,3,2009-12-03,2010-02-28,87,Europe,241.0,0.82
17210,United Kingdom,2010-11-12,393,1,251.72,251.72,1,242.0,47,1,2010-11-12,2010-11-12,0,Europe,242.0,1.04
17211,United Kingdom,2009-12-13,27,13,3773.35,290.26,0,2135.0,217,13,2009-12-13,2011-11-13,700,Europe,164.23,1.75
17212,United Kingdom,2010-08-10,254,3,794.41,264.8,1,727.0,29,3,2010-08-10,2011-03-31,233,Europe,242.33,1.09
17213,United Kingdom,2009-12-15,41,13,4869.4,374.57,0,2087.0,130,13,2009-12-15,2011-10-30,684,Europe,160.54,2.33
17214,United Kingdom,2010-12-15,61,6,1059.12,176.52,0,272.0,79,6,2010-12-15,2011-10-10,299,Europe,45.33,3.89
17215,United Kingdom,2010-09-01,465,1,186.15,186.15,1,104.0,11,1,2010-09-01,2010-09-01,0,Europe,104.0,1.79
17216,United Kingdom,2010-06-03,555,1,63.6,63.6,1,21.0,13,1,2010-06-03,2010-06-03,0,Europe,21.0,3.03
17217,United Kingdom,2010-03-30,235,2,210.1,105.05,1,93.0,27,2,2010-03-30,2011-04-19,385,Europe,46.5,2.26
17218,United Kingdom,2010-01-25,5,18,3891.39,216.19,0,2066.0,248,18,2010-01-25,2011-12-05,679,Europe,114.78,1.88
17219,United Kingdom,2010-10-19,32,2,259.13,129.57,0,188.0,43,2,2010-10-19,2011-11-08,385,Europe,94.0,1.38
17220,United Kingdom,2010-01-20,25,21,4457.31,212.25,0,2663.0,408,21,2010-01-20,2011-11-15,664,Europe,126.81,1.67
17221,United Kingdom,2010-04-11,8,5,976.62,195.32,0,713.0,115,5,2010-04-11,2011-12-02,600,Europe,142.6,1.37
17222,United Kingdom,2010-01-10,66,6,1579.51,263.25,0,857.0,94,6,2010-01-10,2011-10-05,633,Europe,142.83,1.84
17223,United Kingdom,2010-11-29,311,3,558.04,186.01,1,155.0,62,3,2010-11-29,2011-02-02,65,Europe,51.67,3.6
17224,United Kingdom,2010-07-26,502,1,100.86,100.86,1,65.0,8,1,2010-07-26,2010-07-26,0,Europe,65.0,1.55
17225,United Kingdom,2010-05-07,582,1,131.15,131.15,1,36.0,5,1,2010-05-07,2010-05-07,0,Europe,36.0,3.64
17226,United Kingdom,2010-02-12,309,3,895.47,298.49,1,853.0,51,3,2010-02-12,2011-02-04,357,Europe,284.33,1.05
17227,United Kingdom,2010-01-15,19,12,1878.93,156.58,0,1681.0,58,12,2010-01-15,2011-11-21,675,Europe,140.08,1.12
17228,United Kingdom,2010-03-12,16,13,2820.03,216.93,0,2354.0,199,13,2010-03-12,2011-11-24,622,Europe,181.08,1.2
17229,United Kingdom,2011-07-20,97,2,318.76,159.38,1,185.0,39,2,2011-07-20,2011-09-04,46,Europe,92.5,1.72
17230,United Kingdom,2009-12-08,265,18,9388.49,521.58,1,3753.0,141,18,2009-12-08,2011-03-20,467,Europe,208.5,2.5
17231,United Kingdom,2009-12-07,13,25,7064.8,282.59,0,3681.0,509,25,2009-12-07,2011-11-27,720,Europe,147.24,1.92
17232,United Kingdom,2011-11-25,3,2,417.77,208.89,0,202.0,30,2,2011-11-25,2011-12-07,12,Europe,101.0,2.07
17233,United Kingdom,2009-12-15,36,3,560.86,186.95,0,298.0,56,3,2009-12-15,2011-11-04,689,Europe,99.33,1.88
17234,United Kingdom,2011-06-10,183,1,149.89,149.89,1,55.0,14,1,2011-06-10,2011-06-10,0,Europe,55.0,2.73
17235,United Kingdom,2010-06-04,26,8,1562.98,195.37,0,845.0,52,8,2010-06-04,2011-11-14,528,Europe,105.63,1.85
17236,United Kingdom,2010-03-07,13,12,1929.26,160.77,0,804.0,123,12,2010-03-07,2011-11-27,630,Europe,67.0,2.4
17237,United Kingdom,2010-11-23,12,4,994.13,248.53,0,414.0,76,4,2010-11-23,2011-11-28,370,Europe,103.5,2.4
17238,United Kingdom,2009-12-01,3,32,7331.67,229.11,0,3555.0,486,32,2009-12-01,2011-12-07,736,Europe,111.09,2.06
17239,United Kingdom,2010-07-01,313,4,1189.45,297.36,1,515.0,18,4,2010-07-01,2011-01-31,214,Europe,128.75,2.31
17240,United Kingdom,2010-04-22,597,1,130.6,130.6,1,108.0,7,1,2010-04-22,2010-04-22,0,Europe,108.0,1.21
17241,United Kingdom,2010-02-15,386,12,2736.64,228.05,1,859.0,116,12,2010-02-15,2010-11-19,277,Europe,71.58,3.19
17242,United Kingdom,2010-01-24,109,5,2889.28,577.86,0,1459.0,44,5,2010-01-24,2011-08-23,576,Europe,291.8,1.98
17243,United Kingdom,2009-12-01,2,69,20203.58,292.81,0,7932.0,359,69,2009-12-01,2011-12-08,737,Europe,114.96,2.55
17244,United Kingdom,2009-12-06,54,5,1826.04,365.21,0,1419.0,109,5,2009-12-06,2011-10-17,680,Europe,283.8,1.29
17245,United Kingdom,2010-01-19,205,2,371.63,185.82,1,307.0,24,2,2010-01-19,2011-05-19,485,Europe,153.5,1.21
17246,United Kingdom,2009-12-01,547,2,38.92,19.46,1,36.0,6,2,2009-12-01,2010-06-11,192,Europe,18.0,1.08
17247,United Kingdom,2011-11-24,16,1,280.09,280.09,0,105.0,53,1,2011-11-24,2011-11-24,0,Europe,105.0,2.67
17248,United Kingdom,2010-08-15,121,2,500.54,250.27,1,276.0,85,2,2010-08-15,2011-08-11,361,Europe,138.0,1.81
17249,United Kingdom,2010-10-07,429,1,68.03,68.03,1,79.0,27,1,2010-10-07,2010-10-07,0,Europe,79.0,0.86
17250,United Kingdom,2011-03-23,4,2,381.97,190.99,0,167.0,55,2,2011-03-23,2011-12-06,258,Europe,83.5,2.29
17251,United Kingdom,2009-12-15,363,3,798.98,266.33,1,377.0,65,3,2009-12-15,2010-12-12,362,Europe,125.67,2.12
17252,United Kingdom,2011-06-06,117,2,348.91,174.46,1,192.0,86,2,2011-06-06,2011-08-15,70,Europe,96.0,1.82
17253,United Kingdom,2011-11-21,19,1,178.26,178.26,0,43.0,18,1,2011-11-21,2011-11-21,0,Europe,43.0,4.15
17254,United Kingdom,2010-11-03,5,3,469.48,156.49,0,397.0,129,3,2010-11-03,2011-12-05,397,Europe,132.33,1.18
17255,United Kingdom,2010-09-19,41,4,781.7,195.43,0,583.0,163,4,2010-09-19,2011-10-30,406,Europe,145.75,1.34
17256,United Kingdom,2010-04-18,108,5,498.93,99.79,0,299.0,20,5,2010-04-18,2011-08-24,493,Europe,59.8,1.67
17257,United Kingdom,2010-09-29,437,2,189.78,94.89,1,187.0,14,2,2010-09-29,2010-09-29,0,Europe,93.5,1.01
17258,United Kingdom,2010-02-12,397,2,417.3,208.65,1,188.0,46,2,2010-02-12,2010-11-08,269,Europe,94.0,2.22
17259,United Kingdom,2010-02-22,149,6,1452.39,242.07,0,844.0,179,6,2010-02-22,2011-07-14,507,Europe,140.67,1.72
17260,United Kingdom,2010-10-24,412,1,120.95,120.95,1,23.0,6,1,2010-10-24,2010-10-24,0,Europe,23.0,5.26
17261,United Kingdom,2010-07-18,510,1,221.59,221.59,1,95.0,43,1,2010-07-18,2010-07-18,0,Europe,95.0,2.33
17262,United Kingdom,2009-12-15,53,11,2488.76,226.25,0,635.0,12,11,2009-12-15,2011-10-18,672,Europe,57.73,3.92
17263,United Kingdom,2011-05-15,209,1,63.44,63.44,1,36.0,23,1,2011-05-15,2011-05-15,0,Europe,36.0,1.76
17264,United Kingdom,2010-10-11,425,1,268.28,268.28,1,217.0,70,1,2010-10-11,2010-10-11,0,Europe,217.0,1.24
17265,United Kingdom,2011-06-12,139,2,550.01,275.01,1,389.0,106,2,2011-06-12,2011-07-24,42,Europe,194.5,1.41
17266,United Kingdom,2010-03-09,3,5,501.72,100.34,0,243.0,95,5,2010-03-09,2011-12-07,638,Europe,48.6,2.06
17267,United Kingdom,2011-08-04,128,2,317.2,158.6,1,158.0,37,2,2011-08-04,2011-08-04,0,Europe,79.0,2.01
17268,United Kingdom,2009-12-08,108,11,1733.89,157.63,0,1395.0,26,11,2009-12-08,2011-08-24,624,Europe,126.82,1.24
17269,United Kingdom,2010-11-19,386,1,491.81,491.81,1,314.0,110,1,2010-11-19,2010-11-19,0,Europe,314.0,1.57
17270,United Kingdom,2009-12-07,470,2,601.45,300.73,1,420.0,45,2,2009-12-07,2010-08-27,263,Europe,210.0,1.43
17271,United Kingdom,2009-12-03,737,1,204.3,204.3,1,113.0,46,1,2009-12-03,2009-12-03,0,Europe,113.0,1.81
17272,United Kingdom,2011-03-22,43,4,2148.63,537.16,0,1778.0,70,4,2011-03-22,2011-10-28,220,Europe,444.5,1.21
17273,United Kingdom,2010-10-11,425,1,141.12,141.12,1,133.0,12,1,2010-10-11,2010-10-11,0,Europe,133.0,1.06
17274,United Kingdom,2010-11-09,36,2,573.22,286.61,0,271.0,76,2,2010-11-09,2011-11-04,360,Europe,135.5,2.12
17275,United Kingdom,2010-11-21,384,1,114.1,114.1,1,71.0,23,1,2010-11-21,2010-11-21,0,Europe,71.0,1.61
17276,United Kingdom,2010-11-02,403,1,502.49,502.49,1,187.0,50,1,2010-11-02,2010-11-02,0,Europe,187.0,2.69
17277,United Kingdom,2011-01-21,228,2,1065.35,532.68,1,430.0,67,2,2011-01-21,2011-04-26,95,Europe,215.0,2.48
17278,United Kingdom,2010-05-23,242,2,271.24,135.62,1,195.0,17,2,2010-05-23,2011-04-12,324,Europe,97.5,1.39
17279,United Kingdom,2011-10-13,58,1,187.83,187.83,0,48.0,8,1,2011-10-13,2011-10-13,0,Europe,48.0,3.91
17280,United Kingdom,2010-09-27,439,1,118.86,118.86,1,74.0,6,1,2010-09-27,2010-09-27,0,Europe,74.0,1.61
17281,United Kingdom,2010-02-04,375,6,797.85,132.98,1,295.0,2,6,2010-02-04,2010-11-30,299,Europe,49.17,2.7
17282,United Kingdom,2010-06-09,131,5,2308.54,461.71,0,2332.0,168,5,2010-06-09,2011-08-01,418,Europe,466.4,0.99
17283,United Kingdom,2010-11-26,379,1,188.46,188.46,1,179.0,15,1,2010-11-26,2010-11-26,0,Europe,179.0,1.05
17284,United Kingdom,2010-09-20,61,8,2788.06,348.51,0,2069.0,285,8,2010-09-20,2011-10-10,385,Europe,258.63,1.35
17285,United Kingdom,2010-02-14,629,2,407.94,203.97,1,134.0,41,2,2010-02-14,2010-03-21,35,Europe,67.0,3.04
17286,United Kingdom,2010-11-04,22,3,389.18,129.73,0,368.0,89,3,2010-11-04,2011-11-18,379,Europe,122.67,1.06
17287,United Kingdom,2009-12-03,27,21,3826.86,182.23,0,1955.0,279,21,2009-12-03,2011-11-13,710,Europe,93.1,1.96
17288,United Kingdom,2010-11-10,10,11,2468.43,224.4,0,1699.0,233,11,2010-11-10,2011-11-30,385,Europe,154.45,1.45
17289,United Kingdom,2010-03-08,32,9,2041.8,226.87,0,1237.0,202,9,2010-03-08,2011-11-08,610,Europe,137.44,1.65
17290,United Kingdom,2009-12-13,4,8,1487.96,186.0,0,1139.0,184,8,2009-12-13,2011-12-06,723,Europe,142.38,1.31
17291,United Kingdom,2011-02-04,309,1,550.8,550.8,1,72.0,1,1,2011-02-04,2011-02-04,0,Europe,72.0,7.65
17292,United Kingdom,2010-05-09,473,2,271.75,135.88,1,131.0,14,2,2010-05-09,2010-08-24,107,Europe,65.5,2.07
17293,United Kingdom,2009-12-03,9,17,3750.63,220.63,0,2228.0,148,17,2009-12-03,2011-12-01,728,Europe,131.06,1.68
17294,United Kingdom,2010-02-08,670,2,467.79,233.9,1,297.0,17,2,2010-02-08,2010-02-08,0,Europe,148.5,1.58
17295,United Kingdom,2011-10-06,29,3,547.0,182.33,0,293.0,53,3,2011-10-06,2011-11-11,36,Europe,97.67,1.87
17296,United Kingdom,2009-12-09,731,1,338.13,338.13,1,216.0,32,1,2009-12-09,2009-12-09,0,Europe,216.0,1.57
17297,United Kingdom,2011-11-22,18,1,128.18,128.18,0,65.0,49,1,2011-11-22,2011-11-22,0,Europe,65.0,1.97
17298,United Kingdom,2010-03-08,102,5,954.26,190.85,0,852.0,61,5,2010-03-08,2011-08-30,540,Europe,170.4,1.12
17299,United Kingdom,2010-08-15,12,6,993.23,165.54,0,919.0,96,6,2010-08-15,2011-11-28,470,Europe,153.17,1.08
17300,United Kingdom,2010-08-15,391,2,393.64,196.82,1,467.0,37,2,2010-08-15,2010-11-14,91,Europe,233.5,0.84
17301,United Kingdom,2010-03-25,22,2,294.39,147.2,0,216.0,107,2,2010-03-25,2011-11-18,603,Europe,108.0,1.36
17302,United Kingdom,2011-02-07,15,5,1135.63,227.13,0,575.0,68,5,2011-02-07,2011-11-25,291,Europe,115.0,1.98
17303,United Kingdom,2010-12-13,362,1,250.04,250.04,1,144.0,53,1,2010-12-13,2010-12-13,0,Europe,144.0,1.74
17304,United Kingdom,2010-06-23,535,1,111.5,111.5,1,73.0,5,1,2010-06-23,2010-06-23,0,Europe,73.0,1.53
17305,United Kingdom,2010-03-01,649,1,2135.46,2135.46,1,1006.0,9,1,2010-03-01,2010-03-01,0,Europe,1006.0,2.12
17306,United Kingdom,2010-11-01,11,21,9782.35,465.83,0,13747.0,17,21,2010-11-01,2011-11-29,393,Europe,654.62,0.71
17307,United Kingdom,2010-01-19,396,11,3999.89,363.63,1,3667.0,22,11,2010-01-19,2010-11-09,294,Europe,333.36,1.09
17308,United Kingdom,2010-09-13,394,2,4511.76,2255.88,1,5148.0,5,2,2010-09-13,2010-11-11,59,Europe,2574.0,0.88
17309,United Kingdom,2010-02-04,96,3,320.39,106.8,0,181.0,33,3,2010-02-04,2011-09-05,578,Europe,60.33,1.77
17310,United Kingdom,2010-06-23,388,2,1025.1,512.55,1,402.0,1,2,2010-06-23,2010-11-17,147,Europe,201.0,2.55
17311,United Kingdom,2010-02-03,79,6,3566.56,594.43,0,2755.0,124,6,2010-02-03,2011-09-22,596,Europe,459.17,1.29
17312,United Kingdom,2011-07-03,139,3,644.3,214.77,0,372.0,11,3,2011-07-03,2011-07-24,21,Europe,124.0,1.73
17313,United Kingdom,2011-11-08,32,1,2328.84,2328.84,0,1402.0,24,1,2011-11-08,2011-11-08,0,Europe,1402.0,1.66
17314,United Kingdom,2009-12-03,25,17,4904.43,288.5,0,3663.0,200,17,2009-12-03,2011-11-15,712,Europe,215.47,1.34
17315,United Kingdom,2010-09-27,2,43,9599.58,223.25,0,5088.0,385,43,2010-09-27,2011-12-08,437,Europe,118.33,1.89
17316,United Kingdom,2010-10-15,421,1,124.45,124.45,1,44.0,35,1,2010-10-15,2010-10-15,0,Europe,44.0,2.83
17317,United Kingdom,2011-09-11,47,3,2600.34,866.78,0,1146.0,8,3,2011-09-11,2011-10-24,43,Europe,382.0,2.27
17318,United Kingdom,2009-12-14,726,1,157.33,157.33,1,59.0,17,1,2009-12-14,2009-12-14,0,Europe,59.0,2.67
17319,United Kingdom,2010-02-08,670,1,29.1,29.1,1,14.0,3,1,2010-02-08,2010-02-08,0,Europe,14.0,2.08
17320,United Kingdom,2010-01-21,101,6,2444.85,407.48,0,1182.0,86,6,2010-01-21,2011-08-31,587,Europe,197.0,2.07
17321,United Kingdom,2010-05-11,9,6,1665.21,277.54,0,790.0,241,6,2010-05-11,2011-12-01,569,Europe,131.67,2.11
17322,United Kingdom,2009-12-03,377,5,922.59,184.52,1,631.0,115,5,2009-12-03,2010-11-28,360,Europe,126.2,1.46
17323,United Kingdom,2010-01-10,16,12,1551.04,129.25,0,1426.0,168,12,2010-01-10,2011-11-24,683,Europe,118.83,1.09
17324,United Kingdom,2009-12-18,18,12,2171.07,180.92,0,1485.0,111,12,2009-12-18,2011-11-22,704,Europe,123.75,1.46
17325,United Kingdom,2010-03-08,281,3,609.57,203.19,1,465.0,39,3,2010-03-08,2011-03-04,361,Europe,155.0,1.31
17326,United Kingdom,2010-06-28,409,2,312.35,156.18,1,136.0,82,2,2010-06-28,2010-10-27,121,Europe,68.0,2.3
17327,United Kingdom,2010-05-26,410,2,152.35,76.18,1,59.0,3,2,2010-05-26,2010-10-26,153,Europe,29.5,2.58
17328,United Kingdom,2010-02-04,674,1,104.7,104.7,1,86.0,6,1,2010-02-04,2010-02-04,0,Europe,86.0,1.22
17329,United Kingdom,2009-12-03,15,5,998.53,199.71,0,430.0,80,5,2009-12-03,2011-11-25,722,Europe,86.0,2.32
17330,United Kingdom,2010-03-02,23,4,423.8,105.95,0,122.0,7,4,2010-03-02,2011-11-17,625,Europe,30.5,3.47
17331,United Kingdom,2011-08-08,124,1,175.2,175.2,1,16.0,1,1,2011-08-08,2011-08-08,0,Europe,16.0,10.95
17332,United Kingdom,2010-02-21,529,5,838.27,167.65,1,794.0,82,5,2010-02-21,2010-06-29,128,Europe,158.8,1.06
17333,United Kingdom,2011-09-15,86,1,494.25,494.25,0,375.0,28,1,2011-09-15,2011-09-15,0,Europe,375.0,1.32
17334,United Kingdom,2010-10-29,303,3,635.15,211.72,1,566.0,20,3,2010-10-29,2011-02-10,104,Europe,188.67,1.12
17335,United Kingdom,2010-01-24,384,2,497.04,248.52,1,210.0,34,2,2010-01-24,2010-11-21,301,Europe,105.0,2.37
17336,United Kingdom,2010-08-24,473,1,81.12,81.12,1,48.0,1,1,2010-08-24,2010-08-24,0,Europe,48.0,1.69
17337,United Kingdom,2011-02-02,152,4,1981.06,495.27,0,1247.0,421,4,2011-02-02,2011-07-11,159,Europe,311.75,1.59
17338,United Kingdom,2010-03-10,18,17,11889.33,699.37,0,5780.0,590,17,2010-03-10,2011-11-22,622,Europe,340.0,2.06
17339,United Kingdom,2010-07-18,95,3,302.36,100.79,0,172.0,10,3,2010-07-18,2011-09-06,415,Europe,57.33,1.76
17340,United Kingdom,2010-02-14,30,18,19617.95,1089.89,0,9497.0,322,18,2010-02-14,2011-11-10,634,Europe,527.61,2.07
17341,United Kingdom,2010-06-17,157,5,1272.21,254.44,0,831.0,200,5,2010-06-17,2011-07-06,384,Europe,166.2,1.53
17342,United Kingdom,2010-02-08,380,4,1227.54,306.89,1,521.0,31,4,2010-02-08,2010-11-25,290,Europe,130.25,2.36
17343,United Kingdom,2009-12-03,356,6,1259.94,209.99,1,454.0,61,6,2009-12-03,2010-12-19,381,Europe,75.67,2.78
17344,United Kingdom,2009-12-11,47,2,457.36,228.68,0,200.0,64,2,2009-12-11,2011-10-24,682,Europe,100.0,2.29
17345,United Kingdom,2009-12-01,16,10,1586.63,158.66,0,2008.0,174,10,2009-12-01,2011-11-24,723,Europe,200.8,0.79
17346,United Kingdom,2010-04-18,4,26,4998.61,192.25,0,3439.0,517,26,2010-04-18,2011-12-06,597,Europe,132.27,1.45
17347,United Kingdom,2011-09-14,87,1,228.96,228.96,0,216.0,1,1,2011-09-14,2011-09-14,0,Europe,216.0,1.06
17348,United Kingdom,2010-03-10,15,9,2442.29,271.37,0,2766.0,326,9,2010-03-10,2011-11-25,625,Europe,307.33,0.88
17349,United Kingdom,2010-03-18,180,5,772.41,154.48,0,772.0,74,5,2010-03-18,2011-06-13,452,Europe,154.4,1.0
17350,United Kingdom,2010-02-01,9,7,1893.7,270.53,0,1177.0,123,7,2010-02-01,2011-12-01,668,Europe,168.14,1.61
17351,United Kingdom,2009-12-10,37,12,1988.23,165.69,0,383.0,45,12,2009-12-10,2011-11-03,693,Europe,31.92,5.19
17352,United Kingdom,2010-01-12,697,1,36.25,36.25,1,15.0,5,1,2010-01-12,2010-01-12,0,Europe,15.0,2.42
17353,United Kingdom,2010-03-25,130,4,3242.0,810.5,0,2168.0,7,4,2010-03-25,2011-08-02,495,Europe,542.0,1.5
17354,United Kingdom,2010-10-07,51,4,3133.96,783.49,0,2531.0,85,4,2010-10-07,2011-10-20,378,Europe,632.75,1.24
17355,United Kingdom,2010-11-18,387,1,273.31,273.31,1,249.0,28,1,2010-11-18,2010-11-18,0,Europe,249.0,1.1
17356,United Kingdom,2010-01-20,312,5,946.47,189.29,1,925.0,73,5,2010-01-20,2011-02-01,377,Europe,185.0,1.02
17357,United Kingdom,2011-11-15,25,2,384.39,192.2,0,152.0,41,2,2011-11-15,2011-11-15,0,Europe,76.0,2.53
17358,United Kingdom,2010-02-24,304,5,861.01,172.2,1,430.0,126,5,2010-02-24,2011-02-09,350,Europe,86.0,2.0
17359,United Kingdom,2010-03-01,12,2,284.46,142.23,0,237.0,36,2,2010-03-01,2011-11-28,637,Europe,118.5,1.2
17360,United Kingdom,2010-10-01,18,6,1200.51,200.09,0,624.0,189,6,2010-10-01,2011-11-22,417,Europe,104.0,1.92
17361,United Kingdom,2010-02-01,50,5,871.79,174.36,0,380.0,51,5,2010-02-01,2011-10-21,627,Europe,76.0,2.29
17362,United Kingdom,2010-01-06,240,7,1024.04,146.29,1,549.0,99,7,2010-01-06,2011-04-14,463,Europe,78.43,1.87
17363,United Kingdom,2010-11-02,396,3,920.46,306.82,1,499.0,34,3,2010-11-02,2010-11-09,7,Europe,166.33,1.84
17364,United Kingdom,2009-12-07,1,28,11972.92,427.6,0,7464.0,513,28,2009-12-07,2011-12-09,732,Europe,266.57,1.6
17365,United Kingdom,2010-02-01,13,15,8184.49,545.63,0,8015.0,395,15,2010-02-01,2011-11-27,664,Europe,534.33,1.02
17366,United Kingdom,2010-09-09,433,2,1077.24,538.62,1,504.0,120,2,2010-09-09,2010-10-03,24,Europe,252.0,2.14
17367,United Kingdom,2011-04-15,239,1,167.55,167.55,1,149.0,33,1,2011-04-15,2011-04-15,0,Europe,149.0,1.12
17368,United Kingdom,2009-12-15,24,14,2758.29,197.02,0,2319.0,195,14,2009-12-15,2011-11-16,701,Europe,165.64,1.19
17369,United Kingdom,2010-09-10,456,1,979.2,979.2,1,1152.0,1,1,2010-09-10,2010-09-10,0,Europe,1152.0,0.85
17370,United Kingdom,2011-06-23,73,4,446.18,111.55,0,540.0,31,4,2011-06-23,2011-09-28,97,Europe,135.0,0.83
17371,United Kingdom,2009-12-08,18,6,655.37,109.23,0,281.0,135,6,2009-12-08,2011-11-22,714,Europe,46.83,2.33
17372,United Kingdom,2009-12-03,41,28,4347.31,155.26,0,1863.0,412,28,2009-12-03,2011-10-30,696,Europe,66.54,2.33
17373,United Kingdom,2010-02-28,41,7,1167.5,166.79,0,738.0,65,7,2010-02-28,2011-10-30,609,Europe,105.43,1.58
17374,United Kingdom,2010-11-09,219,3,727.11,242.37,1,155.0,34,3,2010-11-09,2011-05-05,177,Europe,51.67,4.69
17375,United Kingdom,2010-10-04,200,4,660.55,165.14,1,480.0,77,4,2010-10-04,2011-05-24,232,Europe,120.0,1.38
17376,United Kingdom,2010-07-05,71,4,453.64,113.41,0,244.0,41,4,2010-07-05,2011-09-30,452,Europe,61.0,1.86
17377,United Kingdom,2009-12-02,24,78,17644.27,226.21,0,7335.0,505,78,2009-12-02,2011-11-16,714,Europe,94.04,2.41
17378,United Kingdom,2010-11-30,375,1,10.95,10.95,1,1.0,1,1,2010-11-30,2010-11-30,0,Europe,1.0,10.95
17379,United Kingdom,2011-11-28,12,1,389.72,389.72,0,623.0,71,1,2011-11-28,2011-11-28,0,Europe,623.0,0.63
17380,United Kingdom,2010-06-23,435,3,645.0,215.0,1,252.0,5,3,2010-06-23,2010-10-01,100,Europe,84.0,2.56
17381,United Kingdom,2010-06-09,9,38,36398.65,957.86,0,42879.0,50,38,2010-06-09,2011-12-01,540,Europe,1128.39,0.85
17382,United Kingdom,2010-05-19,66,8,902.28,112.79,0,457.0,16,8,2010-05-19,2011-10-05,504,Europe,57.13,1.97
17383,United Kingdom,2010-09-12,5,2,304.09,152.05,0,160.0,51,2,2010-09-12,2011-12-05,449,Europe,80.0,1.9
17384,United Kingdom,2010-08-29,20,3,507.55,169.18,0,121.0,15,3,2010-08-29,2011-11-20,448,Europe,40.33,4.19
17385,United Kingdom,2011-11-25,15,1,256.11,256.11,0,197.0,42,1,2011-11-25,2011-11-25,0,Europe,197.0,1.3
17386,United Kingdom,2010-11-19,8,7,2812.77,401.82,0,1955.0,32,7,2010-11-19,2011-12-02,378,Europe,279.29,1.44
17387,United Kingdom,2011-11-06,20,2,746.81,373.41,0,522.0,71,2,2011-11-06,2011-11-20,14,Europe,261.0,1.43
17388,United Kingdom,2009-12-10,78,11,2675.37,243.22,0,2555.0,41,11,2009-12-10,2011-09-23,652,Europe,232.27,1.05
17389,United Kingdom,2009-12-04,1,61,57215.33,937.96,0,17880.0,63,61,2009-12-04,2011-12-09,735,Europe,293.11,3.2
17390,United Kingdom,2010-10-15,421,1,149.3,149.3,1,49.0,12,1,2010-10-15,2010-10-15,0,Europe,49.0,3.05
17391,United Kingdom,2011-06-28,164,2,508.8,254.4,1,480.0,2,2,2011-06-28,2011-06-29,1,Europe,240.0,1.06
17392,United Kingdom,2010-09-15,307,3,585.92,195.31,1,450.0,66,3,2010-09-15,2011-02-06,144,Europe,150.0,1.3
17393,United Kingdom,2010-08-08,411,2,381.15,190.58,1,238.0,45,2,2010-08-08,2010-10-25,78,Europe,119.0,1.6
17394,United Kingdom,2011-05-04,220,1,203.87,203.87,1,241.0,4,1,2011-05-04,2011-05-04,0,Europe,241.0,0.85
17395,United Kingdom,2010-07-19,509,1,97.5,97.5,1,66.0,3,1,2010-07-19,2010-07-19,0,Europe,66.0,1.48
17396,United Kingdom,2010-09-24,40,14,8409.6,600.69,0,2313.0,29,14,2010-09-24,2011-10-31,402,Europe,165.21,3.64
17397,United Kingdom,2010-10-19,23,3,1198.28,399.43,0,691.0,132,3,2010-10-19,2011-11-17,394,Europe,230.33,1.73
17398,United Kingdom,2011-03-29,115,3,653.38,217.79,0,310.0,30,3,2011-03-29,2011-08-17,141,Europe,103.33,2.11
17400,United Kingdom,2009-12-17,127,8,4623.28,577.91,0,2185.0,345,8,2009-12-17,2011-08-05,596,Europe,273.13,2.12
17401,United Kingdom,2010-06-16,542,1,114.85,114.85,1,34.0,11,1,2010-06-16,2010-06-16,0,Europe,34.0,3.38
17402,United Kingdom,2009-12-16,5,23,4635.56,201.55,0,1450.0,105,23,2009-12-16,2011-12-05,719,Europe,63.04,3.2
17403,United Kingdom,2010-09-15,37,2,382.87,191.44,0,188.0,45,2,2010-09-15,2011-11-03,414,Europe,94.0,2.04
17404,Sweden,2010-01-07,5,23,47781.12,2077.44,0,50679.0,126,23,2010-01-07,2011-12-05,697,Europe,2203.43,0.94
17405,United Kingdom,2011-07-12,2,3,1031.41,343.8,0,726.0,77,3,2011-07-12,2011-12-08,149,Europe,242.0,1.42
17406,United Kingdom,2009-12-06,334,13,4186.95,322.07,1,1847.0,155,13,2009-12-06,2011-01-10,400,Europe,142.08,2.27
17407,United Kingdom,2010-10-24,412,1,552.9,552.9,1,426.0,23,1,2010-10-24,2010-10-24,0,Europe,426.0,1.3
17408,United Kingdom,2010-07-13,164,3,316.09,105.36,0,163.0,7,3,2010-07-13,2011-06-29,351,Europe,54.33,1.94
17409,United Kingdom,2009-12-11,185,10,7793.51,779.35,1,4089.0,50,10,2009-12-11,2011-06-08,544,Europe,408.9,1.91
17410,United Kingdom,2011-05-08,17,5,1214.72,242.94,0,616.0,57,5,2011-05-08,2011-11-23,199,Europe,123.2,1.97
17411,United Kingdom,2009-12-03,13,5,1425.38,285.08,0,608.0,69,5,2009-12-03,2011-11-27,724,Europe,121.6,2.34
17412,United Kingdom,2009-12-02,3,16,4220.22,263.76,0,2554.0,161,16,2009-12-02,2011-12-07,735,Europe,159.63,1.65
17413,United Kingdom,2010-05-19,405,2,560.14,280.07,1,302.0,10,2,2010-05-19,2010-10-31,165,Europe,151.0,1.85
17414,United Kingdom,2009-12-03,44,6,2249.52,374.92,0,6256.0,6,6,2009-12-03,2011-10-27,693,Europe,1042.67,0.36
17415,United Kingdom,2011-09-21,80,1,507.84,507.84,0,114.0,14,1,2011-09-21,2011-09-21,0,Europe,114.0,4.45
17416,United Kingdom,2009-12-14,30,22,17298.45,786.29,0,8769.0,324,22,2009-12-14,2011-11-10,696,Europe,398.59,1.97
17417,United Kingdom,2010-06-09,549,1,164.18,164.18,1,76.0,16,1,2010-06-09,2010-06-09,0,Europe,76.0,2.16
17418,United Kingdom,2010-11-17,43,3,670.06,223.35,0,521.0,40,3,2010-11-17,2011-10-28,345,Europe,173.67,1.29
17419,United Kingdom,2010-01-25,12,18,6126.25,340.35,0,2884.0,203,18,2010-01-25,2011-11-28,672,Europe,160.22,2.12
17420,United Kingdom,2010-11-03,51,6,953.58,158.93,0,446.0,43,6,2010-11-03,2011-10-20,351,Europe,74.33,2.14
17421,United Kingdom,2009-12-04,387,3,1059.41,353.14,1,807.0,46,3,2009-12-04,2010-11-18,349,Europe,269.0,1.31
17422,United Kingdom,2010-06-23,17,11,3594.76,326.8,0,3538.0,149,11,2010-06-23,2011-11-23,518,Europe,321.64,1.02
17423,United Kingdom,2010-11-11,47,3,1118.95,372.98,0,790.0,39,3,2010-11-11,2011-10-24,347,Europe,263.33,1.42
17425,United Kingdom,2011-10-10,20,2,759.17,379.59,0,407.0,42,2,2011-10-10,2011-11-20,41,Europe,203.5,1.87
17426,United Kingdom,2010-02-17,9,13,8077.77,621.37,0,5187.0,248,13,2010-02-17,2011-12-01,652,Europe,399.0,1.56
17427,United Kingdom,2011-09-29,72,1,100.8,100.8,0,34.0,2,1,2011-09-29,2011-09-29,0,Europe,34.0,2.96
17428,United Kingdom,2009-12-01,1,45,31466.76,699.26,0,17356.0,422,45,2009-12-01,2011-12-09,738,Europe,385.69,1.81
17429,United Kingdom,2010-10-06,129,5,1357.46,271.49,0,1286.0,80,5,2010-10-06,2011-08-03,301,Europe,257.2,1.06
17430,United Kingdom,2010-08-17,33,4,622.57,155.64,0,455.0,30,4,2010-08-17,2011-11-07,447,Europe,113.75,1.37
17431,United Kingdom,2011-01-30,314,1,403.3,403.3,1,292.0,41,1,2011-01-30,2011-01-30,0,Europe,292.0,1.38
17432,United Kingdom,2009-12-03,19,9,1728.99,192.11,0,1008.0,213,9,2009-12-03,2011-11-21,718,Europe,112.0,1.72
17433,United Kingdom,2010-11-19,89,2,569.96,284.98,0,305.0,81,2,2010-11-19,2011-09-12,297,Europe,152.5,1.87
17434,United Kingdom,2011-09-15,3,7,2373.82,339.12,0,1693.0,100,7,2011-09-15,2011-12-07,83,Europe,241.86,1.4
17435,United Kingdom,2010-10-24,412,1,331.35,331.35,1,195.0,15,1,2010-10-24,2010-10-24,0,Europe,195.0,1.7
17436,United Kingdom,2009-12-07,2,5,534.06,106.81,0,178.0,8,5,2009-12-07,2011-12-08,731,Europe,35.6,3.0
17437,United Kingdom,2010-06-28,530,1,369.68,369.68,1,283.0,52,1,2010-06-28,2010-06-28,0,Europe,283.0,1.31
17438,United Kingdom,2010-03-08,254,5,1422.77,284.55,1,553.0,49,5,2010-03-08,2011-03-31,388,Europe,110.6,2.57
17439,United Kingdom,2010-02-22,656,1,325.74,325.74,1,370.0,8,1,2010-02-22,2010-02-22,0,Europe,370.0,0.88
17440,United Kingdom,2010-06-08,157,4,323.58,80.9,0,282.0,4,4,2010-06-08,2011-07-06,393,Europe,70.5,1.15
17441,United Kingdom,2009-12-07,733,1,293.35,293.35,1,245.0,21,1,2009-12-07,2009-12-07,0,Europe,245.0,1.2
17442,United Kingdom,2010-02-15,37,15,4620.3,308.02,0,3134.0,188,15,2010-02-15,2011-11-03,626,Europe,208.93,1.47
17443,Canada,2011-05-04,220,1,534.24,534.24,1,504.0,1,1,2011-05-04,2011-05-04,0,North America,504.0,1.06
17444,Canada,2011-06-20,148,3,2940.04,980.01,0,2119.0,132,3,2011-06-20,2011-07-15,25,North America,706.33,1.39
17446,United Kingdom,2011-02-02,177,2,120.9,60.45,1,198.0,6,2,2011-02-02,2011-06-16,134,Europe,99.0,0.61
17447,United Kingdom,2011-09-29,41,2,541.53,270.77,0,443.0,33,2,2011-09-29,2011-10-30,31,Europe,221.5,1.22
17448,United Kingdom,2010-03-04,498,46,14523.67,315.73,1,11534.0,569,46,2010-03-04,2010-07-30,148,Europe,250.74,1.26
17449,United Kingdom,2009-12-09,3,13,4868.15,374.47,0,2483.0,292,13,2009-12-09,2011-12-07,728,Europe,191.0,1.96
17450,United Kingdom,2010-09-27,9,51,244784.25,4799.69,0,83914.0,144,51,2010-09-27,2011-12-01,430,Europe,1645.37,2.92
17451,United Kingdom,2011-08-26,2,7,1721.4,245.91,0,1203.0,83,7,2011-08-26,2011-12-08,104,Europe,171.86,1.43
17453,United Kingdom,2011-10-06,18,2,486.72,243.36,0,219.0,19,2,2011-10-06,2011-11-22,47,Europe,109.5,2.22
17454,United Kingdom,2010-01-15,193,10,1547.94,154.79,1,727.0,98,10,2010-01-15,2011-05-31,501,Europe,72.7,2.13
17455,United Kingdom,2011-05-20,204,1,131.7,131.7,1,66.0,8,1,2011-05-20,2011-05-20,0,Europe,66.0,2.0
17456,United Kingdom,2010-09-09,366,2,975.56,487.78,1,508.0,59,2,2010-09-09,2010-12-09,91,Europe,254.0,1.92
17457,United Kingdom,2009-12-07,127,14,5984.81,427.49,0,2695.0,30,14,2009-12-07,2011-08-05,606,Europe,192.5,2.22
17458,United Kingdom,2010-11-23,16,2,529.58,264.79,0,282.0,81,2,2010-11-23,2011-11-24,366,Europe,141.0,1.88
17459,United Kingdom,2011-10-10,44,2,657.3,328.65,0,537.0,88,2,2011-10-10,2011-10-27,17,Europe,268.5,1.22
17460,United Kingdom,2010-01-22,95,16,2157.97,134.87,0,954.0,93,16,2010-01-22,2011-09-06,592,Europe,59.63,2.26
17461,United Kingdom,2011-11-10,23,3,735.82,245.27,0,770.0,104,3,2011-11-10,2011-11-17,7,Europe,256.67,0.96
17462,United Kingdom,2011-02-28,61,2,675.69,337.85,0,227.0,25,2,2011-02-28,2011-10-10,224,Europe,113.5,2.98
17463,United Kingdom,2010-04-29,17,7,2535.26,362.18,0,1480.0,234,7,2010-04-29,2011-11-23,573,Europe,211.43,1.71
17464,United Kingdom,2010-03-30,159,3,907.14,302.38,0,608.0,35,3,2010-03-30,2011-07-04,461,Europe,202.67,1.49
17465,United Kingdom,2009-12-03,426,7,2542.79,363.26,1,1477.0,103,7,2009-12-03,2010-10-10,311,Europe,211.0,1.72
17466,United Kingdom,2011-09-22,11,2,763.28,381.64,0,306.0,41,2,2011-09-22,2011-11-29,68,Europe,153.0,2.49
17467,United Kingdom,2010-11-09,396,1,102.6,102.6,1,20.0,4,1,2010-11-09,2010-11-09,0,Europe,20.0,5.13
17468,United Kingdom,2010-11-29,11,3,194.8,64.93,0,184.0,8,3,2010-11-29,2011-11-29,365,Europe,61.33,1.06
17469,United Kingdom,2009-12-16,17,17,5051.25,297.13,0,2304.0,165,17,2009-12-16,2011-11-23,707,Europe,135.53,2.19
17470,United Kingdom,2010-07-19,45,11,2626.47,238.77,0,2731.0,111,11,2010-07-19,2011-10-26,464,Europe,248.27,0.96
17471,United Kingdom,2010-08-22,475,1,321.65,321.65,1,153.0,19,1,2010-08-22,2010-08-22,0,Europe,153.0,2.1
17472,United Kingdom,2010-03-21,192,4,922.35,230.59,1,551.0,183,4,2010-03-21,2011-06-01,437,Europe,137.75,1.67
17473,United Kingdom,2010-09-09,409,2,607.0,303.5,1,270.0,33,2,2010-09-09,2010-10-27,48,Europe,135.0,2.25
17474,United Kingdom,2010-04-19,600,1,1047.0,1047.0,1,200.0,6,1,2010-04-19,2010-04-19,0,Europe,200.0,5.24
17475,United Kingdom,2011-09-21,80,1,194.37,194.37,0,178.0,14,1,2011-09-21,2011-09-21,0,Europe,178.0,1.09
17476,United Kingdom,2009-12-02,396,2,489.86,244.93,1,224.0,29,2,2009-12-02,2010-11-09,342,Europe,112.0,2.19
17477,United Kingdom,2010-03-02,613,2,1144.3,572.15,1,225.0,44,2,2010-03-02,2010-04-06,35,Europe,112.5,5.09
17478,United Kingdom,2010-03-16,409,2,1272.8,636.4,1,516.0,40,2,2010-03-16,2010-10-27,225,Europe,258.0,2.47
17479,United Kingdom,2010-03-17,633,1,389.26,389.26,1,266.0,18,1,2010-03-17,2010-03-17,0,Europe,266.0,1.46
17480,United Kingdom,2010-09-21,78,2,882.23,441.12,0,581.0,50,2,2010-09-21,2011-09-23,367,Europe,290.5,1.52
17481,United Kingdom,2011-09-07,4,4,1255.59,313.9,0,1061.0,69,4,2011-09-07,2011-12-06,90,Europe,265.25,1.18
17482,United Kingdom,2010-05-10,488,2,775.64,387.82,1,240.0,50,2,2010-05-10,2010-08-09,91,Europe,120.0,3.23
17483,United Kingdom,2010-10-21,66,4,591.73,147.93,0,265.0,23,4,2010-10-21,2011-10-05,349,Europe,66.25,2.23
17484,United Kingdom,2010-03-25,577,2,209.57,104.79,1,339.0,14,2,2010-03-25,2010-05-12,48,Europe,169.5,0.62
17486,United Kingdom,2011-03-23,262,1,396.87,396.87,1,191.0,24,1,2011-03-23,2011-03-23,0,Europe,191.0,2.08
17487,United Kingdom,2009-12-11,729,1,160.55,160.55,1,37.0,8,1,2009-12-11,2009-12-11,0,Europe,37.0,4.34
17488,United Kingdom,2010-03-08,642,1,336.5,336.5,1,136.0,18,1,2010-03-08,2010-03-08,0,Europe,136.0,2.47
17489,United Kingdom,2011-05-11,59,2,376.64,188.32,0,428.0,28,2,2011-05-11,2011-10-12,154,Europe,214.0,0.88
17490,United Kingdom,2010-05-19,1,9,2750.5,305.61,0,1531.0,93,9,2010-05-19,2011-12-09,569,Europe,170.11,1.8
17491,United Kingdom,2010-04-28,2,17,5653.67,332.57,0,3362.0,105,17,2010-04-28,2011-12-08,589,Europe,197.76,1.68
17492,United Kingdom,2010-07-09,249,3,1122.42,374.14,1,450.0,32,3,2010-07-09,2011-04-05,270,Europe,150.0,2.49
17493,United Kingdom,2010-11-19,386,1,100.91,100.91,1,62.0,8,1,2010-11-19,2010-11-19,0,Europe,62.0,1.63
17494,United Kingdom,2010-07-26,502,1,54.7,54.7,1,26.0,3,1,2010-07-26,2010-07-26,0,Europe,26.0,2.1
17495,United Kingdom,2010-11-14,8,3,806.72,268.91,0,367.0,38,3,2010-11-14,2011-12-02,383,Europe,122.33,2.2
17496,United Kingdom,2010-01-14,359,4,1412.89,353.22,1,675.0,54,4,2010-01-14,2010-12-16,336,Europe,168.75,2.09
17497,United Kingdom,2010-04-08,391,2,287.25,143.63,1,59.0,7,2,2010-04-08,2010-11-14,220,Europe,29.5,4.87
17498,United Kingdom,2011-09-25,76,1,272.22,272.22,0,394.0,17,1,2011-09-25,2011-09-25,0,Europe,394.0,0.69
17499,United Kingdom,2010-05-27,290,2,1341.39,670.7,1,1086.0,66,2,2010-05-27,2011-02-23,272,Europe,543.0,1.24
17500,United Kingdom,2011-11-10,18,3,1138.0,379.33,0,17.0,3,3,2011-11-10,2011-11-22,12,Europe,5.67,66.94
17501,United Kingdom,2011-05-03,221,2,288.6,144.3,1,160.0,18,2,2011-05-03,2011-05-03,0,Europe,80.0,1.8
17502,United Kingdom,2011-11-10,10,4,689.1,172.28,0,376.0,25,4,2011-11-10,2011-11-30,20,Europe,94.0,1.83
17503,United Kingdom,2011-11-01,3,2,558.96,279.48,0,486.0,36,2,2011-11-01,2011-12-07,36,Europe,243.0,1.15
17504,United Kingdom,2010-02-08,207,18,9490.17,527.23,1,5420.0,244,18,2010-02-08,2011-05-17,463,Europe,301.11,1.75
17505,United Kingdom,2010-04-13,162,5,2435.48,487.1,0,1242.0,83,5,2010-04-13,2011-07-01,444,Europe,248.4,1.96
17506,United Kingdom,2011-09-25,76,1,302.2,302.2,0,139.0,14,1,2011-09-25,2011-09-25,0,Europe,139.0,2.17
17507,United Kingdom,2011-02-03,262,2,605.58,302.79,1,359.0,79,2,2011-02-03,2011-03-23,48,Europe,179.5,1.69
17508,Greece,2009-12-07,281,8,4579.23,572.4,1,2891.0,199,8,2009-12-07,2011-03-04,452,Europe,361.38,1.58
17509,United Kingdom,2011-10-07,58,8,6083.64,760.46,0,3512.0,75,8,2011-10-07,2011-10-13,6,Europe,439.0,1.73
17510,United Kingdom,2010-10-15,25,2,514.56,257.28,0,422.0,28,2,2010-10-15,2011-11-15,396,Europe,211.0,1.22
17511,United Kingdom,2009-12-02,3,60,172132.87,2868.88,0,117174.0,657,60,2009-12-02,2011-12-07,735,Europe,1952.9,1.47
17512,United Kingdom,2009-12-10,29,18,5467.82,303.77,0,5434.0,102,18,2009-12-10,2011-11-11,701,Europe,301.89,1.01
17513,United Kingdom,2010-08-17,73,3,1158.8,386.27,0,440.0,18,3,2010-08-17,2011-09-28,407,Europe,146.67,2.63
17514,United Kingdom,2010-02-08,129,2,522.0,261.0,1,284.0,72,2,2010-02-08,2011-08-03,541,Europe,142.0,1.84
17515,United Kingdom,2010-06-07,32,9,1602.51,178.06,0,527.0,91,9,2010-06-07,2011-11-08,519,Europe,58.56,3.04
17516,United Kingdom,2010-11-26,16,6,947.5,157.92,0,522.0,150,6,2010-11-26,2011-11-24,363,Europe,87.0,1.82
17517,United Kingdom,2011-02-04,309,1,153.94,153.94,1,102.0,11,1,2011-02-04,2011-02-04,0,Europe,102.0,1.51
17518,United Kingdom,2010-03-28,426,2,329.42,164.71,1,267.0,71,2,2010-03-28,2010-10-10,196,Europe,133.5,1.23
17519,United Kingdom,2009-12-01,18,15,4774.17,318.28,0,3230.0,142,15,2009-12-01,2011-11-22,721,Europe,215.33,1.48
17520,United Kingdom,2011-10-17,54,1,546.81,546.81,0,365.0,30,1,2011-10-17,2011-10-17,0,Europe,365.0,1.5
17521,United Kingdom,2010-10-01,30,5,1278.06,255.61,0,806.0,65,5,2010-10-01,2011-11-10,405,Europe,161.2,1.59
17522,United Kingdom,2011-05-05,2,5,1070.71,214.14,0,1034.0,59,5,2011-05-05,2011-12-08,217,Europe,206.8,1.04
17523,United Kingdom,2011-11-20,12,4,652.74,163.19,0,872.0,25,4,2011-11-20,2011-11-28,8,Europe,218.0,0.75
17524,United Kingdom,2010-09-27,362,3,539.14,179.71,1,362.0,37,3,2010-09-27,2010-12-13,77,Europe,120.67,1.49
17525,United Kingdom,2010-10-07,360,3,1161.9,387.3,1,338.0,19,3,2010-10-07,2010-12-15,69,Europe,112.67,3.44
17526,United Kingdom,2009-12-17,5,12,3939.24,328.27,0,1442.0,67,12,2009-12-17,2011-12-05,718,Europe,120.17,2.73
17527,United Kingdom,2011-05-05,54,4,939.37,234.84,0,488.0,45,4,2011-05-05,2011-10-17,165,Europe,122.0,1.92
17528,United Kingdom,2011-09-29,2,8,3628.5,453.56,0,2138.0,183,8,2011-09-29,2011-12-08,70,Europe,267.25,1.7
17529,United Kingdom,2010-01-11,611,2,1240.25,620.13,1,790.0,78,2,2010-01-11,2010-04-08,87,Europe,395.0,1.57
17530,United Kingdom,2009-12-06,2,12,2791.69,232.64,0,1741.0,359,12,2009-12-06,2011-12-08,732,Europe,145.08,1.6
17531,United Kingdom,2010-03-31,191,3,1266.82,422.27,1,472.0,54,3,2010-03-31,2011-06-02,428,Europe,157.33,2.68
17532,United Kingdom,2010-11-19,386,1,65.34,65.34,1,30.0,4,1,2010-11-19,2010-11-19,0,Europe,30.0,2.18
17533,United Kingdom,2010-10-01,435,1,34.8,34.8,1,24.0,1,1,2010-10-01,2010-10-01,0,Europe,24.0,1.45
17534,United Kingdom,2010-02-25,54,5,1668.83,333.77,0,860.0,76,5,2010-02-25,2011-10-17,599,Europe,172.0,1.94
17535,United Kingdom,2011-03-04,281,1,164.4,164.4,1,136.0,13,1,2011-03-04,2011-03-04,0,Europe,136.0,1.21
17536,United Kingdom,2010-01-26,178,3,364.83,121.61,0,201.0,16,3,2010-01-26,2011-06-15,505,Europe,67.0,1.82
17537,United Kingdom,2011-02-09,30,2,887.67,443.84,0,699.0,74,2,2011-02-09,2011-11-10,274,Europe,349.5,1.27
17538,United Kingdom,2011-11-14,26,1,98.42,98.42,0,134.0,9,1,2011-11-14,2011-11-14,0,Europe,134.0,0.73
17539,United Kingdom,2009-12-13,618,4,1176.84,294.21,1,708.0,132,4,2009-12-13,2010-04-01,109,Europe,177.0,1.66
17540,United Kingdom,2010-04-19,25,6,1590.6,265.1,0,588.0,41,6,2010-04-19,2011-11-15,575,Europe,98.0,2.71
17541,United Kingdom,2010-07-18,510,1,119.86,119.86,1,44.0,31,1,2010-07-18,2010-07-18,0,Europe,44.0,2.72
17542,United Kingdom,2010-03-08,270,3,340.85,113.62,1,323.0,57,3,2010-03-08,2011-03-15,372,Europe,107.67,1.06
17543,United Kingdom,2010-06-08,550,1,120.05,120.05,1,62.0,13,1,2010-06-08,2010-06-08,0,Europe,62.0,1.94
17544,United Kingdom,2010-11-14,391,3,944.82,314.94,1,410.0,80,3,2010-11-14,2010-11-14,0,Europe,136.67,2.3
17545,United Kingdom,2010-05-11,44,6,1409.86,234.98,0,682.0,204,6,2010-05-11,2011-10-27,534,Europe,113.67,2.07
17547,United Kingdom,2010-02-12,376,2,727.85,363.93,1,223.0,22,2,2010-02-12,2010-11-29,290,Europe,111.5,3.26
17548,United Kingdom,2010-11-08,234,4,731.26,182.82,1,494.0,22,4,2010-11-08,2011-04-20,163,Europe,123.5,1.48
17549,United Kingdom,2011-10-19,24,2,148.86,74.43,0,210.0,5,2,2011-10-19,2011-11-16,28,Europe,105.0,0.71
17550,United Kingdom,2010-02-07,198,9,2506.64,278.52,1,968.0,250,9,2010-02-07,2011-05-26,473,Europe,107.56,2.59
17551,United Kingdom,2010-12-15,360,1,290.34,290.34,1,142.0,39,1,2010-12-15,2010-12-15,0,Europe,142.0,2.04
17552,United Kingdom,2010-03-22,61,12,2786.77,232.23,0,1951.0,78,12,2010-03-22,2011-10-10,567,Europe,162.58,1.43
17553,United Kingdom,2010-04-08,130,4,3757.6,939.4,0,2288.0,2,4,2010-04-08,2011-08-02,481,Europe,572.0,1.64
17554,United Kingdom,2011-07-14,2,5,1952.45,390.49,0,1763.0,58,5,2011-07-14,2011-12-08,147,Europe,352.6,1.11
17555,United Kingdom,2010-05-02,20,5,1045.74,209.15,0,739.0,220,5,2010-05-02,2011-11-20,567,Europe,147.8,1.42
17556,United Kingdom,2010-11-25,206,2,300.67,150.34,1,184.0,13,2,2010-11-25,2011-05-18,174,Europe,92.0,1.63
17557,United Kingdom,2009-12-07,15,4,575.46,143.87,0,310.0,28,4,2009-12-07,2011-11-25,718,Europe,77.5,1.86
17558,United Kingdom,2010-11-11,394,1,259.17,259.17,1,54.0,28,1,2010-11-11,2010-11-11,0,Europe,54.0,4.8
17559,United Kingdom,2010-07-15,513,1,167.62,167.62,1,270.0,12,1,2010-07-15,2010-07-15,0,Europe,270.0,0.62
17560,United Kingdom,2010-02-17,95,8,1895.8,236.98,0,1588.0,37,8,2010-02-17,2011-09-06,566,Europe,198.5,1.19
17561,United Kingdom,2009-12-06,20,4,703.02,175.76,0,381.0,163,4,2009-12-06,2011-11-20,714,Europe,95.25,1.85
17562,United Kingdom,2011-06-19,15,7,1122.38,160.34,0,817.0,48,7,2011-06-19,2011-11-25,159,Europe,116.71,1.37
17563,United Kingdom,2010-04-07,579,2,392.38,196.19,1,256.0,27,2,2010-04-07,2010-05-10,33,Europe,128.0,1.53
17564,United Kingdom,2011-09-20,25,3,454.01,151.34,0,146.0,38,3,2011-09-20,2011-11-15,56,Europe,48.67,3.11
17565,United Kingdom,2010-05-02,587,1,131.83,131.83,1,67.0,30,1,2010-05-02,2010-05-02,0,Europe,67.0,1.97
17566,United Kingdom,2011-11-14,9,2,869.77,434.89,0,497.0,113,2,2011-11-14,2011-12-01,17,Europe,248.5,1.75
17567,United Kingdom,2010-09-24,8,9,4838.08,537.56,0,2908.0,128,9,2010-09-24,2011-12-02,434,Europe,323.11,1.66
17568,United Kingdom,2010-03-16,634,1,374.45,374.45,1,275.0,61,1,2010-03-16,2010-03-16,0,Europe,275.0,1.36
17569,United Kingdom,2011-01-11,333,1,344.14,344.14,1,159.0,29,1,2011-01-11,2011-01-11,0,Europe,159.0,2.16
17570,United Kingdom,2010-11-23,382,1,100.0,100.0,1,1.0,1,1,2010-11-23,2010-11-23,0,Europe,1.0,100.0
17571,United Kingdom,2010-06-15,51,5,1630.91,326.18,0,991.0,290,5,2010-06-15,2011-10-20,492,Europe,198.2,1.65
17572,United Kingdom,2009-12-15,72,10,652.21,65.22,0,327.0,14,10,2009-12-15,2011-09-29,653,Europe,32.7,1.99
17573,United Kingdom,2011-09-07,30,3,380.6,126.87,0,308.0,24,3,2011-09-07,2011-11-10,64,Europe,102.67,1.24
17574,United Kingdom,2011-04-11,243,1,185.65,185.65,1,77.0,8,1,2011-04-11,2011-04-11,0,Europe,77.0,2.41
17575,United Kingdom,2010-02-10,668,1,171.7,171.7,1,72.0,5,1,2010-02-10,2010-02-10,0,Europe,72.0,2.38
17576,United Kingdom,2009-12-03,9,41,8711.95,212.49,0,4583.0,417,41,2009-12-03,2011-12-01,728,Europe,111.78,1.9
17577,United Kingdom,2010-02-09,646,2,348.75,174.38,1,179.0,20,2,2010-02-09,2010-03-04,23,Europe,89.5,1.95
17578,United Kingdom,2010-06-28,219,7,1047.33,149.62,1,529.0,57,7,2010-06-28,2011-05-05,311,Europe,75.57,1.98
17579,United Kingdom,2010-05-10,5,4,753.28,188.32,0,375.0,89,4,2010-05-10,2011-12-05,574,Europe,93.75,2.01
17580,United Kingdom,2010-10-13,253,5,541.02,108.2,1,223.0,78,5,2010-10-13,2011-04-01,170,Europe,44.6,2.43
17581,United Kingdom,2009-12-03,1,43,17951.17,417.47,0,9519.0,387,43,2009-12-03,2011-12-09,736,Europe,221.37,1.89
17582,United Kingdom,2010-03-26,237,5,1446.95,289.39,1,603.0,92,5,2010-03-26,2011-04-17,387,Europe,120.6,2.4
17583,United Kingdom,2010-05-28,561,1,135.95,135.95,1,55.0,7,1,2010-05-28,2010-05-28,0,Europe,55.0,2.47
17584,United Kingdom,2010-01-25,8,6,5309.42,884.9,0,2464.0,85,6,2010-01-25,2011-12-02,676,Europe,410.67,2.15
17585,United Kingdom,2010-08-18,110,7,2064.71,294.96,0,2510.0,295,7,2010-08-18,2011-08-22,369,Europe,358.57,0.82
17586,United Kingdom,2010-03-30,620,1,167.4,167.4,1,68.0,8,1,2010-03-30,2010-03-30,0,Europe,68.0,2.46
17587,United Kingdom,2010-03-21,629,1,176.71,176.71,1,67.0,42,1,2010-03-21,2010-03-21,0,Europe,67.0,2.64
17588,United Kingdom,2010-03-12,101,7,2939.55,419.94,0,1379.0,35,7,2010-03-12,2011-08-31,537,Europe,197.0,2.13
17589,United Kingdom,2010-03-07,61,18,13837.94,768.77,0,8704.0,601,18,2010-03-07,2011-10-10,582,Europe,483.56,1.59
17590,United Kingdom,2011-10-30,3,3,1468.02,489.34,0,822.0,162,3,2011-10-30,2011-12-07,38,Europe,274.0,1.79
17591,United Kingdom,2010-01-17,74,8,2339.32,292.42,0,1028.0,93,8,2010-01-17,2011-09-27,618,Europe,128.5,2.28
17592,United Kingdom,2009-12-01,739,1,148.3,148.3,1,38.0,13,1,2009-12-01,2009-12-01,0,Europe,38.0,3.9
17593,United Kingdom,2009-12-04,4,11,8092.32,735.67,0,5595.0,311,11,2009-12-04,2011-12-06,732,Europe,508.64,1.45
17594,United Kingdom,2010-04-14,86,4,2497.88,624.47,0,1368.0,70,4,2010-04-14,2011-09-15,519,Europe,342.0,1.83
17595,United Kingdom,2011-11-02,13,2,386.69,193.35,0,228.0,68,2,2011-11-02,2011-11-27,25,Europe,114.0,1.7
17596,United Kingdom,2009-12-15,24,13,4491.46,345.5,0,7010.0,274,13,2009-12-15,2011-11-16,701,Europe,539.23,0.64
17597,United Kingdom,2010-05-05,214,5,3484.09,696.82,1,2215.0,109,5,2010-05-05,2011-05-10,370,Europe,443.0,1.57
17598,United Kingdom,2010-11-23,382,1,409.98,409.98,1,126.0,10,1,2010-11-23,2010-11-23,0,Europe,126.0,3.25
17599,United Kingdom,2010-08-19,478,1,52.05,52.05,1,11.0,3,1,2010-08-19,2010-08-19,0,Europe,11.0,4.73
17600,United Kingdom,2011-11-22,18,1,161.67,161.67,0,144.0,13,1,2011-11-22,2011-11-22,0,Europe,144.0,1.12
17601,United Kingdom,2010-11-24,240,2,413.08,206.54,1,295.0,69,2,2010-11-24,2011-04-14,141,Europe,147.5,1.4
17602,United Kingdom,2010-03-30,3,14,7354.43,525.32,0,5880.0,450,14,2010-03-30,2011-12-07,617,Europe,420.0,1.25
17603,United Kingdom,2009-12-10,79,4,1788.38,447.1,0,638.0,104,4,2009-12-10,2011-09-22,651,Europe,159.5,2.8
17604,United Kingdom,2010-01-27,218,6,942.38,157.06,1,614.0,142,6,2010-01-27,2011-05-06,464,Europe,102.33,1.53
17605,United Kingdom,2010-04-28,591,1,160.75,160.75,1,71.0,13,1,2010-04-28,2010-04-28,0,Europe,71.0,2.26
17606,United Kingdom,2009-12-02,738,1,87.3,87.3,1,42.0,6,1,2009-12-02,2009-12-02,0,Europe,42.0,2.08
17607,United Kingdom,2010-11-28,377,1,333.81,333.81,1,269.0,22,1,2010-11-28,2010-11-28,0,Europe,269.0,1.24
17608,United Kingdom,2010-04-11,34,4,488.06,122.02,0,528.0,134,4,2010-04-11,2011-11-06,574,Europe,132.0,0.92
17609,United Kingdom,2010-04-09,41,11,1887.9,171.63,0,1321.0,317,11,2010-04-09,2011-10-30,569,Europe,120.09,1.43
17610,United Kingdom,2009-12-06,541,5,1511.94,302.39,1,893.0,114,5,2009-12-06,2010-06-17,193,Europe,178.6,1.69
17611,United Kingdom,2009-12-01,8,28,8337.53,297.77,0,5341.0,722,28,2009-12-01,2011-12-02,731,Europe,190.75,1.56
17612,United Kingdom,2009-12-17,54,18,5394.86,299.71,0,3521.0,213,18,2009-12-17,2011-10-17,669,Europe,195.61,1.53
17613,United Kingdom,2011-02-07,23,14,4544.55,324.61,0,2490.0,211,14,2011-02-07,2011-11-17,283,Europe,177.86,1.83
17614,United Kingdom,2011-10-13,58,1,386.32,386.32,0,235.0,97,1,2011-10-13,2011-10-13,0,Europe,235.0,1.64
17615,United Kingdom,2010-08-11,131,6,721.8,120.3,0,378.0,47,6,2010-08-11,2011-08-01,355,Europe,63.0,1.91
17616,United Kingdom,2010-09-14,174,4,734.4,183.6,0,288.0,1,4,2010-09-14,2011-06-19,278,Europe,72.0,2.55
17617,United Kingdom,2010-05-30,559,1,385.19,385.19,1,249.0,18,1,2010-05-30,2010-05-30,0,Europe,249.0,1.55
17618,United Kingdom,2010-01-24,6,11,4001.64,363.79,0,1798.0,202,11,2010-01-24,2011-12-04,679,Europe,163.45,2.23
17619,United Kingdom,2011-01-31,313,1,214.37,214.37,1,124.0,71,1,2011-01-31,2011-01-31,0,Europe,124.0,1.73
17620,United Kingdom,2011-10-11,60,1,81.44,81.44,0,60.0,4,1,2011-10-11,2011-10-11,0,Europe,60.0,1.36
17621,United Kingdom,2010-10-04,22,6,3175.12,529.19,0,1110.0,61,6,2010-10-04,2011-11-18,410,Europe,185.0,2.86
17622,United Kingdom,2010-04-20,598,2,1130.21,565.11,1,379.0,19,2,2010-04-20,2010-04-21,1,Europe,189.5,2.98
17623,United Kingdom,2009-12-14,33,7,2365.77,337.97,0,799.0,130,7,2009-12-14,2011-11-07,693,Europe,114.14,2.96
17624,United Kingdom,2009-12-20,15,4,1568.63,392.16,0,958.0,91,4,2009-12-20,2011-11-25,705,Europe,239.5,1.64
17625,United Kingdom,2009-12-15,19,8,5978.9,747.36,0,3505.0,429,8,2009-12-15,2011-11-21,706,Europe,438.13,1.71
17626,United Kingdom,2010-04-16,603,1,254.0,254.0,1,202.0,18,1,2010-04-16,2010-04-16,0,Europe,202.0,1.26
17627,United Kingdom,2010-08-18,479,1,296.36,296.36,1,676.0,10,1,2010-08-18,2010-08-18,0,Europe,676.0,0.44
17628,United Kingdom,2011-09-19,82,1,75.75,75.75,1,79.0,5,1,2011-09-19,2011-09-19,0,Europe,79.0,0.96
17629,United Kingdom,2010-10-14,6,10,2455.52,245.55,0,1903.0,129,10,2010-10-14,2011-12-04,416,Europe,190.3,1.29
17630,United Kingdom,2011-04-21,170,2,503.6,251.8,1,158.0,24,2,2011-04-21,2011-06-23,63,Europe,79.0,3.19
17631,United Kingdom,2009-12-09,2,7,998.49,142.64,0,591.0,66,7,2009-12-09,2011-12-08,729,Europe,84.43,1.69
17633,United Kingdom,2010-11-15,32,7,2057.39,293.91,0,899.0,84,7,2010-11-15,2011-11-08,358,Europe,128.43,2.29
17634,United Kingdom,2011-01-06,37,9,2358.59,262.07,0,838.0,209,9,2011-01-06,2011-11-03,301,Europe,93.11,2.81
17635,United Kingdom,2010-04-28,425,3,1265.58,421.86,1,770.0,60,3,2010-04-28,2010-10-11,166,Europe,256.67,1.64
17636,United Kingdom,2011-11-20,20,1,285.56,285.56,0,182.0,20,1,2011-11-20,2011-11-20,0,Europe,182.0,1.57
17637,United Kingdom,2011-08-16,32,2,547.06,273.53,0,280.0,35,2,2011-08-16,2011-11-08,84,Europe,140.0,1.95
17638,United Kingdom,2009-12-18,648,2,842.4,421.2,1,432.0,2,2,2009-12-18,2010-03-02,74,Europe,216.0,1.95
17639,United Kingdom,2010-08-13,277,6,615.17,102.53,1,576.0,59,6,2010-08-13,2011-03-08,207,Europe,96.0,1.07
17640,United Kingdom,2010-03-23,87,6,3168.94,528.16,0,1692.0,48,6,2010-03-23,2011-09-14,540,Europe,282.0,1.87
17642,United Kingdom,2009-12-05,120,5,1824.49,364.9,0,1475.0,88,5,2009-12-05,2011-08-12,615,Europe,295.0,1.24
17643,United Kingdom,2010-07-22,374,2,439.7,219.85,1,226.0,30,2,2010-07-22,2010-12-01,132,Europe,113.0,1.95
17644,United Kingdom,2010-02-16,2,20,6028.6,301.43,0,3469.0,160,20,2010-02-16,2011-12-08,660,Europe,173.45,1.74
17646,United Kingdom,2009-12-16,220,12,3898.79,324.9,1,1308.0,124,12,2009-12-16,2011-05-04,504,Europe,109.0,2.98
17647,United Kingdom,2010-02-08,66,3,331.66,110.55,0,82.0,12,3,2010-02-08,2011-10-05,604,Europe,27.33,4.04
17648,United Kingdom,2010-11-19,61,5,2216.37,443.27,0,954.0,114,5,2010-11-19,2011-10-10,325,Europe,190.8,2.32
17649,United Kingdom,2010-08-24,139,3,1578.89,526.3,0,723.0,88,3,2010-08-24,2011-07-24,334,Europe,241.0,2.18
17650,United Kingdom,2011-11-18,22,1,166.08,166.08,0,150.0,8,1,2011-11-18,2011-11-18,0,Europe,150.0,1.11
17651,United Kingdom,2010-07-01,12,16,5703.52,356.47,0,4086.0,198,16,2010-07-01,2011-11-28,515,Europe,255.38,1.4
17652,United Kingdom,2011-03-03,26,12,4867.72,405.64,0,2509.0,118,12,2011-03-03,2011-11-14,256,Europe,209.08,1.94
17653,United Kingdom,2011-08-11,37,4,1207.56,301.89,0,1409.0,44,4,2011-08-11,2011-11-03,84,Europe,352.25,0.86
17654,United Kingdom,2011-03-07,278,1,117.55,117.55,1,41.0,22,1,2011-03-07,2011-03-07,0,Europe,41.0,2.87
17655,United Kingdom,2010-10-19,11,9,2976.38,330.71,0,1268.0,75,9,2010-10-19,2011-11-29,406,Europe,140.89,2.35
17656,United Kingdom,2011-08-03,74,5,1674.69,334.94,0,1399.0,67,5,2011-08-03,2011-09-27,55,Europe,279.8,1.2
17657,United Kingdom,2010-10-05,431,1,126.0,126.0,1,60.0,7,1,2010-10-05,2010-10-05,0,Europe,60.0,2.1
17658,United Kingdom,2011-05-12,26,2,595.42,297.71,0,616.0,17,2,2011-05-12,2011-11-14,186,Europe,308.0,0.97
17659,United Kingdom,2010-11-18,18,14,3586.99,256.21,0,1752.0,150,14,2010-11-18,2011-11-22,369,Europe,125.14,2.05
17660,United Kingdom,2009-12-02,142,2,342.22,171.11,1,259.0,75,2,2009-12-02,2011-07-21,596,Europe,129.5,1.32
17662,United Kingdom,2009-12-17,662,2,412.92,206.46,1,184.0,14,2,2009-12-17,2010-02-16,61,Europe,92.0,2.24
17663,United Kingdom,2010-03-04,26,17,5175.83,304.46,0,2297.0,153,17,2010-03-04,2011-11-14,620,Europe,135.12,2.25
17664,United Kingdom,2010-03-29,19,4,1166.23,291.56,0,1058.0,68,4,2010-03-29,2011-11-21,602,Europe,264.5,1.1
17665,United Kingdom,2010-08-03,494,1,563.1,563.1,1,690.0,19,1,2010-08-03,2010-08-03,0,Europe,690.0,0.82
17666,United Kingdom,2010-06-30,4,5,2047.8,409.56,0,1552.0,30,5,2010-06-30,2011-12-06,524,Europe,310.4,1.32
17667,United Kingdom,2010-02-23,67,9,3950.7,438.97,0,2192.0,140,9,2010-02-23,2011-10-04,588,Europe,243.56,1.8
17668,United Kingdom,2011-11-01,2,2,347.75,173.88,0,93.0,14,2,2011-11-01,2011-12-08,37,Europe,46.5,3.74
17669,United Kingdom,2010-04-01,43,10,6142.35,614.24,0,3505.0,85,10,2010-04-01,2011-10-28,575,Europe,350.5,1.75
17670,United Kingdom,2011-04-26,228,1,205.7,205.7,1,110.0,11,1,2011-04-26,2011-04-26,0,Europe,110.0,1.87
17671,United Kingdom,2010-11-29,16,5,2009.16,401.83,0,987.0,54,5,2010-11-29,2011-11-24,360,Europe,197.4,2.04
17672,United Kingdom,2010-01-26,51,7,5778.63,825.52,0,2758.0,179,7,2010-01-26,2011-10-20,632,Europe,394.0,2.1
17673,United Kingdom,2010-03-19,2,13,4173.88,321.07,0,3284.0,195,13,2010-03-19,2011-12-08,629,Europe,252.62,1.27
17674,United Kingdom,2010-12-06,75,2,551.04,275.52,0,672.0,19,2,2010-12-06,2011-09-26,294,Europe,336.0,0.82
17675,United Kingdom,2009-12-10,2,70,37642.48,537.75,0,16180.0,345,70,2009-12-10,2011-12-08,728,Europe,231.14,2.33
17676,United Kingdom,2010-03-30,5,10,2448.64,244.86,0,1764.0,85,10,2010-03-30,2011-12-05,615,Europe,176.4,1.39
17677,United Kingdom,2009-12-16,2,54,35058.46,649.23,0,20921.0,346,54,2009-12-16,2011-12-08,722,Europe,387.43,1.68
17678,United Kingdom,2010-04-15,264,2,599.76,299.88,1,368.0,27,2,2010-04-15,2011-03-21,340,Europe,184.0,1.63
17679,United Kingdom,2009-12-03,53,7,3577.61,511.09,0,1755.0,70,7,2009-12-03,2011-10-18,684,Europe,250.71,2.04
17680,United Kingdom,2010-07-16,24,3,497.45,165.82,0,155.0,20,3,2010-07-16,2011-11-16,488,Europe,51.67,3.21
17681,United Kingdom,2010-01-15,598,5,731.2,146.24,1,450.0,12,5,2010-01-15,2010-04-21,96,Europe,90.0,1.62
17682,United Kingdom,2010-03-08,11,11,4065.28,369.57,0,2281.0,85,11,2010-03-08,2011-11-29,631,Europe,207.36,1.78
17683,United Kingdom,2010-06-03,386,3,819.01,273.0,1,781.0,41,3,2010-06-03,2010-11-19,169,Europe,260.33,1.05
17684,United Kingdom,2011-10-27,44,1,239.41,239.41,0,145.0,15,1,2011-10-27,2011-10-27,0,Europe,145.0,1.65
17685,United Kingdom,2010-02-11,17,12,5454.95,454.58,0,3474.0,124,12,2010-02-11,2011-11-23,650,Europe,289.5,1.57
17686,United Kingdom,2010-06-24,8,9,8296.81,921.87,0,3583.0,283,9,2010-06-24,2011-12-02,526,Europe,398.11,2.32
17687,United Kingdom,2010-10-15,421,1,432.68,432.68,1,210.0,26,1,2010-10-15,2010-10-15,0,Europe,210.0,2.06
17688,United Kingdom,2010-11-11,394,1,304.2,304.2,1,114.0,19,1,2010-11-11,2010-11-11,0,Europe,114.0,2.67
17689,United Kingdom,2010-08-22,389,2,317.08,158.54,1,300.0,17,2,2010-08-22,2010-11-16,86,Europe,150.0,1.06
17690,United Kingdom,2010-02-03,31,20,6963.8,348.19,0,2939.0,237,20,2010-02-03,2011-11-09,644,Europe,146.95,2.37
17691,United Kingdom,2010-06-11,359,4,637.55,159.39,1,315.0,37,4,2010-06-11,2010-12-16,188,Europe,78.75,2.02
17692,United Kingdom,2010-06-17,128,12,2975.8,247.98,0,2338.0,90,12,2010-06-17,2011-08-04,413,Europe,194.83,1.27
17693,United Kingdom,2011-07-25,138,1,200.47,200.47,1,231.0,16,1,2011-07-25,2011-07-25,0,Europe,231.0,0.87
17694,United Kingdom,2010-05-26,142,3,1695.97,565.32,0,1493.0,54,3,2010-05-26,2011-07-21,421,Europe,497.67,1.14
17695,United Kingdom,2010-01-28,132,5,1746.04,349.21,0,1809.0,46,5,2010-01-28,2011-07-31,549,Europe,361.8,0.97
17696,United Kingdom,2009-12-10,39,27,7679.59,284.43,0,5891.0,191,27,2009-12-10,2011-11-01,691,Europe,218.19,1.3
17697,United Kingdom,2011-04-17,237,1,338.95,338.95,1,93.0,19,1,2011-04-17,2011-04-17,0,Europe,93.0,3.64
17698,United Kingdom,2011-03-24,261,1,154.95,154.95,1,93.0,8,1,2011-03-24,2011-03-24,0,Europe,93.0,1.67
17699,United Kingdom,2010-05-27,477,2,442.0,221.0,1,208.0,17,2,2010-05-27,2010-08-20,85,Europe,104.0,2.13
17700,United Kingdom,2009-12-01,17,14,6679.97,477.14,0,3469.0,259,14,2009-12-01,2011-11-23,722,Europe,247.79,1.93
17701,United Kingdom,2011-04-01,253,1,417.95,417.95,1,109.0,24,1,2011-04-01,2011-04-01,0,Europe,109.0,3.83
17702,United Kingdom,2010-11-04,31,6,3144.04,524.01,0,2153.0,120,6,2010-11-04,2011-11-09,370,Europe,358.83,1.46
17703,United Kingdom,2010-10-17,36,4,1094.84,273.71,0,897.0,63,4,2010-10-17,2011-11-04,383,Europe,224.25,1.22
17704,United Kingdom,2011-04-14,169,2,885.19,442.6,1,343.0,27,2,2011-04-14,2011-06-24,71,Europe,171.5,2.58
17705,United Kingdom,2010-05-12,4,11,2083.9,189.45,0,1301.0,74,11,2010-05-12,2011-12-06,573,Europe,118.27,1.6
17706,United Kingdom,2010-01-19,5,31,20272.15,653.94,0,7824.0,408,31,2010-01-19,2011-12-05,685,Europe,252.39,2.59
17707,United Kingdom,2009-12-07,186,8,609.3,76.16,1,546.0,9,8,2009-12-07,2011-06-07,547,Europe,68.25,1.12
17708,United Kingdom,2010-10-12,188,4,884.18,221.05,1,387.0,57,4,2010-10-12,2011-06-05,236,Europe,96.75,2.28
17709,United Kingdom,2010-04-15,170,5,671.01,134.2,0,295.0,37,5,2010-04-15,2011-06-23,434,Europe,59.0,2.27
17710,United Kingdom,2010-10-12,424,1,293.5,293.5,1,158.0,20,1,2010-10-12,2010-10-12,0,Europe,158.0,1.86
17711,United Kingdom,2011-02-23,11,2,385.1,192.55,0,246.0,22,2,2011-02-23,2011-11-29,279,Europe,123.0,1.57
17712,United Kingdom,2011-10-26,45,1,522.91,522.91,0,215.0,29,1,2011-10-26,2011-10-26,0,Europe,215.0,2.43
17713,United Kingdom,2010-06-09,383,4,1198.09,299.52,1,989.0,55,4,2010-06-09,2010-11-22,166,Europe,247.25,1.21
17714,United Kingdom,2010-07-14,321,5,1410.18,282.04,1,608.0,69,5,2010-07-14,2011-01-23,193,Europe,121.6,2.32
17715,United Kingdom,2010-04-26,201,2,489.6,244.8,1,576.0,1,2,2010-04-26,2011-05-23,392,Europe,288.0,0.85
17716,United Kingdom,2009-12-02,23,24,15956.97,664.87,0,8819.0,334,24,2009-12-02,2011-11-17,715,Europe,367.46,1.81
17717,United Kingdom,2010-10-14,422,1,376.92,376.92,1,344.0,26,1,2010-10-14,2010-10-14,0,Europe,344.0,1.1
17718,United Kingdom,2010-03-05,233,2,439.18,219.59,1,274.0,22,2,2010-03-05,2011-04-21,412,Europe,137.0,1.6
17719,United Kingdom,2011-03-29,38,15,5396.04,359.74,0,2466.0,111,15,2011-03-29,2011-11-02,218,Europe,164.4,2.19
17720,United Kingdom,2010-05-10,27,10,2666.91,266.69,0,1589.0,81,10,2010-05-10,2011-11-13,552,Europe,158.9,1.68
17721,United Kingdom,2010-02-18,660,1,307.21,307.21,1,107.0,11,1,2010-02-18,2010-02-18,0,Europe,107.0,2.87
17722,United Kingdom,2010-11-29,97,5,3520.22,704.04,0,2412.0,163,5,2010-11-29,2011-09-04,279,Europe,482.4,1.46
17723,United Kingdom,2010-11-29,128,7,3378.4,482.63,0,912.0,6,7,2010-11-29,2011-08-04,248,Europe,130.29,3.7
17724,United Kingdom,2011-07-24,72,3,1033.0,344.33,0,300.0,38,3,2011-07-24,2011-09-29,67,Europe,100.0,3.44
17725,United Kingdom,2011-03-17,17,11,3439.08,312.64,0,2162.0,115,11,2011-03-17,2011-11-23,251,Europe,196.55,1.59
17726,United Kingdom,2010-01-26,396,7,1092.06,156.01,1,444.0,52,7,2010-01-26,2010-11-09,287,Europe,63.43,2.46
17727,United Kingdom,2011-11-24,16,1,1060.25,1060.25,0,645.0,66,1,2011-11-24,2011-11-24,0,Europe,645.0,1.64
17728,United Kingdom,2010-09-12,4,5,4238.76,847.75,0,2146.0,196,5,2010-09-12,2011-12-06,450,Europe,429.2,1.98
17729,United Kingdom,2010-04-22,597,1,438.65,438.65,1,247.0,23,1,2010-04-22,2010-04-22,0,Europe,247.0,1.78
17730,United Kingdom,2010-04-29,4,20,7773.8,388.69,0,5300.0,177,20,2010-04-29,2011-12-06,586,Europe,265.0,1.47
17731,United Kingdom,2010-02-09,80,6,1708.99,284.83,0,707.0,82,6,2010-02-09,2011-09-21,589,Europe,117.83,2.42
17732,United Kingdom,2010-08-09,373,8,2166.42,270.8,1,1058.0,90,8,2010-08-09,2010-12-02,115,Europe,132.25,2.05
17733,United Kingdom,2011-03-23,39,2,692.19,346.1,0,463.0,33,2,2011-03-23,2011-11-01,223,Europe,231.5,1.5
17734,United Kingdom,2010-03-07,54,6,1442.32,240.39,0,741.0,76,6,2010-03-07,2011-10-17,589,Europe,123.5,1.95
17735,United Kingdom,2010-07-30,3,26,16790.33,645.78,0,10683.0,391,26,2010-07-30,2011-12-07,495,Europe,410.88,1.57
17736,United Kingdom,2011-08-18,10,3,377.44,125.81,0,238.0,24,3,2011-08-18,2011-11-30,104,Europe,79.33,1.59
17737,United Kingdom,2011-10-12,10,2,168.24,84.12,0,108.0,8,2,2011-10-12,2011-11-30,49,Europe,54.0,1.56
17738,United Kingdom,2010-03-19,20,13,4183.56,321.81,0,2776.0,173,13,2010-03-19,2011-11-20,611,Europe,213.54,1.51
17739,United Kingdom,2009-12-07,12,18,7730.59,429.48,0,2335.0,56,18,2009-12-07,2011-11-28,721,Europe,129.72,3.31
17740,United Kingdom,2010-01-11,390,6,426.9,71.15,1,222.0,5,6,2010-01-11,2010-11-15,308,Europe,37.0,1.92
17741,United Kingdom,2010-05-28,407,2,101.1,50.55,1,114.0,6,2,2010-05-28,2010-10-29,154,Europe,57.0,0.89
17742,United Kingdom,2009-12-01,114,11,2098.48,190.77,0,653.0,52,11,2009-12-01,2011-08-18,625,Europe,59.36,3.21
17743,United Kingdom,2010-09-17,449,1,229.2,229.2,1,96.0,3,1,2010-09-17,2010-09-17,0,Europe,96.0,2.39
17744,United Kingdom,2010-11-24,4,7,2649.14,378.45,0,3826.0,121,7,2010-11-24,2011-12-06,377,Europe,546.57,0.69
17745,United Kingdom,2010-06-02,478,2,600.34,300.17,1,164.0,27,2,2010-06-02,2010-08-19,78,Europe,82.0,3.66
17746,United Kingdom,2010-04-08,241,4,904.18,226.05,1,688.0,32,4,2010-04-08,2011-04-13,370,Europe,172.0,1.31
17747,United Kingdom,2011-08-19,113,1,71.4,71.4,1,12.0,1,1,2011-08-19,2011-08-19,0,Europe,12.0,5.95
17748,United Kingdom,2010-06-30,528,1,358.15,358.15,1,111.0,17,1,2010-06-30,2010-06-30,0,Europe,111.0,3.23
17749,United Kingdom,2010-06-11,179,3,1026.18,342.06,0,446.0,52,3,2010-06-11,2011-06-14,368,Europe,148.67,2.3
17750,United Kingdom,2011-06-28,6,9,1710.45,190.05,0,3747.0,101,9,2011-06-28,2011-12-04,159,Europe,416.33,0.46
17751,United Kingdom,2010-10-14,422,1,157.86,157.86,1,147.0,31,1,2010-10-14,2010-10-14,0,Europe,147.0,1.07
17752,United Kingdom,2010-12-15,360,1,80.64,80.64,1,192.0,1,1,2010-12-15,2010-12-15,0,Europe,192.0,0.42
17753,United Kingdom,2010-01-06,465,4,382.06,95.52,1,124.0,63,4,2010-01-06,2010-09-01,238,Europe,31.0,3.08
17754,United Kingdom,2009-12-11,1,13,4451.22,342.4,0,4366.0,185,13,2009-12-11,2011-12-09,728,Europe,335.85,1.02
17756,United Kingdom,2010-11-10,376,3,728.75,242.92,1,399.0,54,3,2010-11-10,2010-11-29,19,Europe,133.0,1.83
17757,United Kingdom,2010-01-13,2,56,9074.05,162.04,0,5011.0,362,56,2010-01-13,2011-12-08,694,Europe,89.48,1.81
17758,United Kingdom,2010-05-20,20,12,4964.03,413.67,0,3199.0,403,12,2010-05-20,2011-11-20,549,Europe,266.58,1.55
17759,United Kingdom,2010-05-05,18,5,1261.88,252.38,0,965.0,114,5,2010-05-05,2011-11-22,566,Europe,193.0,1.31
17760,United Kingdom,2010-02-28,22,6,746.39,124.4,0,531.0,58,6,2010-02-28,2011-11-18,628,Europe,88.5,1.41
17761,United Kingdom,2011-11-07,33,1,712.78,712.78,0,398.0,19,1,2011-11-07,2011-11-07,0,Europe,398.0,1.79
17762,United Kingdom,2010-09-09,457,1,129.75,129.75,1,129.0,16,1,2010-09-09,2010-09-09,0,Europe,129.0,1.01
17763,United Kingdom,2010-02-18,264,4,86.15,21.54,1,41.0,11,4,2010-02-18,2011-03-21,396,Europe,10.25,2.1
17764,United Kingdom,2009-12-03,51,5,1513.57,302.71,0,674.0,126,5,2009-12-03,2011-10-20,686,Europe,134.8,2.25
17765,United Kingdom,2010-09-17,159,4,524.0,131.0,0,195.0,71,4,2010-09-17,2011-07-04,290,Europe,48.75,2.69
17766,United Kingdom,2010-11-23,382,2,299.61,149.81,1,155.0,21,2,2010-11-23,2010-11-23,0,Europe,77.5,1.93
17767,United Kingdom,2010-10-25,16,2,413.05,206.53,0,198.0,35,2,2010-10-25,2011-11-24,395,Europe,99.0,2.09
17768,United Kingdom,2009-12-02,9,7,3292.73,470.39,0,2339.0,134,7,2009-12-02,2011-12-01,729,Europe,334.14,1.41
17769,United Kingdom,2010-01-19,13,17,7053.38,414.9,0,3157.0,330,17,2010-01-19,2011-11-27,677,Europe,185.71,2.23
17770,United Kingdom,2011-03-02,199,5,1143.27,228.65,1,365.0,33,5,2011-03-02,2011-05-25,84,Europe,73.0,3.13
17771,United Kingdom,2010-04-29,57,4,387.41,96.85,0,373.0,63,4,2010-04-29,2011-10-14,533,Europe,93.25,1.04
17772,United Kingdom,2010-11-12,11,3,360.75,120.25,0,113.0,94,3,2010-11-12,2011-11-29,382,Europe,37.67,3.19
17773,United Kingdom,2010-01-18,515,2,575.37,287.69,1,254.0,48,2,2010-01-18,2010-07-13,176,Europe,127.0,2.27
17774,United Kingdom,2010-02-08,97,9,3273.83,363.76,0,1585.0,286,9,2010-02-08,2011-09-04,573,Europe,176.11,2.07
17775,United Kingdom,2011-03-30,255,1,56.4,56.4,1,72.0,3,1,2011-03-30,2011-03-30,0,Europe,72.0,0.78
17776,United Kingdom,2009-12-16,387,2,330.56,165.28,1,273.0,74,2,2009-12-16,2010-11-18,337,Europe,136.5,1.21
17777,United Kingdom,2011-08-31,25,3,647.56,215.85,0,501.0,141,3,2011-08-31,2011-11-15,76,Europe,167.0,1.29
17778,United Kingdom,2010-02-16,662,1,197.7,197.7,1,214.0,10,1,2010-02-16,2010-02-16,0,Europe,214.0,0.92
17779,United Kingdom,2011-07-19,22,3,650.32,216.77,0,396.0,73,3,2011-07-19,2011-11-18,122,Europe,132.0,1.64
17780,United Kingdom,2010-01-24,668,3,346.56,115.52,1,156.0,76,3,2010-01-24,2010-02-10,17,Europe,52.0,2.22
17781,United Kingdom,2011-03-31,160,2,188.02,94.01,1,34.0,12,2,2011-03-31,2011-07-03,94,Europe,17.0,5.53
17782,United Kingdom,2010-11-22,383,2,679.02,339.51,1,538.0,29,2,2010-11-22,2010-11-22,0,Europe,269.0,1.26
17783,United Kingdom,2010-07-15,73,3,376.96,125.65,0,438.0,91,3,2010-07-15,2011-09-28,440,Europe,146.0,0.86
17784,United Kingdom,2010-06-07,551,1,112.86,112.86,1,72.0,19,1,2010-06-07,2010-06-07,0,Europe,72.0,1.57
17785,United Kingdom,2010-05-23,54,3,403.38,134.46,0,227.0,48,3,2010-05-23,2011-10-17,512,Europe,75.67,1.78
17786,United Kingdom,2011-01-26,86,2,266.85,133.43,0,195.0,57,2,2011-01-26,2011-09-15,232,Europe,97.5,1.37
17787,United Kingdom,2010-12-03,153,4,1817.54,454.39,0,896.0,94,4,2010-12-03,2011-07-10,219,Europe,224.0,2.03
17788,United Kingdom,2011-08-02,74,2,1117.9,558.95,0,211.0,3,2,2011-08-02,2011-09-27,56,Europe,105.5,5.3
17789,United Kingdom,2010-02-16,282,2,397.15,198.58,1,199.0,27,2,2010-02-16,2011-03-03,380,Europe,99.5,2.0
17790,United Kingdom,2010-06-13,27,20,2779.41,138.97,0,1387.0,188,20,2010-06-13,2011-11-13,518,Europe,69.35,2.0
17791,United Kingdom,2011-11-10,30,1,106.1,106.1,0,46.0,10,1,2011-11-10,2011-11-10,0,Europe,46.0,2.31
17792,United Kingdom,2010-08-18,468,2,368.35,184.18,1,149.0,45,2,2010-08-18,2010-08-29,11,Europe,74.5,2.47
17793,United Kingdom,2011-11-14,26,1,300.34,300.34,0,226.0,49,1,2011-11-14,2011-11-14,0,Europe,226.0,1.33
17794,United Kingdom,2010-01-20,687,2,147.3,73.65,1,46.0,7,2,2010-01-20,2010-01-22,2,Europe,23.0,3.2
17795,United Kingdom,2011-03-20,180,2,342.83,171.42,1,305.0,43,2,2011-03-20,2011-06-13,85,Europe,152.5,1.12
17796,United Kingdom,2010-10-14,41,7,1236.39,176.63,0,347.0,149,7,2010-10-14,2011-10-30,381,Europe,49.57,3.56
17797,United Kingdom,2009-12-15,23,8,1971.87,246.48,0,1086.0,222,8,2009-12-15,2011-11-17,702,Europe,135.75,1.82
17798,United Kingdom,2010-05-07,582,1,178.07,178.07,1,138.0,43,1,2010-05-07,2010-05-07,0,Europe,138.0,1.29
17799,United Kingdom,2009-12-13,23,20,6246.93,312.35,0,3674.0,478,20,2009-12-13,2011-11-17,704,Europe,183.7,1.7
17800,United Kingdom,2011-01-09,38,9,1187.21,131.91,0,732.0,51,9,2011-01-09,2011-11-02,297,Europe,81.33,1.62
17801,United Kingdom,2010-01-17,452,3,770.03,256.68,1,820.0,66,3,2010-01-17,2010-09-14,240,Europe,273.33,0.94
17802,United Kingdom,2009-12-13,83,10,4946.22,494.62,0,2705.0,283,10,2009-12-13,2011-09-18,644,Europe,270.5,1.83
17803,United Kingdom,2010-11-12,393,1,184.66,184.66,1,98.0,27,1,2010-11-12,2010-11-12,0,Europe,98.0,1.88
17804,United Kingdom,2009-12-01,377,3,383.78,127.93,1,194.0,82,3,2009-12-01,2010-11-28,362,Europe,64.67,1.98
17805,United Kingdom,2010-04-08,74,2,927.03,463.52,0,1126.0,10,2,2010-04-08,2011-09-27,537,Europe,563.0,0.82
17806,United Kingdom,2011-11-28,12,1,546.04,546.04,0,727.0,43,1,2011-11-28,2011-11-28,0,Europe,727.0,0.75
17807,United Kingdom,2010-01-04,396,3,437.87,145.96,1,262.0,88,3,2010-01-04,2010-11-09,309,Europe,87.33,1.67
17808,United Kingdom,2010-05-07,549,4,262.64,65.66,1,143.0,29,4,2010-05-07,2010-06-09,33,Europe,35.75,1.84
17809,United Kingdom,2009-12-02,17,20,10085.89,504.29,0,2995.0,59,20,2009-12-02,2011-11-23,721,Europe,149.75,3.37
17810,United Kingdom,2010-01-25,669,2,373.16,186.58,1,118.0,51,2,2010-01-25,2010-02-09,15,Europe,59.0,3.16
17811,United Kingdom,2010-09-20,5,47,9519.8,202.55,0,5278.0,538,47,2010-09-20,2011-12-05,441,Europe,112.3,1.8
17812,United Kingdom,2010-06-27,13,7,911.99,130.28,0,444.0,162,7,2010-06-27,2011-11-27,518,Europe,63.43,2.05
17813,United Kingdom,2011-09-29,15,5,1698.07,339.61,0,752.0,297,5,2011-09-29,2011-11-25,57,Europe,150.4,2.26
17814,United Kingdom,2010-10-13,376,2,1609.37,804.69,1,1435.0,112,2,2010-10-13,2010-11-29,47,Europe,717.5,1.12
17815,United Kingdom,2010-11-11,394,1,591.96,591.96,1,612.0,13,1,2010-11-11,2010-11-11,0,Europe,612.0,0.97
17816,United Kingdom,2009-12-15,37,6,96.11,16.02,0,80.0,41,6,2009-12-15,2011-11-03,688,Europe,13.33,1.2
17817,United Kingdom,2010-10-13,5,6,788.15,131.36,0,353.0,115,6,2010-10-13,2011-12-05,418,Europe,58.83,2.23
17818,United Kingdom,2009-12-02,738,1,124.78,124.78,1,86.0,42,1,2009-12-02,2009-12-02,0,Europe,86.0,1.45
17819,United Kingdom,2009-12-13,72,12,6021.05,501.75,0,1610.0,66,12,2009-12-13,2011-09-29,655,Europe,134.17,3.74
17820,United Kingdom,2010-11-30,375,1,180.61,180.61,1,111.0,39,1,2010-11-30,2010-11-30,0,Europe,111.0,1.63
17821,United Kingdom,2010-10-29,407,1,334.62,334.62,1,162.0,6,1,2010-10-29,2010-10-29,0,Europe,162.0,2.07
17822,United Kingdom,2010-05-28,421,5,2162.93,432.59,1,1375.0,152,5,2010-05-28,2010-10-15,140,Europe,275.0,1.57
17823,United Kingdom,2010-10-14,422,2,449.25,224.63,1,252.0,88,2,2010-10-14,2010-10-14,0,Europe,126.0,1.78
17824,United Kingdom,2011-10-19,52,1,298.4,298.4,0,408.0,13,1,2011-10-19,2011-10-19,0,Europe,408.0,0.73
17825,United Kingdom,2009-12-14,599,4,701.96,175.49,1,516.0,24,4,2009-12-14,2010-04-20,127,Europe,129.0,1.36
17826,United Kingdom,2010-11-30,375,1,133.34,133.34,1,84.0,33,1,2010-11-30,2010-11-30,0,Europe,84.0,1.59
17827,United Kingdom,2010-03-28,6,6,2376.17,396.03,0,1582.0,240,6,2010-03-28,2011-12-04,616,Europe,263.67,1.5
17828,Malta,2011-06-08,23,4,1820.09,455.02,0,667.0,54,4,2011-06-08,2011-11-17,162,Europe,166.75,2.73
17829,United Arab Emirates,2010-02-22,299,5,4756.74,951.35,1,3009.0,121,5,2010-02-22,2011-02-14,357,Middle East,601.8,1.58
17830,United Kingdom,2011-02-24,2,3,398.7,132.9,0,92.0,18,3,2011-02-24,2011-12-08,287,Europe,30.67,4.33
17831,United Kingdom,2011-11-06,34,1,35.4,35.4,0,12.0,2,1,2011-11-06,2011-11-06,0,Europe,12.0,2.95
17832,United Kingdom,2011-10-21,50,1,155.37,155.37,0,208.0,61,1,2011-10-21,2011-10-21,0,Europe,208.0,0.75
17833,United Kingdom,2009-12-16,724,1,338.46,338.46,1,143.0,28,1,2009-12-16,2009-12-16,0,Europe,143.0,2.37
17834,United Kingdom,2010-09-20,415,2,689.67,344.84,1,639.0,54,2,2010-09-20,2010-10-21,31,Europe,319.5,1.08
17835,United Kingdom,2011-11-16,3,3,342.24,114.08,0,344.0,45,3,2011-11-16,2011-12-07,21,Europe,114.67,0.99
17836,United Kingdom,2011-10-23,48,1,110.21,110.21,0,88.0,23,1,2011-10-23,2011-10-23,0,Europe,88.0,1.25
17837,United Kingdom,2011-06-29,43,8,1541.23,192.65,0,510.0,110,8,2011-06-29,2011-10-28,121,Europe,63.75,3.02
17838,United Kingdom,2010-03-19,27,13,5604.64,431.13,0,3491.0,141,13,2010-03-19,2011-11-13,604,Europe,268.54,1.61
17839,United Kingdom,2011-10-28,43,1,318.15,318.15,0,257.0,50,1,2011-10-28,2011-10-28,0,Europe,257.0,1.24
17840,United Kingdom,2010-09-22,444,1,175.9,175.9,1,128.0,44,1,2010-09-22,2010-09-22,0,Europe,128.0,1.37
17841,United Kingdom,2009-12-02,2,211,68545.25,324.86,0,36584.0,2116,211,2009-12-02,2011-12-08,736,Europe,173.38,1.87
17842,United Kingdom,2010-04-16,603,1,430.69,430.69,1,89.0,18,1,2010-04-16,2010-04-16,0,Europe,89.0,4.84
17843,United Kingdom,2010-10-24,304,2,320.4,160.2,1,251.0,58,2,2010-10-24,2011-02-09,108,Europe,125.5,1.28
17844,Canada,2011-08-25,107,1,51.56,51.56,1,52.0,5,1,2011-08-25,2011-08-25,0,North America,52.0,0.99
17845,United Kingdom,2010-05-12,556,4,596.09,149.02,1,195.0,42,4,2010-05-12,2010-06-02,21,Europe,48.75,3.06
17846,United Kingdom,2011-09-15,86,1,2033.1,2033.1,0,1.0,1,1,2011-09-15,2011-09-15,0,Europe,1.0,2033.1
17847,United Kingdom,2010-03-04,516,2,129.69,64.85,1,29.0,9,2,2010-03-04,2010-07-12,130,Europe,14.5,4.47
17848,United Kingdom,2009-12-06,82,30,3559.11,118.64,0,1404.0,105,30,2009-12-06,2011-09-19,652,Europe,46.8,2.53
17849,United Kingdom,2010-03-14,219,8,1063.76,132.97,1,224.0,24,8,2010-03-14,2011-05-05,417,Europe,28.0,4.75
17850,United Kingdom,2009-12-05,373,155,51208.87,330.38,1,21052.0,100,155,2009-12-05,2010-12-02,362,Europe,135.82,2.43
17851,United Kingdom,2009-12-03,423,6,1552.35,258.73,1,933.0,185,6,2009-12-03,2010-10-13,314,Europe,155.5,1.66
17852,United Kingdom,2009-12-08,12,5,657.81,131.56,0,372.0,82,5,2009-12-08,2011-11-28,720,Europe,74.4,1.77
17853,United Kingdom,2009-12-03,408,3,1596.29,532.1,1,625.0,84,3,2009-12-03,2010-10-28,329,Europe,208.33,2.55
17854,United Kingdom,2009-12-08,186,6,1068.5,178.08,1,607.0,113,6,2009-12-08,2011-06-07,546,Europe,101.17,1.76
17855,United Kingdom,2010-12-02,373,1,208.97,208.97,1,197.0,17,1,2010-12-02,2010-12-02,0,Europe,197.0,1.06
17856,United Kingdom,2011-03-03,2,4,1418.03,354.51,0,842.0,12,4,2011-03-03,2011-12-08,280,Europe,210.5,1.68
17857,United Kingdom,2010-03-08,5,24,27347.04,1139.46,0,19906.0,21,24,2010-03-08,2011-12-05,637,Europe,829.42,1.37
17858,United Kingdom,2009-12-06,6,30,12518.65,417.29,0,5383.0,173,30,2009-12-06,2011-12-04,728,Europe,179.43,2.33
17859,United Kingdom,2011-02-08,305,1,141.92,141.92,1,102.0,23,1,2011-02-08,2011-02-08,0,Europe,102.0,1.39
17860,United Kingdom,2009-12-11,369,4,717.39,179.35,1,696.0,127,4,2009-12-11,2010-12-06,360,Europe,174.0,1.03
17861,United Kingdom,2009-12-10,4,18,5088.29,282.68,0,4541.0,329,18,2009-12-10,2011-12-06,726,Europe,252.28,1.12
17862,United Kingdom,2010-05-25,324,4,1254.89,313.72,1,440.0,90,4,2010-05-25,2011-01-20,240,Europe,110.0,2.85
17863,United Kingdom,2010-02-25,60,12,5360.48,446.71,0,4676.0,154,12,2010-02-25,2011-10-11,593,Europe,389.67,1.15
17864,United Kingdom,2010-10-08,13,5,876.57,175.31,0,1015.0,93,5,2010-10-08,2011-11-27,415,Europe,203.0,0.86
17865,United Kingdom,2009-12-01,31,46,26312.19,572.0,0,12950.0,391,46,2009-12-01,2011-11-09,708,Europe,281.52,2.03
17866,United Kingdom,2009-12-14,143,3,1134.95,378.32,0,535.0,20,3,2009-12-14,2011-07-20,583,Europe,178.33,2.12
17867,United Kingdom,2009-12-02,31,15,1582.05,105.47,0,638.0,119,15,2009-12-02,2011-11-09,707,Europe,42.53,2.48
17868,United Kingdom,2010-11-18,387,1,227.15,227.15,1,85.0,18,1,2010-11-18,2010-11-18,0,Europe,85.0,2.67
17869,United Kingdom,2010-06-10,108,7,813.64,116.23,0,491.0,72,7,2010-06-10,2011-08-24,440,Europe,70.14,1.66
17870,United Kingdom,2010-11-23,3,13,2753.29,211.79,0,1699.0,215,13,2010-11-23,2011-12-07,379,Europe,130.69,1.62
17871,United Kingdom,2010-01-15,205,5,1068.95,213.79,1,665.0,64,5,2010-01-15,2011-05-19,489,Europe,133.0,1.61
17872,United Kingdom,2010-11-23,382,1,235.87,235.87,1,176.0,15,1,2010-11-23,2010-11-23,0,Europe,176.0,1.34
17873,United Kingdom,2009-12-16,81,18,6265.33,348.07,0,4159.0,65,18,2009-12-16,2011-09-20,643,Europe,231.06,1.51
17874,United Kingdom,2011-03-29,186,6,683.46,113.91,1,221.0,37,6,2011-03-29,2011-06-07,70,Europe,36.83,3.09
17875,United Kingdom,2010-01-20,689,1,167.1,167.1,1,98.0,25,1,2010-01-20,2010-01-20,0,Europe,98.0,1.71
17876,United Kingdom,2010-02-02,400,3,3424.02,1141.34,1,1958.0,3,3,2010-02-02,2010-11-05,276,Europe,652.67,1.75
17877,United Kingdom,2011-06-22,171,1,237.61,237.61,1,98.0,12,1,2011-06-22,2011-06-22,0,Europe,98.0,2.42
17878,United Kingdom,2010-11-09,44,3,1378.93,459.64,0,1014.0,82,3,2010-11-09,2011-10-27,352,Europe,338.0,1.36
17879,United Kingdom,2011-06-19,174,1,178.52,178.52,1,45.0,6,1,2011-06-19,2011-06-19,0,Europe,45.0,3.97
17880,United Kingdom,2009-12-09,365,3,824.92,274.97,1,466.0,43,3,2009-12-09,2010-12-10,366,Europe,155.33,1.77
17881,United Kingdom,2011-02-08,305,1,133.35,133.35,1,32.0,8,1,2011-02-08,2011-02-08,0,Europe,32.0,4.17
17882,United Kingdom,2010-11-25,380,2,291.56,145.78,1,130.0,47,2,2010-11-25,2010-11-25,0,Europe,65.0,2.24
17883,United Kingdom,2010-02-25,4,7,988.42,141.2,0,476.0,155,7,2010-02-25,2011-12-06,649,Europe,68.0,2.08
17884,United Kingdom,2009-12-04,4,20,2698.47,134.92,0,2749.0,305,20,2009-12-04,2011-12-06,732,Europe,137.45,0.98
17885,United Kingdom,2011-11-27,13,1,156.34,156.34,0,110.0,50,1,2011-11-27,2011-11-27,0,Europe,110.0,1.42
17886,United Kingdom,2010-04-29,32,6,1572.55,262.09,0,711.0,138,6,2010-04-29,2011-11-08,558,Europe,118.5,2.21
17887,United Kingdom,2011-08-02,130,1,111.35,111.35,1,30.0,10,1,2011-08-02,2011-08-02,0,Europe,30.0,3.71
17888,United Kingdom,2009-12-21,22,25,1807.44,72.3,0,1536.0,145,25,2009-12-21,2011-11-18,697,Europe,61.44,1.18
17889,United Kingdom,2010-03-31,213,7,746.42,106.63,1,403.0,97,7,2010-03-31,2011-05-11,406,Europe,57.57,1.85
17890,United Kingdom,2010-12-13,323,2,586.89,293.45,1,402.0,88,2,2010-12-13,2011-01-21,39,Europe,201.0,1.46
17891,United Kingdom,2011-06-30,163,1,203.86,203.86,1,393.0,34,1,2011-06-30,2011-06-30,0,Europe,393.0,0.52
17892,United Kingdom,2011-07-07,57,3,244.1,81.37,0,109.0,27,3,2011-07-07,2011-10-14,99,Europe,36.33,2.24
17893,United Kingdom,2011-04-28,226,1,107.21,107.21,1,149.0,15,1,2011-04-28,2011-04-28,0,Europe,149.0,0.72
17894,United Kingdom,2010-08-27,72,18,2304.58,128.03,0,938.0,215,18,2010-08-27,2011-09-29,398,Europe,52.11,2.46
17895,United Kingdom,2011-10-26,45,1,95.45,95.45,0,127.0,15,1,2011-10-26,2011-10-26,0,Europe,127.0,0.75
17896,United Kingdom,2011-11-16,24,1,256.32,256.32,0,288.0,2,1,2011-11-16,2011-11-16,0,Europe,288.0,0.89
17897,United Kingdom,2010-05-12,173,9,2099.89,233.32,0,864.0,211,9,2010-05-12,2011-06-20,404,Europe,96.0,2.43
17898,United Kingdom,2010-05-21,86,4,299.18,74.8,0,251.0,48,4,2010-05-21,2011-09-15,482,Europe,62.75,1.19
17899,United Kingdom,2011-07-03,160,1,154.55,154.55,1,170.0,29,1,2011-07-03,2011-07-03,0,Europe,170.0,0.91
17900,United Kingdom,2011-06-02,191,2,112.2,56.1,1,73.0,4,2,2011-06-02,2011-06-02,0,Europe,36.5,1.54
17901,United Kingdom,2010-07-06,30,3,260.08,86.69,0,38.0,22,3,2010-07-06,2011-11-10,492,Europe,12.67,6.84
17902,United Kingdom,2010-06-11,547,1,216.4,216.4,1,526.0,24,1,2010-06-11,2010-06-11,0,Europe,526.0,0.41
17903,United Kingdom,2010-11-10,395,1,381.09,381.09,1,142.0,44,1,2010-11-10,2010-11-10,0,Europe,142.0,2.68
17904,United Kingdom,2011-11-18,22,1,181.07,181.07,0,59.0,33,1,2011-11-18,2011-11-18,0,Europe,59.0,3.07
17905,United Kingdom,2010-01-28,72,13,2178.87,167.61,0,1299.0,129,13,2010-01-28,2011-09-29,609,Europe,99.92,1.68
17906,United Kingdom,2011-04-06,248,1,72.9,72.9,1,26.0,12,1,2011-04-06,2011-04-06,0,Europe,26.0,2.8
17907,United Kingdom,2010-03-09,641,1,291.76,291.76,1,1046.0,13,1,2010-03-09,2010-03-09,0,Europe,1046.0,0.28
17908,United Kingdom,2009-12-14,374,5,1142.47,228.49,1,670.0,178,5,2009-12-14,2010-12-01,352,Europe,134.0,1.71
17909,United Kingdom,2009-12-02,738,1,110.05,110.05,1,35.0,8,1,2009-12-02,2009-12-02,0,Europe,35.0,3.14
17910,United Kingdom,2009-12-13,727,1,261.7,261.7,1,121.0,25,1,2009-12-13,2009-12-13,0,Europe,121.0,2.16
17911,United Kingdom,2011-11-30,10,1,366.23,366.23,0,223.0,39,1,2011-11-30,2011-11-30,0,Europe,223.0,1.64
17912,United Kingdom,2010-11-29,311,6,374.55,62.43,1,215.0,48,6,2010-11-29,2011-02-02,65,Europe,35.83,1.74
17913,United Kingdom,2009-12-03,59,14,3429.29,244.95,0,1725.0,224,14,2009-12-03,2011-10-12,678,Europe,123.21,1.99
17914,United Kingdom,2011-12-06,4,1,329.36,329.36,0,457.0,72,1,2011-12-06,2011-12-06,0,Europe,457.0,0.72
17915,United Kingdom,2010-06-06,552,1,225.78,225.78,1,184.0,27,1,2010-06-06,2010-06-06,0,Europe,184.0,1.23
17916,United Kingdom,2009-12-06,629,2,43.87,21.94,1,90.0,15,2,2009-12-06,2010-03-21,105,Europe,45.0,0.49
17917,United Kingdom,2010-12-12,46,3,335.03,111.68,0,184.0,77,3,2010-12-12,2011-10-25,317,Europe,61.33,1.82
17918,United Kingdom,2010-07-22,501,3,396.39,132.13,1,352.0,34,3,2010-07-22,2010-07-27,5,Europe,117.33,1.13
17919,United Kingdom,2010-09-27,89,2,1840.32,920.16,0,1452.0,37,2,2010-09-27,2011-09-12,350,Europe,726.0,1.27
17920,United Kingdom,2009-12-06,5,54,23581.78,436.7,0,12265.0,715,54,2009-12-06,2011-12-05,729,Europe,227.13,1.92
17921,United Kingdom,2010-07-15,65,10,2394.36,239.44,0,991.0,230,10,2010-07-15,2011-10-06,448,Europe,99.1,2.42
17922,United Kingdom,2010-06-14,544,1,170.4,170.4,1,49.0,8,1,2010-06-14,2010-06-14,0,Europe,49.0,3.48
17923,United Kingdom,2010-06-13,283,3,497.0,165.67,1,140.0,2,3,2010-06-13,2011-03-02,262,Europe,46.67,3.55
17924,United Kingdom,2010-10-21,12,8,3257.7,407.21,0,1208.0,27,8,2010-10-21,2011-11-28,403,Europe,151.0,2.7
17925,United Kingdom,2010-12-02,373,1,244.08,244.08,1,72.0,1,1,2010-12-02,2010-12-02,0,Europe,72.0,3.39
17926,United Kingdom,2010-05-09,134,5,1035.49,207.1,0,572.0,27,5,2010-05-09,2011-07-29,446,Europe,114.4,1.81
17927,United Kingdom,2009-12-18,722,1,294.0,294.0,1,108.0,10,1,2009-12-18,2009-12-18,0,Europe,108.0,2.72
17928,United Kingdom,2010-05-17,46,3,341.24,113.75,0,222.0,27,3,2010-05-17,2011-10-25,526,Europe,74.0,1.54
17929,United Kingdom,2009-12-09,12,12,3082.1,256.84,0,434.0,6,12,2009-12-09,2011-11-28,719,Europe,36.17,7.1
17930,United Kingdom,2010-03-04,36,13,4275.22,328.86,0,3795.0,39,13,2010-03-04,2011-11-04,610,Europe,291.92,1.13
17931,United Kingdom,2010-02-16,135,14,3402.24,243.02,0,1919.0,274,14,2010-02-16,2011-07-28,527,Europe,137.07,1.77
17932,United Kingdom,2011-05-12,30,3,1331.57,443.86,0,789.0,84,3,2011-05-12,2011-11-10,182,Europe,263.0,1.69
17933,United Kingdom,2010-03-17,633,1,114.69,114.69,1,63.0,12,1,2010-03-17,2010-03-17,0,Europe,63.0,1.82
17934,United Kingdom,2010-10-29,52,3,1049.15,349.72,0,628.0,36,3,2010-10-29,2011-10-19,355,Europe,209.33,1.67
17935,United Kingdom,2009-12-04,139,7,686.14,98.02,0,244.0,60,7,2009-12-04,2011-07-24,597,Europe,34.86,2.81
17936,United Kingdom,2011-12-04,6,1,380.13,380.13,0,257.0,68,1,2011-12-04,2011-12-04,0,Europe,257.0,1.48
17937,United Kingdom,2010-12-12,9,7,4301.22,614.46,0,1754.0,19,7,2010-12-12,2011-12-01,354,Europe,250.57,2.45
17938,United Kingdom,2010-10-15,421,1,144.29,144.29,1,53.0,29,1,2010-10-15,2010-10-15,0,Europe,53.0,2.72
17939,United Kingdom,2011-07-03,160,1,99.14,99.14,1,40.0,12,1,2011-07-03,2011-07-03,0,Europe,40.0,2.48
17940,United Kingdom,2009-12-03,50,16,30306.79,1894.17,0,85148.0,11,16,2009-12-03,2011-10-21,687,Europe,5321.75,0.36
17941,United Kingdom,2010-01-06,131,4,1433.28,358.32,0,1108.0,5,4,2010-01-06,2011-08-01,572,Europe,277.0,1.29
17942,United Kingdom,2011-12-02,8,1,77.5,77.5,0,38.0,2,1,2011-12-02,2011-12-02,0,Europe,38.0,2.04
17944,United Kingdom,2010-10-12,424,1,74.99,74.99,1,84.0,24,1,2010-10-12,2010-10-12,0,Europe,84.0,0.89
17945,United Kingdom,2010-01-12,697,3,360.35,120.12,1,244.0,66,3,2010-01-12,2010-01-12,0,Europe,81.33,1.48
17946,United Kingdom,2011-03-25,234,2,149.58,74.79,1,75.0,18,2,2011-03-25,2011-04-20,26,Europe,37.5,1.99
17947,United Kingdom,2011-11-02,38,1,176.68,176.68,0,168.0,9,1,2011-11-02,2011-11-02,0,Europe,168.0,1.05
17948,United Kingdom,2011-07-15,148,1,358.56,358.56,1,144.0,1,1,2011-07-15,2011-07-15,0,Europe,144.0,2.49
17949,United Kingdom,2009-12-02,2,118,117314.08,994.19,0,60538.0,58,118,2009-12-02,2011-12-08,736,Europe,513.03,1.94
17950,United Kingdom,2010-01-04,73,7,1166.29,166.61,0,659.0,133,7,2010-01-04,2011-09-28,632,Europe,94.14,1.77
17951,United Kingdom,2010-10-31,40,4,1340.58,335.15,0,780.0,24,4,2010-10-31,2011-10-31,365,Europe,195.0,1.72
17952,United Kingdom,2010-06-16,379,4,788.46,197.12,1,477.0,85,4,2010-06-16,2010-11-26,163,Europe,119.25,1.65
17953,United Kingdom,2010-06-17,541,1,159.17,159.17,1,98.0,20,1,2010-06-17,2010-06-17,0,Europe,98.0,1.62
17954,United Kingdom,2009-12-09,6,19,3804.38,200.23,0,3180.0,479,19,2009-12-09,2011-12-04,725,Europe,167.37,1.2
17955,United Kingdom,2010-02-12,199,6,949.9,158.32,1,681.0,16,6,2010-02-12,2011-05-25,467,Europe,113.5,1.39
17956,United Kingdom,2011-04-04,250,1,12.75,12.75,1,1.0,1,1,2011-04-04,2011-04-04,0,Europe,1.0,12.75
17957,United Kingdom,2011-10-04,67,1,111.68,111.68,0,287.0,31,1,2011-10-04,2011-10-04,0,Europe,287.0,0.39
17958,United Kingdom,2009-12-11,117,2,973.88,486.94,1,284.0,35,2,2009-12-11,2011-08-15,612,Europe,142.0,3.43
17959,United Kingdom,2010-04-26,593,1,140.75,140.75,1,49.0,2,1,2010-04-26,2010-04-26,0,Europe,49.0,2.87
17960,United Kingdom,2010-03-08,172,3,135.08,45.03,0,60.0,37,3,2010-03-08,2011-06-21,470,Europe,20.0,2.25
17961,United Kingdom,2009-12-01,22,100,2866.74,28.67,0,1491.0,486,100,2009-12-01,2011-11-18,717,Europe,14.91,1.92
17962,United Kingdom,2010-01-13,143,4,666.96,166.74,0,633.0,146,4,2010-01-13,2011-07-20,553,Europe,158.25,1.05
17963,United Kingdom,2010-01-19,472,4,643.16,160.79,1,341.0,98,4,2010-01-19,2010-08-25,218,Europe,85.25,1.89
17964,United Kingdom,2010-12-02,32,2,463.21,231.61,0,294.0,84,2,2010-12-02,2011-11-08,341,Europe,147.0,1.58
17965,United Kingdom,2009-12-14,38,29,7006.65,241.61,0,4383.0,588,29,2009-12-14,2011-11-02,688,Europe,151.14,1.6
17966,United Kingdom,2010-01-18,38,10,1963.92,196.39,0,3918.0,82,10,2010-01-18,2011-11-02,653,Europe,391.8,0.5
17967,United Kingdom,2010-10-19,372,2,223.42,111.71,1,111.0,59,2,2010-10-19,2010-12-03,45,Europe,55.5,2.01
17968,United Kingdom,2010-07-15,374,4,590.44,147.61,1,352.0,106,4,2010-07-15,2010-12-01,139,Europe,88.0,1.68
17969,United Kingdom,2009-12-06,167,20,2354.29,117.71,0,1014.0,113,20,2009-12-06,2011-06-26,567,Europe,50.7,2.32
17970,United Kingdom,2011-05-12,212,1,562.79,562.79,1,513.0,27,1,2011-05-12,2011-05-12,0,Europe,513.0,1.1
17971,United Kingdom,2010-06-09,549,1,161.94,161.94,1,62.0,21,1,2010-06-09,2010-06-09,0,Europe,62.0,2.61
17972,United Kingdom,2011-04-12,242,1,135.19,135.19,1,36.0,30,1,2011-04-12,2011-04-12,0,Europe,36.0,3.76
17973,United Kingdom,2011-10-19,52,1,337.04,337.04,0,176.0,15,1,2011-10-19,2011-10-19,0,Europe,176.0,1.92
17974,United Kingdom,2010-10-28,25,6,1739.09,289.85,0,1189.0,279,6,2010-10-28,2011-11-15,383,Europe,198.17,1.46
17975,United Kingdom,2010-08-06,16,24,6696.33,279.01,0,2179.0,243,24,2010-08-06,2011-11-24,475,Europe,90.79,3.07
17976,United Kingdom,2010-12-02,373,1,321.79,321.79,1,93.0,56,1,2010-12-02,2010-12-02,0,Europe,93.0,3.46
17977,United Kingdom,2010-11-04,30,2,1511.45,755.73,0,1948.0,94,2,2010-11-04,2011-11-10,371,Europe,974.0,0.78
17978,United Kingdom,2009-12-08,366,4,1159.99,290.0,1,1297.0,62,4,2009-12-08,2010-12-09,366,Europe,324.25,0.89
17979,United Kingdom,2011-03-25,36,4,732.41,183.1,0,383.0,116,4,2011-03-25,2011-11-04,224,Europe,95.75,1.91
17980,United Kingdom,2010-11-11,166,4,1012.72,253.18,0,771.0,41,4,2010-11-11,2011-06-27,228,Europe,192.75,1.31
17981,United Kingdom,2010-10-25,411,1,239.12,239.12,1,260.0,17,1,2010-10-25,2010-10-25,0,Europe,260.0,0.92
17982,United Kingdom,2010-01-28,681,1,138.18,138.18,1,117.0,13,1,2010-01-28,2010-01-28,0,Europe,117.0,1.18
17983,United Kingdom,2010-11-09,396,1,171.71,171.71,1,108.0,23,1,2010-11-09,2010-11-09,0,Europe,108.0,1.59
17984,United Kingdom,2009-12-01,146,5,1152.19,230.44,0,939.0,209,5,2009-12-01,2011-07-17,593,Europe,187.8,1.23
17985,United Kingdom,2011-11-17,23,1,631.35,631.35,0,171.0,20,1,2011-11-17,2011-11-17,0,Europe,171.0,3.69
17986,United Kingdom,2011-10-14,57,1,20.8,20.8,0,10.0,1,1,2011-10-14,2011-10-14,0,Europe,10.0,2.08
17987,United Kingdom,2010-06-07,186,5,965.44,193.09,1,981.0,139,5,2010-06-07,2011-06-07,365,Europe,196.2,0.98
17988,United Kingdom,2009-12-07,12,14,489.54,34.97,0,186.0,115,14,2009-12-07,2011-11-28,721,Europe,13.29,2.63
17989,United Kingdom,2010-11-25,380,1,207.33,207.33,1,300.0,26,1,2010-11-25,2010-11-25,0,Europe,300.0,0.69
17990,United Kingdom,2009-12-07,237,6,1527.61,254.6,1,777.0,40,6,2009-12-07,2011-04-17,496,Europe,129.5,1.97
17991,United Kingdom,2010-04-27,226,3,300.3,100.1,1,93.0,37,3,2010-04-27,2011-04-28,366,Europe,31.0,3.23
17992,United Kingdom,2010-11-15,390,1,252.88,252.88,1,130.0,49,1,2010-11-15,2010-11-15,0,Europe,130.0,1.95
17993,United Kingdom,2010-04-01,618,1,225.99,225.99,1,108.0,60,1,2010-04-01,2010-04-01,0,Europe,108.0,2.09
17994,United Kingdom,2010-03-29,122,11,2270.03,206.37,0,2181.0,227,11,2010-03-29,2011-08-10,499,Europe,198.27,1.04
17995,United Kingdom,2010-11-17,282,3,495.48,165.16,1,263.0,28,3,2010-11-17,2011-03-03,106,Europe,87.67,1.88
17996,United Kingdom,2010-06-11,380,3,482.33,160.78,1,587.0,63,3,2010-06-11,2010-11-25,167,Europe,195.67,0.82
17997,United Kingdom,2011-06-28,75,8,1962.46,245.31,0,2273.0,133,8,2011-06-28,2011-09-26,90,Europe,284.13,0.86
17998,United Kingdom,2009-12-01,381,3,639.24,213.08,1,561.0,57,3,2009-12-01,2010-11-24,358,Europe,187.0,1.14
17999,United Kingdom,2010-11-26,38,3,528.46,176.15,0,286.0,125,3,2010-11-26,2011-11-02,341,Europe,95.33,1.85
18000,United Kingdom,2010-05-24,565,1,124.25,124.25,1,109.0,6,1,2010-05-24,2010-05-24,0,Europe,109.0,1.14
18001,United Kingdom,2009-12-02,13,6,924.14,154.02,0,874.0,120,6,2009-12-02,2011-11-27,725,Europe,145.67,1.06
18002,United Kingdom,2009-12-08,376,4,244.37,61.09,1,71.0,52,4,2009-12-08,2010-11-29,356,Europe,17.75,3.44
18003,United Kingdom,2010-11-28,377,1,353.51,353.51,1,297.0,23,1,2010-11-28,2010-11-28,0,Europe,297.0,1.19
18004,United Kingdom,2010-12-12,363,1,157.92,157.92,1,75.0,32,1,2010-12-12,2010-12-12,0,Europe,75.0,2.11
18005,United Kingdom,2011-10-23,4,2,226.47,113.24,0,86.0,52,2,2011-10-23,2011-12-06,44,Europe,43.0,2.63
18006,United Kingdom,2009-12-17,24,4,969.51,242.38,0,395.0,57,4,2009-12-17,2011-11-16,699,Europe,98.75,2.45
18007,United Kingdom,2010-11-12,393,1,215.22,215.22,1,246.0,46,1,2010-11-12,2010-11-12,0,Europe,246.0,0.87
18008,United Kingdom,2010-01-06,71,23,19759.08,859.09,0,7825.0,77,23,2010-01-06,2011-09-30,632,Europe,340.22,2.53
18009,United Kingdom,2010-02-25,236,8,2144.23,268.03,1,651.0,145,8,2010-02-25,2011-04-18,417,Europe,81.38,3.29
18010,United Kingdom,2011-03-28,257,1,174.8,174.8,1,60.0,14,1,2011-03-28,2011-03-28,0,Europe,60.0,2.91
18011,United Kingdom,2010-05-21,374,2,410.79,205.4,1,125.0,63,2,2010-05-21,2010-12-01,194,Europe,62.5,3.29
18012,United Kingdom,2009-12-16,724,1,115.3,115.3,1,63.0,13,1,2009-12-16,2009-12-16,0,Europe,63.0,1.83
18013,United Kingdom,2011-07-07,156,2,187.29,93.65,1,285.0,31,2,2011-07-07,2011-07-07,0,Europe,142.5,0.66
18014,United Kingdom,2011-11-11,29,1,162.22,162.22,0,66.0,29,1,2011-11-11,2011-11-11,0,Europe,66.0,2.46
18015,United Kingdom,2011-12-05,5,1,120.03,120.03,0,157.0,46,1,2011-12-05,2011-12-05,0,Europe,157.0,0.76
18016,United Kingdom,2010-01-27,33,7,1954.56,279.22,0,1207.0,115,7,2010-01-27,2011-11-07,649,Europe,172.43,1.62
18017,United Kingdom,2010-10-04,82,4,688.0,172.0,0,400.0,1,4,2010-10-04,2011-09-19,350,Europe,100.0,1.72
18018,United Kingdom,2010-10-15,109,4,297.99,74.5,0,186.0,43,4,2010-10-15,2011-08-23,312,Europe,46.5,1.6
18019,United Kingdom,2011-10-19,52,1,38.45,38.45,0,7.0,5,1,2011-10-19,2011-10-19,0,Europe,7.0,5.49
18020,United Kingdom,2010-06-14,544,1,190.48,190.48,1,67.0,12,1,2010-06-14,2010-06-14,0,Europe,67.0,2.84
18021,United Kingdom,2010-07-15,510,2,216.41,108.21,1,168.0,32,2,2010-07-15,2010-07-18,3,Europe,84.0,1.29
18022,United Kingdom,2010-06-11,36,5,1507.25,301.45,0,1311.0,306,5,2010-06-11,2011-11-04,511,Europe,262.2,1.15
18024,United Kingdom,2011-07-10,153,2,389.78,194.89,1,184.0,21,2,2011-07-10,2011-07-10,0,Europe,92.0,2.12
18025,United Kingdom,2010-03-30,380,6,1177.72,196.29,1,1053.0,83,6,2010-03-30,2010-11-25,240,Europe,175.5,1.12
18026,United Kingdom,2010-07-22,501,2,2074.07,1037.04,1,530.0,12,2,2010-07-22,2010-07-27,5,Europe,265.0,3.91
18027,United Kingdom,2011-09-02,99,1,115.31,115.31,1,78.0,21,1,2011-09-02,2011-09-02,0,Europe,78.0,1.48
18028,United Kingdom,2010-05-05,584,1,192.05,192.05,1,133.0,4,1,2010-05-05,2010-05-05,0,Europe,133.0,1.44
18029,United Kingdom,2010-03-07,643,1,433.77,433.77,1,253.0,18,1,2010-03-07,2010-03-07,0,Europe,253.0,1.71
18030,United Kingdom,2011-10-28,5,2,230.65,115.33,0,67.0,8,2,2011-10-28,2011-12-05,38,Europe,33.5,3.44
18031,United Kingdom,2010-11-26,379,1,451.3,451.3,1,298.0,49,1,2010-11-26,2010-11-26,0,Europe,298.0,1.51
18032,United Kingdom,2011-01-09,335,1,73.5,73.5,1,42.0,5,1,2011-01-09,2011-01-09,0,Europe,42.0,1.75
18033,United Kingdom,2011-10-05,66,1,93.82,93.82,1,252.0,32,1,2011-10-05,2011-10-05,0,Europe,252.0,0.37
18034,United Kingdom,2010-11-29,22,3,754.2,251.4,0,951.0,182,3,2010-11-29,2011-11-18,354,Europe,317.0,0.79
18035,United Kingdom,2010-11-19,36,5,1260.23,252.05,0,1134.0,52,5,2010-11-19,2011-11-04,350,Europe,226.8,1.11
18036,United Kingdom,2009-12-18,33,11,1545.49,140.5,0,741.0,221,11,2009-12-18,2011-11-07,689,Europe,67.36,2.09
18037,United Kingdom,2009-12-01,155,15,167.42,11.16,0,37.0,31,15,2009-12-01,2011-07-08,584,Europe,2.47,4.52
18038,United Kingdom,2010-06-01,557,1,141.48,141.48,1,80.0,25,1,2010-06-01,2010-06-01,0,Europe,80.0,1.77
18039,United Kingdom,2010-03-09,375,4,548.22,137.06,1,555.0,137,4,2010-03-09,2010-11-30,266,Europe,138.75,0.99
18040,United Kingdom,2011-04-08,20,2,357.2,178.6,0,148.0,18,2,2011-04-08,2011-11-20,226,Europe,74.0,2.41
18041,United Kingdom,2010-01-14,12,38,8018.77,211.02,0,7316.0,464,38,2010-01-14,2011-11-28,683,Europe,192.53,1.1
18042,United Kingdom,2010-06-16,54,2,281.15,140.58,0,69.0,13,2,2010-06-16,2011-10-17,488,Europe,34.5,4.07
18043,United Kingdom,2010-12-08,25,3,529.29,176.43,0,265.0,106,3,2010-12-08,2011-11-15,342,Europe,88.33,2.0
18044,United Kingdom,2010-05-28,5,18,3505.61,194.76,0,1598.0,128,18,2010-05-28,2011-12-05,556,Europe,88.78,2.19
18045,United Kingdom,2011-10-25,46,1,178.34,178.34,0,138.0,43,1,2011-10-25,2011-10-25,0,Europe,138.0,1.29
18046,United Kingdom,2010-02-28,650,1,189.63,189.63,1,44.0,26,1,2010-02-28,2010-02-28,0,Europe,44.0,4.31
18047,United Kingdom,2010-11-23,382,2,326.09,163.05,1,130.0,74,2,2010-11-23,2010-11-23,0,Europe,65.0,2.51
18048,United Kingdom,2010-08-03,204,3,394.93,131.64,1,256.0,56,3,2010-08-03,2011-05-20,290,Europe,85.33,1.54
18049,United Kingdom,2010-04-28,438,2,500.92,250.46,1,402.0,82,2,2010-04-28,2010-09-28,153,Europe,201.0,1.25
18050,United Kingdom,2010-11-11,360,2,412.06,206.03,1,250.0,22,2,2010-11-11,2010-12-15,34,Europe,125.0,1.65
18051,United Kingdom,2009-12-09,635,7,2282.28,326.04,1,1661.0,41,7,2009-12-09,2010-03-15,96,Europe,237.29,1.37
18052,United Kingdom,2010-05-24,565,1,10877.18,10877.18,1,17766.0,16,1,2010-05-24,2010-05-24,0,Europe,17766.0,0.61
18053,United Kingdom,2010-06-30,71,3,571.07,190.36,0,409.0,29,3,2010-06-30,2011-09-30,457,Europe,136.33,1.4
18054,United Kingdom,2010-11-12,393,1,176.5,176.5,1,96.0,11,1,2010-11-12,2010-11-12,0,Europe,96.0,1.84
18055,United Kingdom,2010-10-22,8,14,10142.64,724.47,0,3534.0,320,14,2010-10-22,2011-12-02,406,Europe,252.43,2.87
18056,United Kingdom,2010-03-31,289,2,554.6,277.3,1,334.0,28,2,2010-03-31,2011-02-24,330,Europe,167.0,1.66
18057,United Kingdom,2010-01-18,394,3,1188.46,396.15,1,970.0,121,3,2010-01-18,2010-11-11,297,Europe,323.33,1.23
18058,United Kingdom,2010-02-10,10,3,774.06,258.02,0,394.0,12,3,2010-02-10,2011-11-30,658,Europe,131.33,1.96
18059,United Kingdom,2011-10-03,24,3,306.46,102.15,0,258.0,17,3,2011-10-03,2011-11-16,44,Europe,86.0,1.19
18060,United Kingdom,2010-05-24,409,2,1185.46,592.73,1,902.0,74,2,2010-05-24,2010-10-27,156,Europe,451.0,1.31
18061,United Kingdom,2009-12-04,22,28,6083.81,217.28,0,3359.0,30,28,2009-12-04,2011-11-18,714,Europe,119.96,1.81
18062,United Kingdom,2010-04-21,174,6,1632.67,272.11,0,831.0,46,6,2010-04-21,2011-06-19,424,Europe,138.5,1.96
18063,United Kingdom,2010-03-16,391,2,186.6,93.3,1,48.0,2,2,2010-03-16,2010-11-14,243,Europe,24.0,3.89
18064,United Kingdom,2010-02-01,134,11,4481.83,407.44,0,2685.0,53,11,2010-02-01,2011-07-29,543,Europe,244.09,1.67
18065,United Kingdom,2009-12-09,6,29,5866.63,202.3,0,2265.0,193,29,2009-12-09,2011-12-04,725,Europe,78.1,2.59
18066,United Kingdom,2010-10-20,76,3,1440.4,480.13,0,535.0,37,3,2010-10-20,2011-09-25,340,Europe,178.33,2.69
18067,United Kingdom,2011-10-30,41,1,396.33,396.33,0,189.0,36,1,2011-10-30,2011-10-30,0,Europe,189.0,2.1
18068,United Kingdom,2011-02-23,290,1,101.7,101.7,1,6.0,1,1,2011-02-23,2011-02-23,0,Europe,6.0,16.95
18069,United Kingdom,2010-02-28,27,11,4464.92,405.9,0,3168.0,602,11,2010-02-28,2011-11-13,623,Europe,288.0,1.41
18070,United Kingdom,2010-02-08,670,1,314.1,314.1,1,86.0,9,1,2010-02-08,2010-02-08,0,Europe,86.0,3.65
18071,United Kingdom,2009-12-05,258,6,1169.68,194.95,1,678.0,52,6,2009-12-05,2011-03-27,477,Europe,113.0,1.73
18072,United Kingdom,2011-06-07,186,1,247.44,247.44,1,288.0,18,1,2011-06-07,2011-06-07,0,Europe,288.0,0.86
18073,United Kingdom,2011-05-26,115,12,3859.82,321.65,0,3102.0,23,12,2011-05-26,2011-08-17,83,Europe,258.5,1.24
18074,United Kingdom,2010-07-22,374,2,1019.44,509.72,1,361.0,37,2,2010-07-22,2010-12-01,132,Europe,180.5,2.82
18075,United Kingdom,2010-07-29,24,20,5783.29,289.16,0,3281.0,180,20,2010-07-29,2011-11-16,475,Europe,164.05,1.76
18076,United Kingdom,2010-11-24,381,1,151.49,151.49,1,164.0,8,1,2010-11-24,2010-11-24,0,Europe,164.0,0.92
18077,United Kingdom,2009-12-07,9,18,4078.79,226.6,0,3020.0,141,18,2009-12-07,2011-12-01,724,Europe,167.78,1.35
18078,United Kingdom,2010-03-21,218,4,725.53,181.38,1,370.0,65,4,2010-03-21,2011-05-06,411,Europe,92.5,1.96
18079,United Kingdom,2010-08-05,46,5,4203.93,840.79,0,8730.0,107,5,2010-08-05,2011-10-25,446,Europe,1746.0,0.48
18080,United Kingdom,2011-04-11,19,2,1231.5,615.75,0,642.0,2,2,2011-04-11,2011-11-21,224,Europe,321.0,1.92
18081,United Kingdom,2011-07-29,37,3,343.45,114.48,0,195.0,14,3,2011-07-29,2011-11-03,97,Europe,65.0,1.76
18082,United Kingdom,2011-11-14,26,1,680.84,680.84,0,608.0,62,1,2011-11-14,2011-11-14,0,Europe,608.0,1.12
18083,United Kingdom,2010-11-07,398,1,463.53,463.53,1,268.0,36,1,2010-11-07,2010-11-07,0,Europe,268.0,1.73
18084,United Kingdom,2010-11-16,17,3,795.23,265.08,0,755.0,7,3,2010-11-16,2011-11-23,372,Europe,251.67,1.05
18085,United Kingdom,2010-03-21,331,4,1341.85,335.46,1,507.0,42,4,2010-03-21,2011-01-13,298,Europe,126.75,2.65
18086,United Kingdom,2011-03-10,275,1,101.34,101.34,1,106.0,7,1,2011-03-10,2011-03-10,0,Europe,106.0,0.96
18087,United Kingdom,2009-12-01,99,17,14761.52,868.32,0,7775.0,44,17,2009-12-01,2011-09-02,640,Europe,457.35,1.9
18088,United Kingdom,2011-10-09,62,1,166.03,166.03,0,107.0,35,1,2011-10-09,2011-10-09,0,Europe,107.0,1.55
18089,United Kingdom,2010-09-19,447,1,428.45,428.45,1,95.0,9,1,2010-09-19,2010-09-19,0,Europe,95.0,4.51
18090,United Kingdom,2010-10-14,422,1,321.9,321.9,1,307.0,47,1,2010-10-14,2010-10-14,0,Europe,307.0,1.05
18091,United Kingdom,2010-04-25,594,1,360.85,360.85,1,539.0,25,1,2010-04-25,2010-04-25,0,Europe,539.0,0.67
18092,United Kingdom,2009-12-04,3,18,14693.72,816.32,0,8298.0,42,18,2009-12-04,2011-12-07,733,Europe,461.0,1.77
18093,United Kingdom,2010-03-31,94,8,4452.71,556.59,0,3429.0,43,8,2010-03-31,2011-09-07,525,Europe,428.63,1.3
18094,United Kingdom,2010-01-07,82,13,6391.52,491.66,0,4164.0,55,13,2010-01-07,2011-09-19,620,Europe,320.31,1.53
18095,United Kingdom,2010-04-19,313,5,2303.09,460.62,1,1623.0,37,5,2010-04-19,2011-01-31,287,Europe,324.6,1.42
18096,United Kingdom,2010-07-14,12,6,1657.87,276.31,0,1409.0,299,6,2010-07-14,2011-11-28,502,Europe,234.83,1.18
18097,United Kingdom,2009-12-17,8,11,4627.92,420.72,0,2716.0,86,11,2009-12-17,2011-12-02,715,Europe,246.91,1.7
18098,United Kingdom,2010-11-08,397,1,527.94,527.94,1,215.0,85,1,2010-11-08,2010-11-08,0,Europe,215.0,2.46
18099,United Kingdom,2011-08-04,128,1,168.31,168.31,1,149.0,19,1,2011-08-04,2011-08-04,0,Europe,149.0,1.13
18100,United Kingdom,2010-06-07,551,1,451.56,451.56,1,440.0,30,1,2010-06-07,2010-06-07,0,Europe,440.0,1.03
18101,United Kingdom,2010-02-03,12,5,622.01,124.4,0,247.0,89,5,2010-02-03,2011-11-28,663,Europe,49.4,2.52
18102,United Kingdom,2009-12-01,1,145,580987.04,4006.81,0,181645.0,382,145,2009-12-01,2011-12-09,738,Europe,1252.72,3.2
18103,United Kingdom,2010-06-08,550,1,105.8,105.8,1,23.0,10,1,2010-06-08,2010-06-08,0,Europe,23.0,4.6
18104,United Kingdom,2011-11-02,38,1,754.64,754.64,0,362.0,38,1,2011-11-02,2011-11-02,0,Europe,362.0,2.08
18105,United Kingdom,2011-11-02,38,1,113.48,113.48,0,46.0,18,1,2011-11-02,2011-11-02,0,Europe,46.0,2.47
18106,United Kingdom,2010-01-15,330,6,1441.06,240.18,1,506.0,126,6,2010-01-15,2011-01-14,364,Europe,84.33,2.85
18107,United Kingdom,2010-09-23,443,1,165.88,165.88,1,65.0,38,1,2010-09-23,2010-09-23,0,Europe,65.0,2.55
18108,United Kingdom,2009-12-02,255,3,848.81,282.94,1,261.0,43,3,2009-12-02,2011-03-30,483,Europe,87.0,3.25
18109,United Kingdom,2010-07-01,2,38,9555.71,251.47,0,4822.0,203,38,2010-07-01,2011-12-08,525,Europe,126.89,1.98
18110,United Kingdom,2010-10-24,20,2,392.28,196.14,0,169.0,58,2,2010-10-24,2011-11-20,392,Europe,84.5,2.32
18111,United Kingdom,2010-04-29,590,1,405.85,405.85,1,232.0,27,1,2010-04-29,2010-04-29,0,Europe,232.0,1.75
18112,United Kingdom,2010-06-06,13,4,773.36,193.34,0,443.0,59,4,2010-06-06,2011-11-27,539,Europe,110.75,1.75
18113,United Kingdom,2010-12-06,369,1,76.32,76.32,1,72.0,1,1,2010-12-06,2010-12-06,0,Europe,72.0,1.06
18114,United Kingdom,2011-02-22,291,1,220.1,220.1,1,55.0,28,1,2011-02-22,2011-02-22,0,Europe,55.0,4.0
18115,United Kingdom,2010-01-11,698,1,9.7,9.7,1,3.0,3,1,2010-01-11,2010-01-11,0,Europe,3.0,3.23
18116,United Kingdom,2010-10-24,68,13,2134.49,164.19,0,1267.0,311,13,2010-10-24,2011-10-03,344,Europe,97.46,1.68
18117,United Kingdom,2011-11-14,26,1,315.65,315.65,0,605.0,68,1,2011-11-14,2011-11-14,0,Europe,605.0,0.52
18118,United Kingdom,2010-11-23,11,29,6221.02,214.52,0,3184.0,444,29,2010-11-23,2011-11-29,371,Europe,109.79,1.95
18119,United Kingdom,2010-12-07,368,1,180.7,180.7,1,124.0,29,1,2010-12-07,2010-12-07,0,Europe,124.0,1.46
18120,United Kingdom,2011-05-09,215,1,111.15,111.15,1,31.0,17,1,2011-05-09,2011-05-09,0,Europe,31.0,3.59
18121,United Kingdom,2011-07-08,150,2,653.3,326.65,1,438.0,28,2,2011-07-08,2011-07-13,5,Europe,219.0,1.49
18122,United Kingdom,2011-07-12,9,6,1793.06,298.84,0,1225.0,239,6,2011-07-12,2011-12-01,142,Europe,204.17,1.46
18123,United Kingdom,2010-07-14,25,3,666.64,222.21,0,616.0,53,3,2010-07-14,2011-11-15,489,Europe,205.33,1.08
18124,United Kingdom,2010-08-24,473,1,102.65,102.65,1,47.0,20,1,2010-08-24,2010-08-24,0,Europe,47.0,2.18
18125,United Kingdom,2011-01-27,30,4,1131.75,282.94,0,800.0,164,4,2011-01-27,2011-11-10,287,Europe,200.0,1.41
18126,United Kingdom,2011-10-10,61,1,200.92,200.92,0,135.0,52,1,2011-10-10,2011-10-10,0,Europe,135.0,1.49
18127,United Kingdom,2010-11-01,20,4,556.13,139.03,0,250.0,56,4,2010-11-01,2011-11-20,384,Europe,62.5,2.22
18128,United Kingdom,2010-06-20,538,1,399.29,399.29,1,216.0,42,1,2010-06-20,2010-06-20,0,Europe,216.0,1.85
18129,United Kingdom,2011-04-10,244,1,112.55,112.55,1,48.0,13,1,2011-04-10,2011-04-10,0,Europe,48.0,2.34
18130,United Kingdom,2011-10-13,16,3,1059.39,353.13,0,824.0,58,3,2011-10-13,2011-11-24,42,Europe,274.67,1.29
18131,United Kingdom,2010-03-18,632,1,222.96,222.96,1,552.0,4,1,2010-03-18,2010-03-18,0,Europe,552.0,0.4
18132,United Kingdom,2010-07-23,505,1,220.13,220.13,1,212.0,60,1,2010-07-23,2010-07-23,0,Europe,212.0,1.04
18133,United Kingdom,2011-05-11,213,1,931.5,931.5,1,1350.0,1,1,2011-05-11,2011-05-11,0,Europe,1350.0,0.69
18134,United Kingdom,2010-01-14,599,2,445.0,222.5,1,128.0,27,2,2010-01-14,2010-04-20,96,Europe,64.0,3.48
18135,United Kingdom,2010-03-15,30,10,1249.62,124.96,0,753.0,23,10,2010-03-15,2011-11-10,605,Europe,75.3,1.66
18136,United Kingdom,2010-09-14,64,5,1631.36,326.27,0,860.0,77,5,2010-09-14,2011-10-07,388,Europe,172.0,1.9
18137,United Kingdom,2010-06-06,552,2,145.99,73.0,1,59.0,26,2,2010-06-06,2010-06-06,0,Europe,29.5,2.47
18138,United Kingdom,2011-02-17,296,1,152.65,152.65,1,38.0,8,1,2011-02-17,2011-02-17,0,Europe,38.0,4.02
18139,United Kingdom,2011-11-21,18,6,8438.34,1406.39,0,5557.0,35,6,2011-11-21,2011-11-22,1,Europe,926.17,1.52
18140,West Indies,2010-08-23,474,1,536.41,536.41,1,395.0,49,1,2010-08-23,2010-08-23,0,Other,395.0,1.36
18141,United Kingdom,2010-04-29,402,2,882.47,441.24,1,433.0,38,2,2010-04-29,2010-11-03,188,Europe,216.5,2.04
18142,United Kingdom,2011-05-08,158,2,1019.52,509.76,1,1276.0,9,2,2011-05-08,2011-07-05,58,Europe,638.0,0.8
18143,United Kingdom,2011-07-21,117,2,1000.16,500.08,1,570.0,59,2,2011-07-21,2011-08-15,25,Europe,285.0,1.75
18144,United Kingdom,2009-12-16,8,19,4892.95,257.52,0,2144.0,51,19,2009-12-16,2011-12-02,716,Europe,112.84,2.28
18145,United Kingdom,2009-12-08,13,11,5609.74,509.98,0,5104.0,250,11,2009-12-08,2011-11-27,719,Europe,464.0,1.1
18146,United Kingdom,2011-05-03,141,2,160.35,80.18,1,153.0,10,2,2011-05-03,2011-07-22,80,Europe,76.5,1.05
18147,United Kingdom,2011-08-23,46,2,179.34,89.67,0,203.0,7,2,2011-08-23,2011-10-25,63,Europe,101.5,0.88
18148,United Kingdom,2010-03-03,647,1,112.85,112.85,1,63.0,9,1,2010-03-03,2010-03-03,0,Europe,63.0,1.79
18149,United Kingdom,2010-03-14,51,7,1553.96,221.99,0,869.0,54,7,2010-03-14,2011-10-20,585,Europe,124.14,1.79
18150,United Kingdom,2011-05-22,33,3,566.58,188.86,0,332.0,29,3,2011-05-22,2011-11-07,169,Europe,110.67,1.71
18151,United Kingdom,2010-03-04,135,6,1879.44,313.24,0,986.0,99,6,2010-03-04,2011-07-28,511,Europe,164.33,1.91
18152,United Kingdom,2010-03-03,647,1,426.69,426.69,1,75.0,10,1,2010-03-03,2010-03-03,0,Europe,75.0,5.69
18153,United Kingdom,2010-02-18,660,1,246.22,246.22,1,200.0,17,1,2010-02-18,2010-02-18,0,Europe,200.0,1.23
18154,United Kingdom,2010-08-06,4,5,932.6,186.52,0,626.0,34,5,2010-08-06,2011-12-06,487,Europe,125.2,1.49
18155,United Kingdom,2011-02-21,76,3,371.62,123.87,0,266.0,19,3,2011-02-21,2011-09-25,216,Europe,88.67,1.4
18156,United Kingdom,2010-12-05,13,2,675.64,337.82,0,283.0,100,2,2010-12-05,2011-11-27,357,Europe,141.5,2.39
18157,United Kingdom,2010-05-17,572,1,213.9,213.9,1,145.0,25,1,2010-05-17,2010-05-17,0,Europe,145.0,1.48
18158,United Kingdom,2011-09-12,10,2,453.4,226.7,0,354.0,24,2,2011-09-12,2011-11-30,79,Europe,177.0,1.28
18159,United Kingdom,2011-02-11,302,1,530.15,530.15,1,139.0,23,1,2011-02-11,2011-02-11,0,Europe,139.0,3.81
18160,United Kingdom,2010-11-18,58,3,1003.88,334.63,0,519.0,56,3,2010-11-18,2011-10-13,329,Europe,173.0,1.93
18161,United Kingdom,2010-11-25,16,6,1803.1,300.52,0,965.0,57,6,2010-11-25,2011-11-24,364,Europe,160.83,1.87
18162,United Kingdom,2009-12-07,733,1,371.51,371.51,1,332.0,45,1,2009-12-07,2009-12-07,0,Europe,332.0,1.12
18163,United Kingdom,2010-05-04,585,1,728.84,728.84,1,452.0,33,1,2010-05-04,2010-05-04,0,Europe,452.0,1.61
18164,United Kingdom,2011-11-02,38,1,399.65,399.65,0,184.0,24,1,2011-11-02,2011-11-02,0,Europe,184.0,2.17
18165,United Kingdom,2011-06-15,178,1,302.46,302.46,1,254.0,10,1,2011-06-15,2011-06-15,0,Europe,254.0,1.19
18166,United Kingdom,2010-03-26,624,1,175.5,175.5,1,90.0,10,1,2010-03-26,2010-03-26,0,Europe,90.0,1.95
18167,United Kingdom,2011-08-26,24,3,1384.86,461.62,0,382.0,24,3,2011-08-26,2011-11-16,82,Europe,127.33,3.63
18168,United Kingdom,2009-12-03,177,16,3435.5,214.72,0,1995.0,209,16,2009-12-03,2011-06-16,560,Europe,124.69,1.72
18169,United Kingdom,2011-10-10,61,1,202.65,202.65,0,61.0,9,1,2011-10-10,2011-10-10,0,Europe,61.0,3.32
18170,United Kingdom,2010-01-08,34,9,2878.0,319.78,0,1184.0,59,9,2010-01-08,2011-11-06,667,Europe,131.56,2.43
18171,United Kingdom,2010-01-05,59,9,2437.31,270.81,0,991.0,76,9,2010-01-05,2011-10-12,645,Europe,110.11,2.46
18172,United Kingdom,2009-12-11,15,52,17467.24,335.91,0,7407.0,176,52,2009-12-11,2011-11-25,714,Europe,142.44,2.36
18173,United Kingdom,2010-04-06,87,5,2696.36,539.27,0,1730.0,34,5,2010-04-06,2011-09-14,526,Europe,346.0,1.56
18174,United Kingdom,2010-04-15,8,2,162.5,81.25,0,80.0,1,2,2010-04-15,2011-12-02,596,Europe,40.0,2.03
18175,United Kingdom,2010-02-02,676,1,176.1,176.1,1,70.0,7,1,2010-02-02,2010-02-02,0,Europe,70.0,2.52
18176,United Kingdom,2010-12-16,359,1,476.35,476.35,1,283.0,30,1,2010-12-16,2010-12-16,0,Europe,283.0,1.68
18177,United Kingdom,2009-12-15,32,9,2216.32,246.26,0,1238.0,66,9,2009-12-15,2011-11-08,693,Europe,137.56,1.79
18178,United Kingdom,2010-02-18,129,11,6103.74,554.89,0,3850.0,204,11,2010-02-18,2011-08-03,531,Europe,350.0,1.59
18179,United Kingdom,2010-02-14,10,8,2547.55,318.44,0,1811.0,101,8,2010-02-14,2011-11-30,654,Europe,226.38,1.41
18180,United Kingdom,2011-07-20,5,6,1843.75,307.29,0,1721.0,108,6,2011-07-20,2011-12-05,138,Europe,286.83,1.07
18181,United Kingdom,2009-12-04,25,5,1188.34,237.67,0,510.0,139,5,2009-12-04,2011-11-15,711,Europe,102.0,2.33
18182,United Kingdom,2010-09-02,464,1,291.13,291.13,1,167.0,10,1,2010-09-02,2010-09-02,0,Europe,167.0,1.74
18183,United Kingdom,2011-03-10,228,2,632.07,316.04,1,371.0,36,2,2011-03-10,2011-04-26,47,Europe,185.5,1.7
18184,United Kingdom,2011-11-24,16,1,49.8,49.8,0,60.0,1,1,2011-11-24,2011-11-24,0,Europe,60.0,0.83
18185,United Kingdom,2011-04-04,250,1,304.25,304.25,1,183.0,17,1,2011-04-04,2011-04-04,0,Europe,183.0,1.66
18186,United Kingdom,2009-12-17,723,1,329.58,329.58,1,338.0,11,1,2009-12-17,2009-12-17,0,Europe,338.0,0.98
18187,United Kingdom,2010-03-18,632,1,724.89,724.89,1,310.0,48,1,2010-03-18,2010-03-18,0,Europe,310.0,2.34
18188,United Kingdom,2010-03-26,16,6,3280.59,546.77,0,1888.0,95,6,2010-03-26,2011-11-24,608,Europe,314.67,1.74
18189,United Kingdom,2010-03-24,78,3,1403.73,467.91,0,836.0,79,3,2010-03-24,2011-09-23,548,Europe,278.67,1.68
18190,United Kingdom,2009-12-22,193,5,745.62,149.12,1,490.0,34,5,2009-12-22,2011-05-31,525,Europe,98.0,1.52
18191,United Kingdom,2010-08-19,262,2,529.4,264.7,1,332.0,15,2,2010-08-19,2011-03-23,216,Europe,166.0,1.59
18192,United Kingdom,2011-09-29,72,1,957.97,957.97,0,339.0,45,1,2011-09-29,2011-09-29,0,Europe,339.0,2.83
18193,United Kingdom,2010-09-23,166,3,1207.35,402.45,0,926.0,66,3,2010-09-23,2011-06-27,277,Europe,308.67,1.3
18194,United Kingdom,2010-01-28,83,6,4162.04,693.67,0,1774.0,23,6,2010-01-28,2011-09-18,598,Europe,295.67,2.35
18195,United Kingdom,2010-11-17,388,1,101.16,101.16,1,60.0,5,1,2010-11-17,2010-11-17,0,Europe,60.0,1.69
18196,United Kingdom,2010-03-17,96,4,1457.19,364.3,0,1038.0,210,4,2010-03-17,2011-09-05,537,Europe,259.5,1.4
18197,United Kingdom,2010-05-13,576,1,230.1,230.1,1,166.0,9,1,2010-05-13,2010-05-13,0,Europe,166.0,1.39
18198,United Kingdom,2011-01-07,5,17,5425.56,319.15,0,4074.0,81,17,2011-01-07,2011-12-05,332,Europe,239.65,1.33
18199,United Kingdom,2010-01-25,684,1,344.75,344.75,1,99.0,20,1,2010-01-25,2010-01-25,0,Europe,99.0,3.48
18200,United Kingdom,2011-08-25,107,1,150.35,150.35,1,104.0,29,1,2011-08-25,2011-08-25,0,Europe,104.0,1.45
18201,United Kingdom,2009-12-17,723,1,447.53,447.53,1,191.0,27,1,2009-12-17,2009-12-17,0,Europe,191.0,2.34
18202,United Kingdom,2011-02-01,200,3,1396.99,465.66,1,581.0,55,3,2011-02-01,2011-05-24,112,Europe,193.67,2.4
18203,United Kingdom,2009-12-08,158,4,492.52,123.13,0,111.0,40,4,2009-12-08,2011-07-05,574,Europe,27.75,4.44
18204,United Kingdom,2011-05-31,72,3,1975.35,658.45,0,1190.0,159,3,2011-05-31,2011-09-29,121,Europe,396.67,1.66
18205,United Kingdom,2011-09-26,37,2,517.36,258.68,0,192.0,30,2,2011-09-26,2011-11-03,38,Europe,96.0,2.69
18206,United Kingdom,2010-06-04,554,1,314.66,314.66,1,246.0,19,1,2010-06-04,2010-06-04,0,Europe,246.0,1.28
18207,United Kingdom,2010-07-28,500,1,544.47,544.47,1,325.0,31,1,2010-07-28,2010-07-28,0,Europe,325.0,1.68
18208,United Kingdom,2010-05-23,566,1,360.08,360.08,1,82.0,17,1,2010-05-23,2010-05-23,0,Europe,82.0,4.39
18209,United Kingdom,2011-11-11,29,1,139.1,139.1,0,58.0,8,1,2011-11-11,2011-11-11,0,Europe,58.0,2.4
18210,United Kingdom,2010-11-22,2,7,2768.83,395.55,0,1499.0,116,7,2010-11-22,2011-12-08,381,Europe,214.14,1.85
18211,United Kingdom,2011-03-06,26,5,600.07,120.01,0,359.0,37,5,2011-03-06,2011-11-14,253,Europe,71.8,1.67
18212,United Kingdom,2010-01-31,327,2,514.37,257.19,1,158.0,40,2,2010-01-31,2011-01-17,351,Europe,79.0,3.26
18213,United Kingdom,2011-04-17,237,1,232.48,232.48,1,232.0,15,1,2011-04-17,2011-04-17,0,Europe,232.0,1.0
18214,United Kingdom,2010-06-03,531,4,1780.34,445.09,1,989.0,38,4,2010-06-03,2010-06-27,24,Europe,247.25,1.8
18215,United Kingdom,2010-03-26,90,5,2232.49,446.5,0,1131.0,53,5,2010-03-26,2011-09-11,534,Europe,226.2,1.97
18216,United Kingdom,2011-11-08,32,1,481.75,481.75,0,200.0,26,1,2011-11-08,2011-11-08,0,Europe,200.0,2.41
18217,United Kingdom,2010-07-01,30,4,945.04,236.26,0,740.0,33,4,2010-07-01,2011-11-10,497,Europe,185.0,1.28
18218,United Kingdom,2010-02-17,212,4,1121.84,280.46,1,1028.0,25,4,2010-02-17,2011-05-12,449,Europe,257.0,1.09
18219,United Kingdom,2009-12-07,3,17,3352.7,197.22,0,1586.0,87,17,2009-12-07,2011-12-07,730,Europe,93.29,2.11
18220,United Kingdom,2009-12-15,227,6,1921.76,320.29,1,1352.0,17,6,2009-12-15,2011-04-27,498,Europe,225.33,1.42
18221,United Kingdom,2010-11-14,23,6,1424.94,237.49,0,1000.0,71,6,2010-11-14,2011-11-17,368,Europe,166.67,1.42
18222,United Kingdom,2011-09-08,93,1,443.0,443.0,1,335.0,19,1,2011-09-08,2011-09-08,0,Europe,335.0,1.32
18223,United Kingdom,2009-12-04,5,26,14000.85,538.49,0,6644.0,192,26,2009-12-04,2011-12-05,731,Europe,255.54,2.11
18224,United Kingdom,2011-03-21,264,1,158.95,158.95,1,69.0,10,1,2011-03-21,2011-03-21,0,Europe,69.0,2.3
18225,United Kingdom,2009-12-04,4,26,13014.8,500.57,0,7282.0,266,26,2009-12-04,2011-12-06,732,Europe,280.08,1.79
18226,United Kingdom,2010-03-05,45,26,11878.88,456.88,0,7883.0,299,26,2010-03-05,2011-10-26,600,Europe,303.19,1.51
18227,United Kingdom,2010-08-12,218,2,388.75,194.38,1,22.0,6,2,2010-08-12,2011-05-06,267,Europe,11.0,17.67
18228,United Kingdom,2011-09-21,57,2,779.9,389.95,0,238.0,23,2,2011-09-21,2011-10-14,23,Europe,119.0,3.28
18229,United Kingdom,2009-12-03,12,28,10150.51,362.52,0,3071.0,73,28,2009-12-03,2011-11-28,725,Europe,109.68,3.31
18230,United Kingdom,2010-07-02,10,9,4291.06,476.78,0,1996.0,42,9,2010-07-02,2011-11-30,516,Europe,221.78,2.15
18231,United Kingdom,2010-01-10,193,28,6854.17,244.79,1,2915.0,218,28,2010-01-10,2011-05-31,506,Europe,104.11,2.35
18232,United Kingdom,2011-05-26,82,4,592.97,148.24,0,302.0,31,4,2011-05-26,2011-09-19,116,Europe,75.5,1.96
18233,United Kingdom,2011-01-18,326,1,440.0,440.0,1,4.0,1,1,2011-01-18,2011-01-18,0,Europe,4.0,110.0
18234,United Kingdom,2010-06-06,552,1,179.6,179.6,1,80.0,30,1,2010-06-06,2010-06-06,0,Europe,80.0,2.25
18235,United Kingdom,2011-05-06,72,3,1796.48,598.83,0,1578.0,100,3,2011-05-06,2011-09-29,146,Europe,526.0,1.14
18236,United Kingdom,2010-04-15,30,12,1795.35,149.61,0,696.0,80,12,2010-04-15,2011-11-10,574,Europe,58.0,2.58
18237,United Kingdom,2011-07-28,3,5,987.1,197.42,0,622.0,40,5,2011-07-28,2011-12-07,132,Europe,124.4,1.59
18238,United Kingdom,2010-07-12,516,1,270.92,270.92,1,114.0,14,1,2010-07-12,2010-07-12,0,Europe,114.0,2.38
18239,United Kingdom,2010-10-13,219,6,1712.26,285.38,1,844.0,85,6,2010-10-13,2011-05-05,204,Europe,140.67,2.03
18240,United Kingdom,2011-10-24,47,1,422.58,422.58,0,126.0,6,1,2011-10-24,2011-10-24,0,Europe,126.0,3.35
18241,United Kingdom,2010-04-01,10,21,2986.99,142.24,0,1471.0,101,21,2010-04-01,2011-11-30,608,Europe,70.05,2.03
18242,United Kingdom,2010-01-11,73,8,3605.21,450.65,0,2021.0,113,8,2010-01-11,2011-09-28,625,Europe,252.63,1.78
18243,United Kingdom,2010-10-21,415,1,515.78,515.78,1,221.0,26,1,2010-10-21,2010-10-21,0,Europe,221.0,2.33
18244,United Kingdom,2010-07-25,431,2,568.64,284.32,1,856.0,19,2,2010-07-25,2010-10-05,72,Europe,428.0,0.66
18245,United Kingdom,2010-03-08,8,20,6324.98,316.25,0,5098.0,336,20,2010-03-08,2011-12-02,634,Europe,254.9,1.24
18246,United Kingdom,2010-04-09,24,3,758.82,252.94,0,214.0,3,3,2010-04-09,2011-11-16,586,Europe,71.33,3.55
18247,United Kingdom,2010-03-18,415,3,839.73,279.91,1,335.0,28,3,2010-03-18,2010-10-21,217,Europe,111.67,2.51
18248,United Kingdom,2011-06-06,123,2,804.02,402.01,1,511.0,39,2,2011-06-06,2011-08-09,64,Europe,255.5,1.57
18249,United Kingdom,2011-11-22,18,1,95.34,95.34,0,128.0,8,1,2011-11-22,2011-11-22,0,Europe,128.0,0.74
18250,United Kingdom,2011-02-02,311,1,349.27,349.27,1,199.0,21,1,2011-02-02,2011-02-02,0,Europe,199.0,1.76
18251,United Kingdom,2009-12-22,88,9,26278.86,2919.87,0,39639.0,87,9,2009-12-22,2011-09-13,630,Europe,4404.33,0.66
18252,United Kingdom,2009-12-18,51,7,1533.69,219.1,0,932.0,125,7,2009-12-18,2011-10-20,671,Europe,133.14,1.65
18253,United Kingdom,2010-03-07,643,1,317.88,317.88,1,128.0,7,1,2010-03-07,2010-03-07,0,Europe,128.0,2.48
18254,United Kingdom,2010-05-07,582,1,267.9,267.9,1,188.0,16,1,2010-05-07,2010-05-07,0,Europe,188.0,1.43
18255,United Kingdom,2010-09-09,90,2,303.15,151.58,0,201.0,16,2,2010-09-09,2011-09-11,367,Europe,100.5,1.51
18256,United Kingdom,2010-11-17,388,1,110.7,110.7,1,180.0,10,1,2010-11-17,2010-11-17,0,Europe,180.0,0.62
18257,United Kingdom,2010-02-18,40,12,4600.15,383.35,0,2369.0,219,12,2010-02-18,2011-10-31,620,Europe,197.42,1.94
18258,United Kingdom,2010-05-16,465,6,2059.67,343.28,1,1981.0,30,6,2010-05-16,2010-09-01,108,Europe,330.17,1.04
18259,United Kingdom,2009-12-08,25,7,3941.9,563.13,0,1274.0,51,7,2009-12-08,2011-11-15,707,Europe,182.0,3.09
18260,United Kingdom,2009-12-15,173,23,9947.26,432.49,0,5244.0,212,23,2009-12-15,2011-06-20,552,Europe,228.0,1.9
18261,United Kingdom,2011-09-05,44,2,324.24,162.12,0,146.0,19,2,2011-09-05,2011-10-27,52,Europe,73.0,2.22
18262,United Kingdom,2010-04-16,141,3,577.54,192.51,0,552.0,40,3,2010-04-16,2011-07-22,462,Europe,184.0,1.05
18263,United Kingdom,2011-04-01,26,3,1213.16,404.39,0,1468.0,59,3,2011-04-01,2011-11-14,227,Europe,489.33,0.83
18264,United Kingdom,2010-07-29,499,1,603.25,603.25,1,241.0,36,1,2010-07-29,2010-07-29,0,Europe,241.0,2.5
18265,United Kingdom,2011-07-04,73,2,801.51,400.76,0,311.0,44,2,2011-07-04,2011-09-28,86,Europe,155.5,2.58
18266,United Kingdom,2010-10-01,435,1,251.1,251.1,1,138.0,14,1,2010-10-01,2010-10-01,0,Europe,138.0,1.82
18267,United Kingdom,2010-02-05,673,1,269.37,269.37,1,135.0,17,1,2010-02-05,2010-02-05,0,Europe,135.0,2.0
18268,United Kingdom,2009-12-11,135,6,1490.23,248.37,0,711.0,36,6,2009-12-11,2011-07-28,594,Europe,118.5,2.1
18269,United Kingdom,2010-12-08,367,1,168.6,168.6,1,76.0,7,1,2010-12-08,2010-12-08,0,Europe,76.0,2.22
18270,United Kingdom,2010-10-03,39,3,444.55,148.18,0,209.0,17,3,2010-10-03,2011-11-01,394,Europe,69.67,2.13
18271,United Kingdom,2009-12-08,610,2,680.85,340.43,1,319.0,19,2,2009-12-08,2010-04-09,122,Europe,159.5,2.13
18272,United Kingdom,2010-03-04,3,9,4385.98,487.33,0,2880.0,145,9,2010-03-04,2011-12-07,643,Europe,320.0,1.52
18273,United Kingdom,2010-04-28,3,4,357.0,89.25,0,140.0,1,4,2010-04-28,2011-12-07,588,Europe,35.0,2.55
18274,United Kingdom,2011-11-09,31,1,175.92,175.92,0,88.0,11,1,2011-11-09,2011-11-09,0,Europe,88.0,2.0
18275,United Kingdom,2009-12-08,579,2,741.85,370.93,1,417.0,19,2,2009-12-08,2010-05-10,153,Europe,208.5,1.78
18276,United Kingdom,2009-12-10,44,6,1656.52,276.09,0,1246.0,81,6,2009-12-10,2011-10-27,686,Europe,207.67,1.33
18277,United Kingdom,2010-08-02,59,5,1180.05,236.01,0,449.0,53,5,2010-08-02,2011-10-12,436,Europe,89.8,2.63
18278,United Kingdom,2010-10-31,74,2,414.2,207.1,0,140.0,22,2,2010-10-31,2011-09-27,331,Europe,70.0,2.96
18279,United Kingdom,2010-07-08,520,1,231.34,231.34,1,630.0,13,1,2010-07-08,2010-07-08,0,Europe,630.0,0.37
18280,United Kingdom,2010-11-10,278,2,488.15,244.08,1,194.0,28,2,2010-11-10,2011-03-07,117,Europe,97.0,2.52
18281,United Kingdom,2010-05-11,181,2,201.14,100.57,1,146.0,17,2,2010-05-11,2011-06-12,397,Europe,73.0,1.38
18282,United Kingdom,2011-08-05,8,2,178.05,89.03,0,103.0,12,2,2011-08-05,2011-12-02,119,Europe,51.5,1.73
18283,United Kingdom,2010-02-19,4,22,2664.9,121.13,0,1679.0,352,22,2010-02-19,2011-12-06,655,Europe,76.32,1.59
18284,United Kingdom,2010-10-04,432,1,461.68,461.68,1,494.0,28,1,2010-10-04,2010-10-04,0,Europe,494.0,0.93
18285,United Kingdom,2010-02-17,661,1,427.0,427.0,1,145.0,12,1,2010-02-17,2010-02-17,0,Europe,145.0,2.94
18286,United Kingdom,2009-12-16,477,2,1296.43,648.22,1,608.0,67,2,2009-12-16,2010-08-20,247,Europe,304.0,2.13
18287,United Kingdom,2010-05-17,43,7,4182.99,597.57,0,3013.0,120,7,2010-05-17,2011-10-28,529,Europe,430.43,1.39
